codigo_ibge;nome;codigo_uf;uf;estado;regiao;capital;latitude;longitude;siafi_id;ddd;fuso_horario
1100015;Alta Floresta D'Oeste;11;RO;Rondônia;Norte;0;-11.9283;-61.9953;0033;69;America/Porto_Velho
1100023;Ariquemes;11;RO;Rondônia;Norte;0;-9.90571;-63.0325;0007;69;America/Porto_Velho
1100031;Cabixi;11;RO;Rondônia;Norte;0;-13.4945;-60.552;0037;69;America/Porto_Velho
1100049;Cacoal;11;RO;Rondônia;Norte;0;-11.4343;-61.4562;0009;69;America/Porto_Velho
1100056;Cerejeiras;11;RO;Rondônia;Norte;0;-13.187;-60.8168;0027;69;America/Porto_Velho
1100064;Colorado do Oeste;11;RO;Rondônia;Norte;0;-13.1174;-60.5454;0023;69;America/Porto_Velho
1100072;Corumbiara;11;RO;Rondônia;Norte;0;-12.9551;-60.8947;0981;69;America/Porto_Velho
1100080;Costa Marques;11;RO;Rondônia;Norte;0;-12.4367;-64.228;0021;69;America/Porto_Velho
1100098;Espigão D'Oeste;11;RO;Rondônia;Norte;0;-11.5266;-61.0252;0025;69;America/Porto_Velho
1100106;Guajará-Mirim;11;RO;Rondônia;Norte;0;-10.7889;-65.3296;0001;69;America/Porto_Velho
1100114;Jaru;11;RO;Rondônia;Norte;0;-10.4318;-62.4788;0015;69;America/Porto_Velho
1100122;Ji-Paraná;11;RO;Rondônia;Norte;0;-10.8777;-61.9322;0005;69;America/Porto_Velho
1100130;Machadinho D'Oeste;11;RO;Rondônia;Norte;0;-9.44363;-61.9818;0039;69;America/Porto_Velho
1100148;Nova Brasilândia D'Oeste;11;RO;Rondônia;Norte;0;-11.7247;-62.3127;0041;69;America/Porto_Velho
1100155;Ouro Preto do Oeste;11;RO;Rondônia;Norte;0;-10.7167;-62.2565;0017;69;America/Porto_Velho
1100189;Pimenta Bueno;11;RO;Rondônia;Norte;0;-11.672;-61.198;0011;69;America/Porto_Velho
1100205;Porto Velho;11;RO;Rondônia;Norte;1;-8.76077;-63.8999;0003;69;America/Porto_Velho
1100254;Presidente Médici;11;RO;Rondônia;Norte;0;-11.169;-61.8986;0019;69;America/Porto_Velho
1100262;Rio Crespo;11;RO;Rondônia;Norte;0;-9.69965;-62.9011;0687;69;America/Porto_Velho
1100288;Rolim de Moura;11;RO;Rondônia;Norte;0;-11.7271;-61.7714;0029;69;America/Porto_Velho
1100296;Santa Luzia D'Oeste;11;RO;Rondônia;Norte;0;-11.9074;-61.7777;0043;69;America/Porto_Velho
1100304;Vilhena;11;RO;Rondônia;Norte;0;-12.7502;-60.1488;0013;69;America/Porto_Velho
1100320;São Miguel do Guaporé;11;RO;Rondônia;Norte;0;-11.6953;-62.7192;0045;69;America/Porto_Velho
1100338;Nova Mamoré;11;RO;Rondônia;Norte;0;-10.4077;-65.3346;0047;69;America/Porto_Velho
1100346;Alvorada D'Oeste;11;RO;Rondônia;Norte;0;-11.3463;-62.2847;0035;69;America/Porto_Velho
1100379;Alto Alegre dos Parecis;11;RO;Rondônia;Norte;0;-12.132;-61.835;0002;69;America/Porto_Velho
1100403;Alto Paraíso;11;RO;Rondônia;Norte;0;-9.71429;-63.3188;0675;69;America/Porto_Velho
1100452;Buritis;11;RO;Rondônia;Norte;0;-10.1943;-63.8324;0004;69;America/Porto_Velho
1100502;Novo Horizonte do Oeste;11;RO;Rondônia;Norte;0;-11.6961;-61.9951;0689;69;America/Porto_Velho
1100601;Cacaulândia;11;RO;Rondônia;Norte;0;-10.349;-62.9043;0677;69;America/Porto_Velho
1100700;Campo Novo de Rondônia;11;RO;Rondônia;Norte;0;-10.5712;-63.6266;0679;69;America/Porto_Velho
1100809;Candeias do Jamari;11;RO;Rondônia;Norte;0;-8.7907;-63.7005;0681;69;America/Porto_Velho
1100908;Castanheiras;11;RO;Rondônia;Norte;0;-11.4253;-61.9482;0691;69;America/Porto_Velho
1100924;Chupinguaia;11;RO;Rondônia;Norte;0;-12.5611;-60.8877;0006;69;America/Porto_Velho
1100940;Cujubim;11;RO;Rondônia;Norte;0;-9.36065;-62.5846;0008;69;America/Porto_Velho
1101005;Governador Jorge Teixeira;11;RO;Rondônia;Norte;0;-10.61;-62.7371;0693;69;America/Porto_Velho
1101104;Itapuã do Oeste;11;RO;Rondônia;Norte;0;-9.19687;-63.1809;0683;69;America/Porto_Velho
1101203;Ministro Andreazza;11;RO;Rondônia;Norte;0;-11.196;-61.5174;0695;69;America/Porto_Velho
1101302;Mirante da Serra;11;RO;Rondônia;Norte;0;-11.029;-62.6696;0697;69;America/Porto_Velho
1101401;Monte Negro;11;RO;Rondônia;Norte;0;-10.2458;-63.29;0685;69;America/Porto_Velho
1101435;Nova União;11;RO;Rondônia;Norte;0;-10.9068;-62.5564;0010;69;America/Porto_Velho
1101450;Parecis;11;RO;Rondônia;Norte;0;-12.1754;-61.6032;0012;69;America/Porto_Velho
1101468;Pimenteiras do Oeste;11;RO;Rondônia;Norte;0;-13.4823;-61.0471;0014;69;America/Porto_Velho
1101476;Primavera de Rondônia;11;RO;Rondônia;Norte;0;-11.8295;-61.3153;0016;69;America/Porto_Velho
1101484;São Felipe D'Oeste;11;RO;Rondônia;Norte;0;-11.9023;-61.5026;0018;69;America/Porto_Velho
1101492;São Francisco do Guaporé;11;RO;Rondônia;Norte;0;-12.052;-63.568;0020;69;America/Porto_Velho
1101500;Seringueiras;11;RO;Rondônia;Norte;0;-11.8055;-63.0182;0699;69;America/Porto_Velho
1101559;Teixeirópolis;11;RO;Rondônia;Norte;0;-10.9056;-62.242;0022;69;America/Porto_Velho
1101609;Theobroma;11;RO;Rondônia;Norte;0;-10.2483;-62.3538;0975;69;America/Porto_Velho
1101708;Urupá;11;RO;Rondônia;Norte;0;-11.1261;-62.3639;0977;69;America/Porto_Velho
1101757;Vale do Anari;11;RO;Rondônia;Norte;0;-9.86215;-62.1876;0024;69;America/Porto_Velho
1101807;Vale do Paraíso;11;RO;Rondônia;Norte;0;-10.4465;-62.1352;0979;69;America/Porto_Velho
1200013;Acrelândia;12;AC;Acre;Norte;0;-9.82581;-66.8972;0643;68;America/Rio_Branco
1200054;Assis Brasil;12;AC;Acre;Norte;0;-10.9298;-69.5738;0157;68;America/Rio_Branco
1200104;Brasiléia;12;AC;Acre;Norte;0;-10.995;-68.7497;0105;68;America/Rio_Branco
1200138;Bujari;12;AC;Acre;Norte;0;-9.81528;-67.955;0645;68;America/Rio_Branco
1200179;Capixaba;12;AC;Acre;Norte;0;-10.566;-67.686;0647;68;America/Rio_Branco
1200203;Cruzeiro do Sul;12;AC;Acre;Norte;0;-7.62762;-72.6756;0107;68;America/Rio_Branco
1200252;Epitaciolândia;12;AC;Acre;Norte;0;-11.0188;-68.7341;0651;68;America/Rio_Branco
1200302;Feijó;12;AC;Acre;Norte;0;-8.17054;-70.351;0113;68;America/Rio_Branco
1200328;Jordão;12;AC;Acre;Norte;0;-9.1908;-71.9503;0653;68;America/Rio_Branco
1200336;Mâncio Lima;12;AC;Acre;Norte;0;-7.61657;-72.8997;0109;68;America/Rio_Branco
1200344;Manoel Urbano;12;AC;Acre;Norte;0;-8.83291;-69.2679;0155;68;America/Rio_Branco
1200351;Marechal Thaumaturgo;12;AC;Acre;Norte;0;-8.93898;-72.7997;0655;68;America/Rio_Branco
1200385;Plácido de Castro;12;AC;Acre;Norte;0;-10.2806;-67.1371;0151;68;America/Rio_Branco
1200393;Porto Walter;12;AC;Acre;Norte;0;-8.26323;-72.7537;0657;68;America/Rio_Branco
1200401;Rio Branco;12;AC;Acre;Norte;1;-9.97499;-67.8243;0139;68;America/Rio_Branco
1200427;Rodrigues Alves;12;AC;Acre;Norte;0;-7.73864;-72.661;0659;68;America/Rio_Branco
1200435;Santa Rosa do Purus;12;AC;Acre;Norte;0;-9.44652;-70.4902;0661;68;America/Rio_Branco
1200450;Senador Guiomard;12;AC;Acre;Norte;0;-10.1497;-67.7362;0153;68;America/Rio_Branco
1200500;Sena Madureira;12;AC;Acre;Norte;0;-9.06596;-68.6571;0145;68;America/Rio_Branco
1200609;Tarauacá;12;AC;Acre;Norte;0;-8.15697;-70.7722;0147;68;America/Rio_Branco
1200708;Xapuri;12;AC;Acre;Norte;0;-10.6516;-68.4969;0149;68;America/Rio_Branco
1200807;Porto Acre;12;AC;Acre;Norte;0;-9.58138;-67.5478;0649;68;America/Rio_Branco
1300029;Alvarães;13;AM;Amazonas;Norte;0;-3.22727;-64.8007;0289;97;America/Porto_Velho
1300060;Amaturá;13;AM;Amazonas;Norte;0;-3.37455;-68.2005;0291;97;America/Porto_Velho
1300086;Anamã;13;AM;Amazonas;Norte;0;-3.56697;-61.3963;0293;97;America/Porto_Velho
1300102;Anori;13;AM;Amazonas;Norte;0;-3.74603;-61.6575;0203;97;America/Porto_Velho
1300144;Apuí;13;AM;Amazonas;Norte;0;-7.19409;-59.896;0969;97;America/Porto_Velho
1300201;Atalaia do Norte;13;AM;Amazonas;Norte;0;-4.37055;-70.1967;0205;97;America/Rio_Branco
1300300;Autazes;13;AM;Amazonas;Norte;0;-3.58574;-59.1256;0207;92;America/Porto_Velho
1300409;Barcelos;13;AM;Amazonas;Norte;0;-0.983373;-62.9311;0209;97;America/Porto_Velho
1300508;Barreirinha;13;AM;Amazonas;Norte;0;-2.79886;-57.0679;0211;92;America/Porto_Velho
1300607;Benjamin Constant;13;AM;Amazonas;Norte;0;-4.37768;-70.0342;0213;97;America/Rio_Branco
1300631;Beruri;13;AM;Amazonas;Norte;0;-3.89874;-61.3616;0295;97;America/Porto_Velho
1300680;Boa Vista do Ramos;13;AM;Amazonas;Norte;0;-2.97409;-57.5873;0297;92;America/Porto_Velho
1300706;Boca do Acre;13;AM;Amazonas;Norte;0;-8.74232;-67.3919;0215;97;America/Rio_Branco
1300805;Borba;13;AM;Amazonas;Norte;0;-4.39154;-59.5874;0217;92;America/Porto_Velho
1300839;Caapiranga;13;AM;Amazonas;Norte;0;-3.31537;-61.2206;0299;92;America/Porto_Velho
1300904;Canutama;13;AM;Amazonas;Norte;0;-6.52582;-64.3953;0219;97;America/Porto_Velho
1301001;Carauari;13;AM;Amazonas;Norte;0;-4.88161;-66.9086;0221;97;America/Porto_Velho
1301100;Careiro;13;AM;Amazonas;Norte;0;-3.76803;-60.369;0223;92;America/Porto_Velho
1301159;Careiro da Várzea;13;AM;Amazonas;Norte;0;-3.314;-59.5557;0965;92;America/Porto_Velho
1301209;Coari;13;AM;Amazonas;Norte;0;-4.09412;-63.1441;0225;97;America/Porto_Velho
1301308;Codajás;13;AM;Amazonas;Norte;0;-3.83053;-62.0658;0227;97;America/Porto_Velho
1301407;Eirunepé;13;AM;Amazonas;Norte;0;-6.65677;-69.8662;0229;97;America/Rio_Branco
1301506;Envira;13;AM;Amazonas;Norte;0;-7.43789;-70.0281;0231;97;America/Rio_Branco
1301605;Fonte Boa;13;AM;Amazonas;Norte;0;-2.52342;-66.0942;0233;97;America/Porto_Velho
1301654;Guajará;13;AM;Amazonas;Norte;0;-7.53797;-72.5907;0967;97;America/Rio_Branco
1301704;Humaitá;13;AM;Amazonas;Norte;0;-7.51171;-63.0327;0235;97;America/Porto_Velho
1301803;Ipixuna;13;AM;Amazonas;Norte;0;-7.04791;-71.6934;0239;97;America/Rio_Branco
1301852;Iranduba;13;AM;Amazonas;Norte;0;-3.27479;-60.19;9835;92;America/Porto_Velho
1301902;Itacoatiara;13;AM;Amazonas;Norte;0;-3.13861;-58.4449;0241;92;America/Porto_Velho
1301951;Itamarati;13;AM;Amazonas;Norte;0;-6.43852;-68.2437;9837;97;America/Rio_Branco
1302009;Itapiranga;13;AM;Amazonas;Norte;0;-2.74081;-58.0293;0243;92;America/Porto_Velho
1302108;Japurá;13;AM;Amazonas;Norte;0;-1.88237;-66.9291;0245;97;America/Porto_Velho
1302207;Juruá;13;AM;Amazonas;Norte;0;-3.48438;-66.0718;0247;97;America/Porto_Velho
1302306;Jutaí;13;AM;Amazonas;Norte;0;-2.75814;-66.7595;0249;97;America/Rio_Branco
1302405;Lábrea;13;AM;Amazonas;Norte;0;-7.26413;-64.7948;0251;97;America/Rio_Branco
1302504;Manacapuru;13;AM;Amazonas;Norte;0;-3.29066;-60.6216;0253;92;America/Porto_Velho
1302553;Manaquiri;13;AM;Amazonas;Norte;0;-3.44078;-60.4612;9839;92;America/Porto_Velho
1302603;Manaus;13;AM;Amazonas;Norte;1;-3.11866;-60.0212;0255;92;America/Porto_Velho
1302702;Manicoré;13;AM;Amazonas;Norte;0;-5.80462;-61.2895;0257;97;America/Porto_Velho
1302801;Maraã;13;AM;Amazonas;Norte;0;-1.85313;-65.573;0259;97;America/Porto_Velho
1302900;Maués;13;AM;Amazonas;Norte;0;-3.39289;-57.7067;0261;92;America/Porto_Velho
1303007;Nhamundá;13;AM;Amazonas;Norte;0;-2.20793;-56.7112;0263;92;America/Porto_Velho
1303106;Nova Olinda do Norte;13;AM;Amazonas;Norte;0;-3.90037;-59.094;0265;92;America/Porto_Velho
1303205;Novo Airão;13;AM;Amazonas;Norte;0;-2.63637;-60.9434;0201;92;America/Porto_Velho
1303304;Novo Aripuanã;13;AM;Amazonas;Norte;0;-5.12593;-60.3732;0267;97;America/Porto_Velho
1303403;Parintins;13;AM;Amazonas;Norte;0;-2.63741;-56.729;0269;92;America/Porto_Velho
1303502;Pauini;13;AM;Amazonas;Norte;0;-7.71311;-66.992;0271;97;America/Rio_Branco
1303536;Presidente Figueiredo;13;AM;Amazonas;Norte;0;-2.02981;-60.0234;9841;92;America/Porto_Velho
1303569;Rio Preto da Eva;13;AM;Amazonas;Norte;0;-2.7045;-59.6858;9843;92;America/Porto_Velho
1303601;Santa Isabel do Rio Negro;13;AM;Amazonas;Norte;0;-0.410824;-65.0092;0237;97;America/Porto_Velho
1303700;Santo Antônio do Içá;13;AM;Amazonas;Norte;0;-3.09544;-67.9463;0273;97;America/Porto_Velho
1303809;São Gabriel da Cachoeira;13;AM;Amazonas;Norte;0;-0.11909;-67.084;0283;97;America/Porto_Velho
1303908;São Paulo de Olivença;13;AM;Amazonas;Norte;0;-3.47292;-68.9646;0275;97;America/Rio_Branco
1303957;São Sebastião do Uatumã;13;AM;Amazonas;Norte;0;-2.55915;-57.8731;9845;92;America/Porto_Velho
1304005;Silves;13;AM;Amazonas;Norte;0;-2.81748;-58.248;0277;92;America/Porto_Velho
1304062;Tabatinga;13;AM;Amazonas;Norte;0;-4.2416;-69.9383;9847;97;America/Rio_Branco
1304104;Tapauá;13;AM;Amazonas;Norte;0;-5.62085;-63.1808;0279;97;America/Porto_Velho
1304203;Tefé;13;AM;Amazonas;Norte;0;-3.36822;-64.7193;0281;97;America/Porto_Velho
1304237;Tonantins;13;AM;Amazonas;Norte;0;-2.86582;-67.7919;9851;97;America/Porto_Velho
1304260;Uarini;13;AM;Amazonas;Norte;0;-2.99609;-65.1133;9849;97;America/Porto_Velho
1304302;Urucará;13;AM;Amazonas;Norte;0;-2.52936;-57.7538;0285;92;America/Porto_Velho
1304401;Urucurituba;13;AM;Amazonas;Norte;0;-3.12841;-58.1496;0287;92;America/Porto_Velho
1400027;Amajari;14;RR;Roraima;Norte;0;3.64571;-61.3692;0026;95;America/Porto_Velho
1400050;Alto Alegre;14;RR;Roraima;Norte;0;2.98858;-61.3072;0305;95;America/Porto_Velho
1400100;Boa Vista;14;RR;Roraima;Norte;1;2.82384;-60.6753;0301;95;America/Porto_Velho
1400159;Bonfim;14;RR;Roraima;Norte;0;3.36161;-59.8333;0307;95;America/Porto_Velho
1400175;Cantá;14;RR;Roraima;Norte;0;2.60994;-60.6058;0028;95;America/Porto_Velho
1400209;Caracaraí;14;RR;Roraima;Norte;0;1.82766;-61.1304;0303;95;America/Porto_Velho
1400233;Caroebe;14;RR;Roraima;Norte;0;0.884203;-59.6959;0030;95;America/Porto_Velho
1400282;Iracema;14;RR;Roraima;Norte;0;2.18305;-61.0415;0032;95;America/Porto_Velho
1400308;Mucajaí;14;RR;Roraima;Norte;0;2.43998;-60.9096;0309;95;America/Porto_Velho
1400407;Normandia;14;RR;Roraima;Norte;0;3.8853;-59.6204;0311;95;America/Porto_Velho
1400456;Pacaraima;14;RR;Roraima;Norte;0;4.4799;-61.1477;0034;95;America/Porto_Velho
1400472;Rorainópolis;14;RR;Roraima;Norte;0;0.939956;-60.4389;0036;95;America/Porto_Velho
1400506;São João da Baliza;14;RR;Roraima;Norte;0;0.951659;-59.9133;0313;95;America/Porto_Velho
1400605;São Luiz;14;RR;Roraima;Norte;0;1.01019;-60.0419;0315;95;America/Porto_Velho
1400704;Uiramutã;14;RR;Roraima;Norte;0;4.60314;-60.1815;0038;95;America/Porto_Velho
1500107;Abaetetuba;15;PA;Pará;Norte;0;-1.72183;-48.8788;0401;91;America/Sao_Paulo
1500131;Abel Figueiredo;15;PA;Pará;Norte;0;-4.95333;-48.3933;0375;94;America/Sao_Paulo
1500206;Acará;15;PA;Pará;Norte;0;-1.95383;-48.1985;0403;91;America/Sao_Paulo
1500305;Afuá;15;PA;Pará;Norte;0;-0.154874;-50.3861;0405;91;America/Sao_Paulo
1500347;Água Azul do Norte;15;PA;Pará;Norte;0;-6.79053;-50.4791;0383;94;America/Sao_Paulo
1500404;Alenquer;15;PA;Pará;Norte;0;-1.94623;-54.7384;0407;93;America/Sao_Paulo
1500503;Almeirim;15;PA;Pará;Norte;0;-1.52904;-52.5788;0409;93;America/Sao_Paulo
1500602;Altamira;15;PA;Pará;Norte;0;-3.20407;-52.21;0411;93;America/Sao_Paulo
1500701;Anajás;15;PA;Pará;Norte;0;-0.996811;-49.9354;0413;91;America/Sao_Paulo
1500800;Ananindeua;15;PA;Pará;Norte;0;-1.36391;-48.3743;0415;91;America/Sao_Paulo
1500859;Anapu;15;PA;Pará;Norte;0;-3.46985;-51.2003;0040;91;America/Sao_Paulo
1500909;Augusto Corrêa;15;PA;Pará;Norte;0;-1.05109;-46.6147;0417;91;America/Sao_Paulo
1500958;Aurora do Pará;15;PA;Pará;Norte;0;-2.14898;-47.5677;0389;91;America/Sao_Paulo
1501006;Aveiro;15;PA;Pará;Norte;0;-3.60841;-55.3199;0419;93;America/Sao_Paulo
1501105;Bagre;15;PA;Pará;Norte;0;-1.90057;-50.1987;0421;91;America/Sao_Paulo
1501204;Baião;15;PA;Pará;Norte;0;-2.79021;-49.6694;0423;91;America/Sao_Paulo
1501253;Bannach;15;PA;Pará;Norte;0;-7.34779;-50.3959;0042;94;America/Sao_Paulo
1501303;Barcarena;15;PA;Pará;Norte;0;-1.51187;-48.6195;0425;91;America/Sao_Paulo
1501402;Belém;15;PA;Pará;Norte;1;-1.4554;-48.4898;0427;91;America/Sao_Paulo
1501451;Belterra;15;PA;Pará;Norte;0;-2.63609;-54.9374;0044;93;America/Sao_Paulo
1501501;Benevides;15;PA;Pará;Norte;0;-1.36183;-48.2434;0429;91;America/Sao_Paulo
1501576;Bom Jesus do Tocantins;15;PA;Pará;Norte;0;-5.0424;-48.6047;0575;94;America/Sao_Paulo
1501600;Bonito;15;PA;Pará;Norte;0;-1.36745;-47.3066;0431;91;America/Sao_Paulo
1501709;Bragança;15;PA;Pará;Norte;0;-1.06126;-46.7826;0433;91;America/Sao_Paulo
1501725;Brasil Novo;15;PA;Pará;Norte;0;-3.29792;-52.534;0639;93;America/Sao_Paulo
1501758;Brejo Grande do Araguaia;15;PA;Pará;Norte;0;-5.69822;-48.4103;0577;94;America/Sao_Paulo
1501782;Breu Branco;15;PA;Pará;Norte;0;-3.77191;-49.5735;0625;94;America/Sao_Paulo
1501808;Breves;15;PA;Pará;Norte;0;-1.68036;-50.4791;0435;91;America/Sao_Paulo
1501907;Bujaru;15;PA;Pará;Norte;0;-1.51762;-48.0381;0437;91;America/Sao_Paulo
1501956;Cachoeira do Piriá;15;PA;Pará;Norte;0;-1.75974;-46.5459;0046;91;America/Sao_Paulo
1502004;Cachoeira do Arari;15;PA;Pará;Norte;0;-1.01226;-48.9503;0439;91;America/Sao_Paulo
1502103;Cametá;15;PA;Pará;Norte;0;-2.24295;-49.4979;0441;91;America/Sao_Paulo
1502152;Canaã dos Carajás;15;PA;Pará;Norte;0;-6.49659;-49.8776;0048;94;America/Sao_Paulo
1502202;Capanema;15;PA;Pará;Norte;0;-1.20529;-47.1778;0443;91;America/Sao_Paulo
1502301;Capitão Poço;15;PA;Pará;Norte;0;-1.74785;-47.0629;0445;91;America/Sao_Paulo
1502400;Castanhal;15;PA;Pará;Norte;0;-1.29797;-47.9167;0447;91;America/Sao_Paulo
1502509;Chaves;15;PA;Pará;Norte;0;-0.164154;-49.987;0449;91;America/Sao_Paulo
1502608;Colares;15;PA;Pará;Norte;0;-0.936423;-48.2803;0451;91;America/Sao_Paulo
1502707;Conceição do Araguaia;15;PA;Pará;Norte;0;-8.26136;-49.2689;0453;94;America/Sao_Paulo
1502756;Concórdia do Pará;15;PA;Pará;Norte;0;-1.99238;-47.9422;0579;91;America/Sao_Paulo
1502764;Cumaru do Norte;15;PA;Pará;Norte;0;-7.81097;-50.7698;0385;94;America/Sao_Paulo
1502772;Curionópolis;15;PA;Pará;Norte;0;-6.09965;-49.6068;0581;94;America/Sao_Paulo
1502806;Curralinho;15;PA;Pará;Norte;0;-1.81179;-49.7952;0455;91;America/Sao_Paulo
1502855;Curuá;15;PA;Pará;Norte;0;-1.88775;-55.1168;0050;93;America/Sao_Paulo
1502905;Curuçá;15;PA;Pará;Norte;0;-0.733214;-47.8515;0457;91;America/Sao_Paulo
1502939;Dom Eliseu;15;PA;Pará;Norte;0;-4.19944;-47.8245;0583;94;America/Sao_Paulo
1502954;Eldorado do Carajás;15;PA;Pará;Norte;0;-6.10389;-49.3553;0377;94;America/Sao_Paulo
1503002;Faro;15;PA;Pará;Norte;0;-2.16805;-56.7405;0459;93;America/Sao_Paulo
1503044;Floresta do Araguaia;15;PA;Pará;Norte;0;-7.55335;-49.7125;0052;94;America/Sao_Paulo
1503077;Garrafão do Norte;15;PA;Pará;Norte;0;-1.92986;-47.0505;0585;91;America/Sao_Paulo
1503093;Goianésia do Pará;15;PA;Pará;Norte;0;-3.84338;-49.0974;0627;94;America/Sao_Paulo
1503101;Gurupá;15;PA;Pará;Norte;0;-1.41412;-51.6338;0461;91;America/Sao_Paulo
1503200;Igarapé-Açu;15;PA;Pará;Norte;0;-1.12539;-47.626;0463;91;America/Sao_Paulo
1503309;Igarapé-Miri;15;PA;Pará;Norte;0;-1.97533;-48.9575;0465;91;America/Sao_Paulo
1503408;Inhangapi;15;PA;Pará;Norte;0;-1.4349;-47.9114;0467;91;America/Sao_Paulo
1503457;Ipixuna do Pará;15;PA;Pará;Norte;0;-2.55992;-47.5059;0621;91;America/Sao_Paulo
1503507;Irituia;15;PA;Pará;Norte;0;-1.76984;-47.446;0469;91;America/Sao_Paulo
1503606;Itaituba;15;PA;Pará;Norte;0;-4.2667;-55.9926;0471;93;America/Sao_Paulo
1503705;Itupiranga;15;PA;Pará;Norte;0;-5.13272;-49.3358;0473;94;America/Sao_Paulo
1503754;Jacareacanga;15;PA;Pará;Norte;0;-6.21469;-57.7544;0631;93;America/Sao_Paulo
1503804;Jacundá;15;PA;Pará;Norte;0;-4.44617;-49.1153;0475;94;America/Sao_Paulo
1503903;Juruti;15;PA;Pará;Norte;0;-2.16347;-56.0889;0477;93;America/Sao_Paulo
1504000;Limoeiro do Ajuru;15;PA;Pará;Norte;0;-1.8985;-49.3903;0479;91;America/Sao_Paulo
1504059;Mãe do Rio;15;PA;Pará;Norte;0;-2.05683;-47.5601;0587;91;America/Sao_Paulo
1504109;Magalhães Barata;15;PA;Pará;Norte;0;-0.803391;-47.6014;0481;91;America/Sao_Paulo
1504208;Marabá;15;PA;Pará;Norte;0;-5.38075;-49.1327;0483;94;America/Sao_Paulo
1504307;Maracanã;15;PA;Pará;Norte;0;-0.778899;-47.452;0485;91;America/Sao_Paulo
1504406;Marapanim;15;PA;Pará;Norte;0;-0.714702;-47.7034;0487;91;America/Sao_Paulo
1504422;Marituba;15;PA;Pará;Norte;0;-1.36002;-48.3421;0054;91;America/Sao_Paulo
1504455;Medicilândia;15;PA;Pará;Norte;0;-3.44637;-52.8875;0589;93;America/Sao_Paulo
1504505;Melgaço;15;PA;Pará;Norte;0;-1.8032;-50.7149;0489;91;America/Sao_Paulo
1504604;Mocajuba;15;PA;Pará;Norte;0;-2.5831;-49.5042;0491;91;America/Sao_Paulo
1504703;Moju;15;PA;Pará;Norte;0;-1.88993;-48.7668;0493;91;America/Sao_Paulo
1504752;Mojuí dos Campos;15;PA;Pará;Norte;0;-2.6822;-54.6425;1190;93;America/Sao_Paulo
1504802;Monte Alegre;15;PA;Pará;Norte;0;-1.99768;-54.0724;0495;93;America/Sao_Paulo
1504901;Muaná;15;PA;Pará;Norte;0;-1.53936;-49.2224;0497;91;America/Sao_Paulo
1504950;Nova Esperança do Piriá;15;PA;Pará;Norte;0;-2.26693;-46.9731;0391;91;America/Sao_Paulo
1504976;Nova Ipixuna;15;PA;Pará;Norte;0;-4.91622;-49.0822;0056;94;America/Sao_Paulo
1505007;Nova Timboteua;15;PA;Pará;Norte;0;-1.20874;-47.3921;0499;91;America/Sao_Paulo
1505031;Novo Progresso;15;PA;Pará;Norte;0;-7.14347;-55.3786;0633;93;America/Sao_Paulo
1505064;Novo Repartimento;15;PA;Pará;Norte;0;-4.24749;-49.9499;0629;94;America/Sao_Paulo
1505106;Óbidos;15;PA;Pará;Norte;0;-1.90107;-55.5208;0501;93;America/Sao_Paulo
1505205;Oeiras do Pará;15;PA;Pará;Norte;0;-2.00358;-49.8628;0503;91;America/Sao_Paulo
1505304;Oriximiná;15;PA;Pará;Norte;0;-1.75989;-55.8579;0505;93;America/Sao_Paulo
1505403;Ourém;15;PA;Pará;Norte;0;-1.54168;-47.1126;0507;91;America/Sao_Paulo
1505437;Ourilândia do Norte;15;PA;Pará;Norte;0;-6.7529;-51.0858;0591;94;America/Sao_Paulo
1505486;Pacajá;15;PA;Pará;Norte;0;-3.83542;-50.6399;0593;91;America/Sao_Paulo
1505494;Palestina do Pará;15;PA;Pará;Norte;0;-5.74027;-48.3181;0379;94;America/Sao_Paulo
1505502;Paragominas;15;PA;Pará;Norte;0;-3.00212;-47.3527;0509;91;America/Sao_Paulo
1505536;Parauapebas;15;PA;Pará;Norte;0;-6.06781;-49.9037;0595;94;America/Sao_Paulo
1505551;Pau d'Arco;15;PA;Pará;Norte;0;-1.59772;-46.9268;0387;94;America/Sao_Paulo
1505601;Peixe-Boi;15;PA;Pará;Norte;0;-1.19382;-47.324;0511;91;America/Sao_Paulo
1505635;Piçarra;15;PA;Pará;Norte;0;-6.43778;-48.8716;0058;94;America/Sao_Paulo
1505650;Placas;15;PA;Pará;Norte;0;-3.86813;-54.2124;0060;93;America/Sao_Paulo
1505700;Ponta de Pedras;15;PA;Pará;Norte;0;-1.39587;-48.8661;0513;91;America/Sao_Paulo
1505809;Portel;15;PA;Pará;Norte;0;-1.93639;-50.8194;0515;91;America/Sao_Paulo
1505908;Porto de Moz;15;PA;Pará;Norte;0;-1.74691;-52.2361;0517;93;America/Sao_Paulo
1506005;Prainha;15;PA;Pará;Norte;0;-1.798;-53.4779;0519;93;America/Sao_Paulo
1506104;Primavera;15;PA;Pará;Norte;0;-0.945439;-47.1253;0521;91;America/Sao_Paulo
1506112;Quatipuru;15;PA;Pará;Norte;0;-0.899604;-47.0134;0062;91;America/Sao_Paulo
1506138;Redenção;15;PA;Pará;Norte;0;-8.02529;-50.0317;0567;94;America/Sao_Paulo
1506161;Rio Maria;15;PA;Pará;Norte;0;-7.31236;-50.0379;0569;94;America/Sao_Paulo
1506187;Rondon do Pará;15;PA;Pará;Norte;0;-4.77793;-48.067;0573;94;America/Sao_Paulo
1506195;Rurópolis;15;PA;Pará;Norte;0;-4.10028;-54.9092;0597;93;America/Sao_Paulo
1506203;Salinópolis;15;PA;Pará;Norte;0;-0.630815;-47.3465;0523;91;America/Sao_Paulo
1506302;Salvaterra;15;PA;Pará;Norte;0;-0.758444;-48.5139;0525;91;America/Sao_Paulo
1506351;Santa Bárbara do Pará;15;PA;Pará;Norte;0;-1.19219;-48.238;0369;91;America/Sao_Paulo
1506401;Santa Cruz do Arari;15;PA;Pará;Norte;0;-0.661019;-49.1771;0527;91;America/Sao_Paulo
1506500;Santa Izabel do Pará;15;PA;Pará;Norte;0;-1.29686;-48.1606;0529;91;America/Sao_Paulo
1506559;Santa Luzia do Pará;15;PA;Pará;Norte;0;-1.52147;-46.9008;0371;91;America/Sao_Paulo
1506583;Santa Maria das Barreiras;15;PA;Pará;Norte;0;-8.85784;-49.7215;0599;94;America/Sao_Paulo
1506609;Santa Maria do Pará;15;PA;Pará;Norte;0;-1.35392;-47.5712;0531;91;America/Sao_Paulo
1506708;Santana do Araguaia;15;PA;Pará;Norte;0;-9.3281;-50.35;0533;94;America/Sao_Paulo
1506807;Santarém;15;PA;Pará;Norte;0;-2.43849;-54.6996;0535;93;America/Sao_Paulo
1506906;Santarém Novo;15;PA;Pará;Norte;0;-0.93097;-47.3855;0537;91;America/Sao_Paulo
1507003;Santo Antônio do Tauá;15;PA;Pará;Norte;0;-1.1522;-48.1314;0539;91;America/Sao_Paulo
1507102;São Caetano de Odivelas;15;PA;Pará;Norte;0;-0.747293;-48.0246;0541;91;America/Sao_Paulo
1507151;São Domingos do Araguaia;15;PA;Pará;Norte;0;-5.53732;-48.7366;0381;94;America/Sao_Paulo
1507201;São Domingos do Capim;15;PA;Pará;Norte;0;-1.68768;-47.7665;0543;91;America/Sao_Paulo
1507300;São Félix do Xingu;15;PA;Pará;Norte;0;-6.64254;-51.9904;0545;94;America/Sao_Paulo
1507409;São Francisco do Pará;15;PA;Pará;Norte;0;-1.16963;-47.7917;0547;91;America/Sao_Paulo
1507458;São Geraldo do Araguaia;15;PA;Pará;Norte;0;-6.39471;-48.5592;0619;94;America/Sao_Paulo
1507466;São João da Ponta;15;PA;Pará;Norte;0;-0.857885;-47.918;0064;91;America/Sao_Paulo
1507474;São João de Pirabas;15;PA;Pará;Norte;0;-0.780222;-47.181;0393;91;America/Sao_Paulo
1507508;São João do Araguaia;15;PA;Pará;Norte;0;-5.36334;-48.7926;0549;94;America/Sao_Paulo
1507607;São Miguel do Guamá;15;PA;Pará;Norte;0;-1.61307;-47.4784;0551;91;America/Sao_Paulo
1507706;São Sebastião da Boa Vista;15;PA;Pará;Norte;0;-1.71597;-49.5249;0553;91;America/Sao_Paulo
1507755;Sapucaia;15;PA;Pará;Norte;0;-6.94018;-49.6834;0066;94;America/Sao_Paulo
1507805;Senador José Porfírio;15;PA;Pará;Norte;0;-4.31242;-51.5764;0555;91;America/Sao_Paulo
1507904;Soure;15;PA;Pará;Norte;0;-0.73032;-48.5015;0557;91;America/Sao_Paulo
1507953;Tailândia;15;PA;Pará;Norte;0;-2.94584;-48.9489;0395;91;America/Sao_Paulo
1507961;Terra Alta;15;PA;Pará;Norte;0;-1.02963;-47.9004;0373;91;America/Sao_Paulo
1507979;Terra Santa;15;PA;Pará;Norte;0;-2.10443;-56.4877;0637;93;America/Sao_Paulo
1508001;Tomé-Açu;15;PA;Pará;Norte;0;-2.41302;-48.1415;0559;91;America/Sao_Paulo
1508035;Tracuateua;15;PA;Pará;Norte;0;-1.07653;-46.9031;0068;91;America/Sao_Paulo
1508050;Trairão;15;PA;Pará;Norte;0;-4.57347;-55.9429;0635;93;America/Sao_Paulo
1508084;Tucumã;15;PA;Pará;Norte;0;-6.74687;-51.1626;0397;94;America/Sao_Paulo
1508100;Tucuruí;15;PA;Pará;Norte;0;-3.7657;-49.6773;0561;94;America/Sao_Paulo
1508126;Ulianópolis;15;PA;Pará;Norte;0;-3.75007;-47.4892;0623;91;America/Sao_Paulo
1508159;Uruará;15;PA;Pará;Norte;0;-3.71519;-53.7396;0399;93;America/Sao_Paulo
1508209;Vigia;15;PA;Pará;Norte;0;-0.861194;-48.1386;0563;91;America/Sao_Paulo
1508308;Viseu;15;PA;Pará;Norte;0;-1.19124;-46.1399;0565;91;America/Sao_Paulo
1508357;Vitória do Xingu;15;PA;Pará;Norte;0;-2.87922;-52.0088;0641;93;America/Sao_Paulo
1508407;Xinguara;15;PA;Pará;Norte;0;-7.0983;-49.9437;0571;94;America/Sao_Paulo
1600055;Serra do Navio;16;AP;Amapá;Norte;0;0.901357;-52.0036;0665;96;America/Sao_Paulo
1600105;Amapá;16;AP;Amapá;Norte;0;2.05267;-50.7957;0601;96;America/Sao_Paulo
1600154;Pedra Branca do Amapari;16;AP;Amapá;Norte;0;0.777424;-51.9503;0663;96;America/Sao_Paulo
1600204;Calçoene;16;AP;Amapá;Norte;0;2.50475;-50.9512;0603;96;America/Sao_Paulo
1600212;Cutias;16;AP;Amapá;Norte;0;0.970761;-50.8005;0667;96;America/Sao_Paulo
1600238;Ferreira Gomes;16;AP;Amapá;Norte;0;0.857256;-51.1795;0611;96;America/Sao_Paulo
1600253;Itaubal;16;AP;Amapá;Norte;0;0.602185;-50.6996;0669;96;America/Sao_Paulo
1600279;Laranjal do Jari;16;AP;Amapá;Norte;0;-0.804911;-52.453;0613;96;America/Sao_Paulo
1600303;Macapá;16;AP;Amapá;Norte;1;0.034934;-51.0694;0605;96;America/Sao_Paulo
1600402;Mazagão;16;AP;Amapá;Norte;0;-0.11336;-51.2891;0607;96;America/Sao_Paulo
1600501;Oiapoque;16;AP;Amapá;Norte;0;3.84074;-51.8331;0609;96;America/Sao_Paulo
1600535;Porto Grande;16;AP;Amapá;Norte;0;0.71243;-51.4155;0671;96;America/Sao_Paulo
1600550;Pracuúba;16;AP;Amapá;Norte;0;1.74543;-50.7892;0673;96;America/Sao_Paulo
1600600;Santana;16;AP;Amapá;Norte;0;-0.045434;-51.1729;0615;96;America/Sao_Paulo
1600709;Tartarugalzinho;16;AP;Amapá;Norte;0;1.50652;-50.9087;0617;96;America/Sao_Paulo
1600808;Vitória do Jari;16;AP;Amapá;Norte;0;-0.938;-52.424;0070;96;America/Sao_Paulo
1700251;Abreulândia;17;TO;Tocantins;Norte;0;-9.62101;-49.1518;0337;63;America/Sao_Paulo
1700301;Aguiarnópolis;17;TO;Tocantins;Norte;0;-6.55409;-47.4702;0072;63;America/Sao_Paulo
1700350;Aliança do Tocantins;17;TO;Tocantins;Norte;0;-11.3056;-48.9361;9441;63;America/Sao_Paulo
1700400;Almas;17;TO;Tocantins;Norte;0;-11.5706;-47.1792;9207;63;America/Sao_Paulo
1700707;Alvorada;17;TO;Tocantins;Norte;0;-12.4785;-49.1249;9213;63;America/Sao_Paulo
1701002;Ananás;17;TO;Tocantins;Norte;0;-6.36437;-48.0735;9219;63;America/Sao_Paulo
1701051;Angico;17;TO;Tocantins;Norte;0;-6.39179;-47.8611;0165;63;America/Sao_Paulo
1701101;Aparecida do Rio Negro;17;TO;Tocantins;Norte;0;-9.94139;-47.9638;9713;63;America/Sao_Paulo
1701309;Aragominas;17;TO;Tocantins;Norte;0;-7.16005;-48.5291;0167;63;America/Sao_Paulo
1701903;Araguacema;17;TO;Tocantins;Norte;0;-8.80755;-49.5569;9237;63;America/Sao_Paulo
1702000;Araguaçu;17;TO;Tocantins;Norte;0;-12.9289;-49.8231;9239;63;America/Sao_Paulo
1702109;Araguaína;17;TO;Tocantins;Norte;0;-7.19238;-48.2044;9241;63;America/Sao_Paulo
1702158;Araguanã;17;TO;Tocantins;Norte;0;-6.58225;-48.6395;0169;63;America/Sao_Paulo
1702208;Araguatins;17;TO;Tocantins;Norte;0;-5.64659;-48.1232;9243;63;America/Sao_Paulo
1702307;Arapoema;17;TO;Tocantins;Norte;0;-7.65463;-49.0637;9245;63;America/Sao_Paulo
1702406;Arraias;17;TO;Tocantins;Norte;0;-12.9287;-46.9359;9247;63;America/Sao_Paulo
1702554;Augustinópolis;17;TO;Tocantins;Norte;0;-5.46863;-47.8863;9685;63;America/Sao_Paulo
1702703;Aurora do Tocantins;17;TO;Tocantins;Norte;0;-12.7105;-46.4076;9253;63;America/Sao_Paulo
1702901;Axixá do Tocantins;17;TO;Tocantins;Norte;0;-5.61275;-47.7701;9257;63;America/Sao_Paulo
1703008;Babaçulândia;17;TO;Tocantins;Norte;0;-7.20923;-47.7613;9259;63;America/Sao_Paulo
1703057;Bandeirantes do Tocantins;17;TO;Tocantins;Norte;0;-7.75612;-48.5836;0074;63;America/Sao_Paulo
1703073;Barra do Ouro;17;TO;Tocantins;Norte;0;-7.69593;-47.6776;0076;63;America/Sao_Paulo
1703107;Barrolândia;17;TO;Tocantins;Norte;0;-9.83404;-48.7252;9693;63;America/Sao_Paulo
1703206;Bernardo Sayão;17;TO;Tocantins;Norte;0;-7.87481;-48.8893;9695;63;America/Sao_Paulo
1703305;Bom Jesus do Tocantins;17;TO;Tocantins;Norte;0;-8.96306;-48.165;0341;63;America/Sao_Paulo
1703602;Brasilândia do Tocantins;17;TO;Tocantins;Norte;0;-8.38918;-48.4822;0339;63;America/Sao_Paulo
1703701;Brejinho de Nazaré;17;TO;Tocantins;Norte;0;-11.0058;-48.5683;9273;63;America/Sao_Paulo
1703800;Buriti do Tocantins;17;TO;Tocantins;Norte;0;-5.31448;-48.2271;9715;63;America/Sao_Paulo
1703826;Cachoeirinha;17;TO;Tocantins;Norte;0;-6.1156;-47.9234;0171;63;America/Sao_Paulo
1703842;Campos Lindos;17;TO;Tocantins;Norte;0;-7.98956;-46.8645;0173;63;America/Sao_Paulo
1703867;Cariri do Tocantins;17;TO;Tocantins;Norte;0;-11.8881;-49.1609;0327;63;America/Sao_Paulo
1703883;Carmolândia;17;TO;Tocantins;Norte;0;-7.03262;-48.3978;0175;63;America/Sao_Paulo
1703891;Carrasco Bonito;17;TO;Tocantins;Norte;0;-5.31415;-48.0314;0177;63;America/Sao_Paulo
1703909;Caseara;17;TO;Tocantins;Norte;0;-9.27612;-49.9521;9717;63;America/Sao_Paulo
1704105;Centenário;17;TO;Tocantins;Norte;0;-8.96103;-47.3304;0343;63;America/Sao_Paulo
1704600;Chapada de Areia;17;TO;Tocantins;Norte;0;-10.1419;-49.1403;0078;63;America/Sao_Paulo
1705102;Chapada da Natividade;17;TO;Tocantins;Norte;0;-11.6175;-47.7486;0080;63;America/Sao_Paulo
1705508;Colinas do Tocantins;17;TO;Tocantins;Norte;0;-8.05764;-48.4757;9311;63;America/Sao_Paulo
1705557;Combinado;17;TO;Tocantins;Norte;0;-12.7917;-46.5388;9697;63;America/Sao_Paulo
1705607;Conceição do Tocantins;17;TO;Tocantins;Norte;0;-12.2209;-47.2951;9313;63;America/Sao_Paulo
1706001;Couto Magalhães;17;TO;Tocantins;Norte;0;-8.28411;-49.2473;9321;63;America/Sao_Paulo
1706100;Cristalândia;17;TO;Tocantins;Norte;0;-10.5985;-49.1942;9323;63;America/Sao_Paulo
1706258;Crixás do Tocantins;17;TO;Tocantins;Norte;0;-11.0994;-48.9152;0082;63;America/Sao_Paulo
1706506;Darcinópolis;17;TO;Tocantins;Norte;0;-6.71591;-47.7597;0179;63;America/Sao_Paulo
1707009;Dianópolis;17;TO;Tocantins;Norte;0;-11.624;-46.8198;9341;63;America/Sao_Paulo
1707108;Divinópolis do Tocantins;17;TO;Tocantins;Norte;0;-9.80018;-49.2169;9719;63;America/Sao_Paulo
1707207;Dois Irmãos do Tocantins;17;TO;Tocantins;Norte;0;-9.25534;-49.0638;9345;63;America/Sao_Paulo
1707306;Dueré;17;TO;Tocantins;Norte;0;-11.3416;-49.2716;9347;63;America/Sao_Paulo
1707405;Esperantina;17;TO;Tocantins;Norte;0;-5.36593;-48.5378;0181;63;America/Sao_Paulo
1707553;Fátima;17;TO;Tocantins;Norte;0;-10.7603;-48.9076;9683;63;America/Sao_Paulo
1707652;Figueirópolis;17;TO;Tocantins;Norte;0;-12.1312;-49.1748;9667;63;America/Sao_Paulo
1707702;Filadélfia;17;TO;Tocantins;Norte;0;-7.33501;-47.4954;9355;63;America/Sao_Paulo
1708205;Formoso do Araguaia;17;TO;Tocantins;Norte;0;-11.7976;-49.5316;9365;63;America/Sao_Paulo
1708254;Fortaleza do Tabocão;17;TO;Tocantins;Norte;0;-9.05611;-48.5206;0345;63;America/Sao_Paulo
1708304;Goianorte;17;TO;Tocantins;Norte;0;-8.77413;-48.9313;9699;63;America/Sao_Paulo
1709005;Goiatins;17;TO;Tocantins;Norte;0;-7.71478;-47.3252;9533;63;America/Sao_Paulo
1709302;Guaraí;17;TO;Tocantins;Norte;0;-8.83543;-48.5114;9627;63;America/Sao_Paulo
1709500;Gurupi;17;TO;Tocantins;Norte;0;-11.7279;-49.068;9385;63;America/Sao_Paulo
1709807;Ipueiras;17;TO;Tocantins;Norte;0;-11.2329;-48.46;0084;63;America/Sao_Paulo
1710508;Itacajá;17;TO;Tocantins;Norte;0;-8.39293;-47.7726;9405;63;America/Sao_Paulo
1710706;Itaguatins;17;TO;Tocantins;Norte;0;-5.77267;-47.4864;9409;63;America/Sao_Paulo
1710904;Itapiratins;17;TO;Tocantins;Norte;0;-8.37982;-48.1072;0347;63;America/Sao_Paulo
1711100;Itaporã do Tocantins;17;TO;Tocantins;Norte;0;-8.57172;-48.6895;9417;63;America/Sao_Paulo
1711506;Jaú do Tocantins;17;TO;Tocantins;Norte;0;-12.6509;-48.589;0329;63;America/Sao_Paulo
1711803;Juarina;17;TO;Tocantins;Norte;0;-8.11951;-49.0643;0349;63;America/Sao_Paulo
1711902;Lagoa da Confusão;17;TO;Tocantins;Norte;0;-10.7906;-49.6199;0367;63;America/Sao_Paulo
1711951;Lagoa do Tocantins;17;TO;Tocantins;Norte;0;-10.368;-47.538;0353;63;America/Sao_Paulo
1712009;Lajeado;17;TO;Tocantins;Norte;0;-9.74996;-48.3565;0351;63;America/Sao_Paulo
1712157;Lavandeira;17;TO;Tocantins;Norte;0;-12.7847;-46.5099;0086;63;America/Sao_Paulo
1712405;Lizarda;17;TO;Tocantins;Norte;0;-9.59002;-46.6738;9569;63;America/Sao_Paulo
1712454;Luzinópolis;17;TO;Tocantins;Norte;0;-6.17794;-47.8582;0088;63;America/Sao_Paulo
1712504;Marianópolis do Tocantins;17;TO;Tocantins;Norte;0;-9.79377;-49.6553;9711;63;America/Sao_Paulo
1712702;Mateiros;17;TO;Tocantins;Norte;0;-10.5464;-46.4168;0317;63;America/Sao_Paulo
1712801;Maurilândia do Tocantins;17;TO;Tocantins;Norte;0;-5.95169;-47.5125;0183;63;America/Sao_Paulo
1713205;Miracema do Tocantins;17;TO;Tocantins;Norte;0;-9.56556;-48.393;9461;63;America/Sao_Paulo
1713304;Miranorte;17;TO;Tocantins;Norte;0;-9.52907;-48.5922;9463;63;America/Sao_Paulo
1713601;Monte do Carmo;17;TO;Tocantins;Norte;0;-10.7611;-48.1114;9469;63;America/Sao_Paulo
1713700;Monte Santo do Tocantins;17;TO;Tocantins;Norte;0;-10.0075;-48.9941;0090;63;America/Sao_Paulo
1713809;Palmeiras do Tocantins;17;TO;Tocantins;Norte;0;-6.61658;-47.5464;0185;63;America/Sao_Paulo
1713957;Muricilândia;17;TO;Tocantins;Norte;0;-7.14669;-48.6091;0187;63;America/Sao_Paulo
1714203;Natividade;17;TO;Tocantins;Norte;0;-11.7034;-47.7223;9481;63;America/Sao_Paulo
1714302;Nazaré;17;TO;Tocantins;Norte;0;-6.37496;-47.6643;9483;63;America/Sao_Paulo
1714880;Nova Olinda;17;TO;Tocantins;Norte;0;-7.63171;-48.4252;9663;63;America/Sao_Paulo
1715002;Nova Rosalândia;17;TO;Tocantins;Norte;0;-10.5651;-48.9125;9721;63;America/Sao_Paulo
1715101;Novo Acordo;17;TO;Tocantins;Norte;0;-9.97063;-47.6785;9499;63;America/Sao_Paulo
1715150;Novo Alegre;17;TO;Tocantins;Norte;0;-12.9217;-46.5713;9703;63;America/Sao_Paulo
1715259;Novo Jardim;17;TO;Tocantins;Norte;0;-11.826;-46.6325;0321;63;America/Sao_Paulo
1715507;Oliveira de Fátima;17;TO;Tocantins;Norte;0;-10.707;-48.9086;0092;63;America/Sao_Paulo
1715705;Palmeirante;17;TO;Tocantins;Norte;0;-7.84786;-47.9242;0189;63;America/Sao_Paulo
1715754;Palmeirópolis;17;TO;Tocantins;Norte;0;-13.0447;-48.4026;9649;63;America/Sao_Paulo
1716109;Paraíso do Tocantins;17;TO;Tocantins;Norte;0;-10.175;-48.8823;9519;63;America/Sao_Paulo
1716208;Paranã;17;TO;Tocantins;Norte;0;-12.6167;-47.8734;9521;63;America/Sao_Paulo
1716307;Pau D'Arco;17;TO;Tocantins;Norte;0;-7.53919;-49.367;0191;63;America/Sao_Paulo
1716505;Pedro Afonso;17;TO;Tocantins;Norte;0;-8.97034;-48.1729;9525;63;America/Sao_Paulo
1716604;Peixe;17;TO;Tocantins;Norte;0;-12.0254;-48.5395;9527;63;America/Sao_Paulo
1716653;Pequizeiro;17;TO;Tocantins;Norte;0;-8.5932;-48.9327;9705;63;America/Sao_Paulo
1716703;Colméia;17;TO;Tocantins;Norte;0;-8.72463;-48.7638;9529;63;America/Sao_Paulo
1717008;Pindorama do Tocantins;17;TO;Tocantins;Norte;0;-11.1311;-47.5726;9537;63;America/Sao_Paulo
1717206;Piraquê;17;TO;Tocantins;Norte;0;-6.77302;-48.2958;0355;63;America/Sao_Paulo
1717503;Pium;17;TO;Tocantins;Norte;0;-10.442;-49.1876;9547;63;America/Sao_Paulo
1717800;Ponte Alta do Bom Jesus;17;TO;Tocantins;Norte;0;-12.0853;-46.4825;9551;63;America/Sao_Paulo
1717909;Ponte Alta do Tocantins;17;TO;Tocantins;Norte;0;-10.7481;-47.5276;9553;63;America/Sao_Paulo
1718006;Porto Alegre do Tocantins;17;TO;Tocantins;Norte;0;-11.618;-47.0621;9723;63;America/Sao_Paulo
1718204;Porto Nacional;17;TO;Tocantins;Norte;0;-10.7027;-48.408;9559;63;America/Sao_Paulo
1718303;Praia Norte;17;TO;Tocantins;Norte;0;-5.39281;-47.8111;9725;63;America/Sao_Paulo
1718402;Presidente Kennedy;17;TO;Tocantins;Norte;0;-8.5406;-48.5062;9629;63;America/Sao_Paulo
1718451;Pugmil;17;TO;Tocantins;Norte;0;-10.424;-48.8957;0094;63;America/Sao_Paulo
1718501;Recursolândia;17;TO;Tocantins;Norte;0;-8.7227;-47.2421;0357;63;America/Sao_Paulo
1718550;Riachinho;17;TO;Tocantins;Norte;0;-6.44005;-48.1371;0193;63;America/Sao_Paulo
1718659;Rio da Conceição;17;TO;Tocantins;Norte;0;-11.3949;-46.8847;0323;63;America/Sao_Paulo
1718709;Rio dos Bois;17;TO;Tocantins;Norte;0;-9.34425;-48.5245;0359;63;America/Sao_Paulo
1718758;Rio Sono;17;TO;Tocantins;Norte;0;-9.35002;-47.888;9679;63;America/Sao_Paulo
1718808;Sampaio;17;TO;Tocantins;Norte;0;-5.35423;-47.8782;9727;63;America/Sao_Paulo
1718840;Sandolândia;17;TO;Tocantins;Norte;0;-12.538;-49.9242;0331;63;America/Sao_Paulo
1718865;Santa Fé do Araguaia;17;TO;Tocantins;Norte;0;-7.15803;-48.7165;0195;63;America/Sao_Paulo
1718881;Santa Maria do Tocantins;17;TO;Tocantins;Norte;0;-8.8046;-47.7887;0361;63;America/Sao_Paulo
1718899;Santa Rita do Tocantins;17;TO;Tocantins;Norte;0;-10.8617;-48.9161;0096;63;America/Sao_Paulo
1718907;Santa Rosa do Tocantins;17;TO;Tocantins;Norte;0;-11.4474;-48.1216;9729;63;America/Sao_Paulo
1719004;Santa Tereza do Tocantins;17;TO;Tocantins;Norte;0;-10.2746;-47.8033;9731;63;America/Sao_Paulo
1720002;Santa Terezinha do Tocantins;17;TO;Tocantins;Norte;0;-6.44438;-47.6684;0098;63;America/Sao_Paulo
1720101;São Bento do Tocantins;17;TO;Tocantins;Norte;0;-6.0258;-47.9012;0197;63;America/Sao_Paulo
1720150;São Félix do Tocantins;17;TO;Tocantins;Norte;0;-10.1615;-46.6618;0363;63;America/Sao_Paulo
1720200;São Miguel do Tocantins;17;TO;Tocantins;Norte;0;-5.56305;-47.5743;0199;63;America/Sao_Paulo
1720259;São Salvador do Tocantins;17;TO;Tocantins;Norte;0;-12.7458;-48.2352;0333;63;America/Sao_Paulo
1720309;São Sebastião do Tocantins;17;TO;Tocantins;Norte;0;-5.26131;-48.2021;9603;63;America/Sao_Paulo
1720499;São Valério;17;TO;Tocantins;Norte;0;-11.9743;-48.2353;9691;63;America/Sao_Paulo
1720655;Silvanópolis;17;TO;Tocantins;Norte;0;-11.1471;-48.1694;9659;63;America/Sao_Paulo
1720804;Sítio Novo do Tocantins;17;TO;Tocantins;Norte;0;-5.6012;-47.6381;9613;63;America/Sao_Paulo
1720853;Sucupira;17;TO;Tocantins;Norte;0;-11.993;-48.9685;0335;63;America/Sao_Paulo
1720903;Taguatinga;17;TO;Tocantins;Norte;0;-12.4026;-46.437;9615;63;America/Sao_Paulo
1720937;Taipas do Tocantins;17;TO;Tocantins;Norte;0;-12.1873;-46.9797;0325;63;America/Sao_Paulo
1720978;Talismã;17;TO;Tocantins;Norte;0;-12.7949;-49.0896;0100;63;America/Sao_Paulo
1721000;Palmas;17;TO;Tocantins;Norte;1;-10.24;-48.3558;9733;63;America/Sao_Paulo
1721109;Tocantínia;17;TO;Tocantins;Norte;0;-9.5632;-48.3741;9619;63;America/Sao_Paulo
1721208;Tocantinópolis;17;TO;Tocantins;Norte;0;-6.32447;-47.4224;9621;63;America/Sao_Paulo
1721257;Tupirama;17;TO;Tocantins;Norte;0;-8.97168;-48.1883;0102;63;America/Sao_Paulo
1721307;Tupiratins;17;TO;Tocantins;Norte;0;-8.39388;-48.1277;0365;63;America/Sao_Paulo
1722081;Wanderlândia;17;TO;Tocantins;Norte;0;-6.85274;-47.9601;9665;63;America/Sao_Paulo
1722107;Xambioá;17;TO;Tocantins;Norte;0;-6.4141;-48.532;9643;63;America/Sao_Paulo
2100055;Açailândia;21;MA;Maranhão;Nordeste;0;-4.94714;-47.5004;0961;99;America/Sao_Paulo
2100105;Afonso Cunha;21;MA;Maranhão;Nordeste;0;-4.13631;-43.3275;0701;98;America/Sao_Paulo
2100154;Água Doce do Maranhão;21;MA;Maranhão;Nordeste;0;-2.84048;-42.1189;0104;98;America/Sao_Paulo
2100204;Alcântara;21;MA;Maranhão;Nordeste;0;-2.39574;-44.4062;0703;98;America/Sao_Paulo
2100303;Aldeias Altas;21;MA;Maranhão;Nordeste;0;-4.62621;-43.4689;0705;99;America/Sao_Paulo
2100402;Altamira do Maranhão;21;MA;Maranhão;Nordeste;0;-4.16598;-45.4706;0707;98;America/Sao_Paulo
2100436;Alto Alegre do Maranhão;21;MA;Maranhão;Nordeste;0;-4.213;-44.446;0106;99;America/Sao_Paulo
2100477;Alto Alegre do Pindaré;21;MA;Maranhão;Nordeste;0;-3.66689;-45.8421;0108;98;America/Sao_Paulo
2100501;Alto Parnaíba;21;MA;Maranhão;Nordeste;0;-9.10273;-45.9303;0709;99;America/Sao_Paulo
2100550;Amapá do Maranhão;21;MA;Maranhão;Nordeste;0;-1.67524;-46.0024;0110;98;America/Sao_Paulo
2100600;Amarante do Maranhão;21;MA;Maranhão;Nordeste;0;-5.56913;-46.7473;0711;99;America/Sao_Paulo
2100709;Anajatuba;21;MA;Maranhão;Nordeste;0;-3.26269;-44.6126;0713;98;America/Sao_Paulo
2100808;Anapurus;21;MA;Maranhão;Nordeste;0;-3.67577;-43.1014;0715;98;America/Sao_Paulo
2100832;Apicum-Açu;21;MA;Maranhão;Nordeste;0;-1.45862;-45.0864;0112;98;America/Sao_Paulo
2100873;Araguanã;21;MA;Maranhão;Nordeste;0;-2.94644;-45.6589;0114;98;America/Sao_Paulo
2100907;Araioses;21;MA;Maranhão;Nordeste;0;-2.89091;-41.905;0717;98;America/Sao_Paulo
2100956;Arame;21;MA;Maranhão;Nordeste;0;-4.88347;-46.0032;1281;99;America/Sao_Paulo
2101004;Arari;21;MA;Maranhão;Nordeste;0;-3.45214;-44.7665;0719;98;America/Sao_Paulo
2101103;Axixá;21;MA;Maranhão;Nordeste;0;-2.83939;-44.062;0721;98;America/Sao_Paulo
2101202;Bacabal;21;MA;Maranhão;Nordeste;0;-4.22447;-44.7832;0723;99;America/Sao_Paulo
2101251;Bacabeira;21;MA;Maranhão;Nordeste;0;-2.96452;-44.3164;0116;98;America/Sao_Paulo
2101301;Bacuri;21;MA;Maranhão;Nordeste;0;-1.6965;-45.1328;0725;98;America/Sao_Paulo
2101350;Bacurituba;21;MA;Maranhão;Nordeste;0;-2.71;-44.7329;0118;98;America/Sao_Paulo
2101400;Balsas;21;MA;Maranhão;Nordeste;0;-7.53214;-46.0372;0727;99;America/Sao_Paulo
2101509;Barão de Grajaú;21;MA;Maranhão;Nordeste;0;-6.74463;-43.0261;0729;99;America/Sao_Paulo
2101608;Barra do Corda;21;MA;Maranhão;Nordeste;0;-5.49682;-45.2485;0731;99;America/Sao_Paulo
2101707;Barreirinhas;21;MA;Maranhão;Nordeste;0;-2.75863;-42.8232;0733;98;America/Sao_Paulo
2101731;Belágua;21;MA;Maranhão;Nordeste;0;-3.15485;-43.5122;0120;98;America/Sao_Paulo
2101772;Bela Vista do Maranhão;21;MA;Maranhão;Nordeste;0;-3.72618;-45.3075;0122;98;America/Sao_Paulo
2101806;Benedito Leite;21;MA;Maranhão;Nordeste;0;-7.21037;-44.5577;0735;99;America/Sao_Paulo
2101905;Bequimão;21;MA;Maranhão;Nordeste;0;-2.44162;-44.7842;0737;98;America/Sao_Paulo
2101939;Bernardo do Mearim;21;MA;Maranhão;Nordeste;0;-4.62666;-44.7608;0124;99;America/Sao_Paulo
2101970;Boa Vista do Gurupi;21;MA;Maranhão;Nordeste;0;-1.77614;-46.3002;0126;98;America/Sao_Paulo
2102002;Bom Jardim;21;MA;Maranhão;Nordeste;0;-3.54129;-45.606;0955;98;America/Sao_Paulo
2102036;Bom Jesus das Selvas;21;MA;Maranhão;Nordeste;0;-4.47638;-46.8641;0128;98;America/Sao_Paulo
2102077;Bom Lugar;21;MA;Maranhão;Nordeste;0;-4.37311;-45.0326;0130;99;America/Sao_Paulo
2102101;Brejo;21;MA;Maranhão;Nordeste;0;-3.67796;-42.7527;0739;98;America/Sao_Paulo
2102150;Brejo de Areia;21;MA;Maranhão;Nordeste;0;-4.334;-45.581;0132;98;America/Sao_Paulo
2102200;Buriti;21;MA;Maranhão;Nordeste;0;-3.94169;-42.9179;0741;98;America/Sao_Paulo
2102309;Buriti Bravo;21;MA;Maranhão;Nordeste;0;-5.83239;-43.8353;0743;99;America/Sao_Paulo
2102325;Buriticupu;21;MA;Maranhão;Nordeste;0;-4.32375;-46.4409;0134;98;America/Sao_Paulo
2102358;Buritirana;21;MA;Maranhão;Nordeste;0;-5.59823;-47.0131;0136;99;America/Sao_Paulo
2102374;Cachoeira Grande;21;MA;Maranhão;Nordeste;0;-2.93074;-44.0528;0138;98;America/Sao_Paulo
2102408;Cajapió;21;MA;Maranhão;Nordeste;0;-2.87326;-44.6741;0745;98;America/Sao_Paulo
2102507;Cajari;21;MA;Maranhão;Nordeste;0;-3.32742;-45.0145;0747;98;America/Sao_Paulo
2102556;Campestre do Maranhão;21;MA;Maranhão;Nordeste;0;-6.17075;-47.3625;0140;99;America/Sao_Paulo
2102606;Cândido Mendes;21;MA;Maranhão;Nordeste;0;-1.43265;-45.7161;0749;98;America/Sao_Paulo
2102705;Cantanhede;21;MA;Maranhão;Nordeste;0;-3.63757;-44.383;0751;98;America/Sao_Paulo
2102754;Capinzal do Norte;21;MA;Maranhão;Nordeste;0;-4.7236;-44.328;0142;99;America/Sao_Paulo
2102804;Carolina;21;MA;Maranhão;Nordeste;0;-7.33584;-47.4634;0753;99;America/Sao_Paulo
2102903;Carutapera;21;MA;Maranhão;Nordeste;0;-1.19696;-46.0085;0755;98;America/Sao_Paulo
2103000;Caxias;21;MA;Maranhão;Nordeste;0;-4.86505;-43.3617;0757;99;America/Sao_Paulo
2103109;Cedral;21;MA;Maranhão;Nordeste;0;-2.00027;-44.5281;0759;98;America/Sao_Paulo
2103125;Central do Maranhão;21;MA;Maranhão;Nordeste;0;-2.19831;-44.8254;0144;98;America/Sao_Paulo
2103158;Centro do Guilherme;21;MA;Maranhão;Nordeste;0;-2.44891;-46.0345;0146;98;America/Sao_Paulo
2103174;Centro Novo do Maranhão;21;MA;Maranhão;Nordeste;0;-2.12696;-46.1228;0148;98;America/Sao_Paulo
2103208;Chapadinha;21;MA;Maranhão;Nordeste;0;-3.73875;-43.3538;0761;98;America/Sao_Paulo
2103257;Cidelândia;21;MA;Maranhão;Nordeste;0;-5.17465;-47.7781;0150;99;America/Sao_Paulo
2103307;Codó;21;MA;Maranhão;Nordeste;0;-4.45562;-43.8924;0763;99;America/Sao_Paulo
2103406;Coelho Neto;21;MA;Maranhão;Nordeste;0;-4.25245;-43.0108;0765;98;America/Sao_Paulo
2103505;Colinas;21;MA;Maranhão;Nordeste;0;-6.03199;-44.2543;0767;99;America/Sao_Paulo
2103554;Conceição do Lago-Açu;21;MA;Maranhão;Nordeste;0;-3.85142;-44.8895;0152;98;America/Sao_Paulo
2103604;Coroatá;21;MA;Maranhão;Nordeste;0;-4.13442;-44.1244;0769;99;America/Sao_Paulo
2103703;Cururupu;21;MA;Maranhão;Nordeste;0;-1.81475;-44.8644;0771;98;America/Sao_Paulo
2103752;Davinópolis;21;MA;Maranhão;Nordeste;0;-5.54637;-47.4217;0154;99;America/Sao_Paulo
2103802;Dom Pedro;21;MA;Maranhão;Nordeste;0;-5.03518;-44.4409;0773;99;America/Sao_Paulo
2103901;Duque Bacelar;21;MA;Maranhão;Nordeste;0;-4.15002;-42.9477;0775;98;America/Sao_Paulo
2104008;Esperantinópolis;21;MA;Maranhão;Nordeste;0;-4.87938;-44.6926;0777;99;America/Sao_Paulo
2104057;Estreito;21;MA;Maranhão;Nordeste;0;-6.56077;-47.4431;0963;99;America/Sao_Paulo
2104073;Feira Nova do Maranhão;21;MA;Maranhão;Nordeste;0;-6.96508;-46.6786;0156;99;America/Sao_Paulo
2104081;Fernando Falcão;21;MA;Maranhão;Nordeste;0;-6.16207;-44.8979;0158;99;America/Sao_Paulo
2104099;Formosa da Serra Negra;21;MA;Maranhão;Nordeste;0;-6.44017;-46.1916;0160;99;America/Sao_Paulo
2104107;Fortaleza dos Nogueiras;21;MA;Maranhão;Nordeste;0;-6.95983;-46.1749;0779;99;America/Sao_Paulo
2104206;Fortuna;21;MA;Maranhão;Nordeste;0;-5.72792;-44.1565;0781;99;America/Sao_Paulo
2104305;Godofredo Viana;21;MA;Maranhão;Nordeste;0;-1.40259;-45.7795;0783;98;America/Sao_Paulo
2104404;Gonçalves Dias;21;MA;Maranhão;Nordeste;0;-5.1475;-44.3013;0785;99;America/Sao_Paulo
2104503;Governador Archer;21;MA;Maranhão;Nordeste;0;-5.02078;-44.2754;0787;99;America/Sao_Paulo
2104552;Governador Edison Lobão;21;MA;Maranhão;Nordeste;0;-5.74973;-47.3646;0162;99;America/Sao_Paulo
2104602;Governador Eugênio Barros;21;MA;Maranhão;Nordeste;0;-5.31897;-44.2469;0789;99;America/Sao_Paulo
2104628;Governador Luiz Rocha;21;MA;Maranhão;Nordeste;0;-5.47835;-44.0774;0164;99;America/Sao_Paulo
2104651;Governador Newton Bello;21;MA;Maranhão;Nordeste;0;-3.43245;-45.6619;0166;98;America/Sao_Paulo
2104677;Governador Nunes Freire;21;MA;Maranhão;Nordeste;0;-2.12899;-45.8777;0168;98;America/Sao_Paulo
2104701;Graça Aranha;21;MA;Maranhão;Nordeste;0;-5.40547;-44.3358;0791;99;America/Sao_Paulo
2104800;Grajaú;21;MA;Maranhão;Nordeste;0;-5.81367;-46.1462;0793;99;America/Sao_Paulo
2104909;Guimarães;21;MA;Maranhão;Nordeste;0;-2.12755;-44.602;0795;98;America/Sao_Paulo
2105005;Humberto de Campos;21;MA;Maranhão;Nordeste;0;-2.59828;-43.4649;0797;98;America/Sao_Paulo
2105104;Icatu;21;MA;Maranhão;Nordeste;0;-2.77206;-44.0501;0799;98;America/Sao_Paulo
2105153;Igarapé do Meio;21;MA;Maranhão;Nordeste;0;-3.65771;-45.2114;0170;98;America/Sao_Paulo
2105203;Igarapé Grande;21;MA;Maranhão;Nordeste;0;-4.6625;-44.8558;0801;99;America/Sao_Paulo
2105302;Imperatriz;21;MA;Maranhão;Nordeste;0;-5.51847;-47.4777;0803;99;America/Sao_Paulo
2105351;Itaipava do Grajaú;21;MA;Maranhão;Nordeste;0;-5.14252;-45.7877;0172;99;America/Sao_Paulo
2105401;Itapecuru Mirim;21;MA;Maranhão;Nordeste;0;-3.40202;-44.3508;0807;98;America/Sao_Paulo
2105427;Itinga do Maranhão;21;MA;Maranhão;Nordeste;0;-4.45293;-47.5235;0174;99;America/Sao_Paulo
2105450;Jatobá;21;MA;Maranhão;Nordeste;0;-5.82282;-44.2153;0176;99;America/Sao_Paulo
2105476;Jenipapo dos Vieiras;21;MA;Maranhão;Nordeste;0;-5.36237;-45.6356;0178;99;America/Sao_Paulo
2105500;João Lisboa;21;MA;Maranhão;Nordeste;0;-5.44363;-47.4064;0809;99;America/Sao_Paulo
2105609;Joselândia;21;MA;Maranhão;Nordeste;0;-4.98611;-44.6958;0811;99;America/Sao_Paulo
2105658;Junco do Maranhão;21;MA;Maranhão;Nordeste;0;-1.83888;-46.09;0180;98;America/Sao_Paulo
2105708;Lago da Pedra;21;MA;Maranhão;Nordeste;0;-4.56974;-45.1319;0813;99;America/Sao_Paulo
2105807;Lago do Junco;21;MA;Maranhão;Nordeste;0;-4.609;-45.049;0815;99;America/Sao_Paulo
2105906;Lago Verde;21;MA;Maranhão;Nordeste;0;-3.94661;-44.826;0817;99;America/Sao_Paulo
2105922;Lagoa do Mato;21;MA;Maranhão;Nordeste;0;-6.05023;-43.5333;0182;99;America/Sao_Paulo
2105948;Lago dos Rodrigues;21;MA;Maranhão;Nordeste;0;-4.61173;-44.9798;0184;99;America/Sao_Paulo
2105963;Lagoa Grande do Maranhão;21;MA;Maranhão;Nordeste;0;-4.98893;-45.3816;0186;99;America/Sao_Paulo
2105989;Lajeado Novo;21;MA;Maranhão;Nordeste;0;-6.18539;-47.0293;0188;99;America/Sao_Paulo
2106003;Lima Campos;21;MA;Maranhão;Nordeste;0;-4.51837;-44.4646;0819;99;America/Sao_Paulo
2106102;Loreto;21;MA;Maranhão;Nordeste;0;-7.08111;-45.1451;0821;99;America/Sao_Paulo
2106201;Luís Domingues;21;MA;Maranhão;Nordeste;0;-1.27492;-45.867;0823;98;America/Sao_Paulo
2106300;Magalhães de Almeida;21;MA;Maranhão;Nordeste;0;-3.39232;-42.2117;0825;98;America/Sao_Paulo
2106326;Maracaçumé;21;MA;Maranhão;Nordeste;0;-2.04918;-45.9587;0190;98;America/Sao_Paulo
2106359;Marajá do Sena;21;MA;Maranhão;Nordeste;0;-4.62806;-45.4531;0192;98;America/Sao_Paulo
2106375;Maranhãozinho;21;MA;Maranhão;Nordeste;0;-2.24078;-45.8507;0194;98;America/Sao_Paulo
2106409;Mata Roma;21;MA;Maranhão;Nordeste;0;-3.62035;-43.1112;0827;98;America/Sao_Paulo
2106508;Matinha;21;MA;Maranhão;Nordeste;0;-3.09849;-45.035;0829;98;America/Sao_Paulo
2106607;Matões;21;MA;Maranhão;Nordeste;0;-5.51359;-43.2018;0831;99;America/Sao_Paulo
2106631;Matões do Norte;21;MA;Maranhão;Nordeste;0;-3.6244;-44.5468;0196;98;America/Sao_Paulo
2106672;Milagres do Maranhão;21;MA;Maranhão;Nordeste;0;-3.57443;-42.6131;0198;98;America/Sao_Paulo
2106706;Mirador;21;MA;Maranhão;Nordeste;0;-6.37454;-44.3683;0833;99;America/Sao_Paulo
2106755;Miranda do Norte;21;MA;Maranhão;Nordeste;0;-3.56313;-44.5814;1283;98;America/Sao_Paulo
2106805;Mirinzal;21;MA;Maranhão;Nordeste;0;-2.07094;-44.7787;0835;98;America/Sao_Paulo
2106904;Monção;21;MA;Maranhão;Nordeste;0;-3.48125;-45.2496;0837;98;America/Sao_Paulo
2107001;Montes Altos;21;MA;Maranhão;Nordeste;0;-5.83067;-47.0673;0839;99;America/Sao_Paulo
2107100;Morros;21;MA;Maranhão;Nordeste;0;-2.85379;-44.0357;0841;98;America/Sao_Paulo
2107209;Nina Rodrigues;21;MA;Maranhão;Nordeste;0;-3.46788;-43.9134;0843;98;America/Sao_Paulo
2107258;Nova Colinas;21;MA;Maranhão;Nordeste;0;-7.12263;-46.2607;0200;99;America/Sao_Paulo
2107308;Nova Iorque;21;MA;Maranhão;Nordeste;0;-6.73047;-44.0471;0845;99;America/Sao_Paulo
2107357;Nova Olinda do Maranhão;21;MA;Maranhão;Nordeste;0;-2.84227;-45.6953;0202;98;America/Sao_Paulo
2107407;Olho d'Água das Cunhãs;21;MA;Maranhão;Nordeste;0;-4.13417;-45.1163;0847;98;America/Sao_Paulo
2107456;Olinda Nova do Maranhão;21;MA;Maranhão;Nordeste;0;-2.99295;-44.9897;0204;98;America/Sao_Paulo
2107506;Paço do Lumiar;21;MA;Maranhão;Nordeste;0;-2.51657;-44.1019;0849;98;America/Sao_Paulo
2107605;Palmeirândia;21;MA;Maranhão;Nordeste;0;-2.64433;-44.8933;0851;98;America/Sao_Paulo
2107704;Paraibano;21;MA;Maranhão;Nordeste;0;-6.4264;-43.9792;0853;99;America/Sao_Paulo
2107803;Parnarama;21;MA;Maranhão;Nordeste;0;-5.67365;-43.1011;0855;99;America/Sao_Paulo
2107902;Passagem Franca;21;MA;Maranhão;Nordeste;0;-6.17745;-43.7755;0857;99;America/Sao_Paulo
2108009;Pastos Bons;21;MA;Maranhão;Nordeste;0;-6.60296;-44.0745;0859;99;America/Sao_Paulo
2108058;Paulino Neves;21;MA;Maranhão;Nordeste;0;-2.72094;-42.5258;0206;98;America/Sao_Paulo
2108108;Paulo Ramos;21;MA;Maranhão;Nordeste;0;-4.44485;-45.2398;0959;98;America/Sao_Paulo
2108207;Pedreiras;21;MA;Maranhão;Nordeste;0;-4.56482;-44.6006;0861;99;America/Sao_Paulo
2108256;Pedro do Rosário;21;MA;Maranhão;Nordeste;0;-2.97272;-45.3493;0208;98;America/Sao_Paulo
2108306;Penalva;21;MA;Maranhão;Nordeste;0;-3.27674;-45.1768;0863;98;America/Sao_Paulo
2108405;Peri Mirim;21;MA;Maranhão;Nordeste;0;-2.57676;-44.8504;0865;98;America/Sao_Paulo
2108454;Peritoró;21;MA;Maranhão;Nordeste;0;-4.37459;-44.3369;0210;99;America/Sao_Paulo
2108504;Pindaré-Mirim;21;MA;Maranhão;Nordeste;0;-3.60985;-45.342;0867;98;America/Sao_Paulo
2108603;Pinheiro;21;MA;Maranhão;Nordeste;0;-2.52224;-45.0788;0869;98;America/Sao_Paulo
2108702;Pio XII;21;MA;Maranhão;Nordeste;0;-3.89315;-45.1759;0871;98;America/Sao_Paulo
2108801;Pirapemas;21;MA;Maranhão;Nordeste;0;-3.72041;-44.2216;0873;98;America/Sao_Paulo
2108900;Poção de Pedras;21;MA;Maranhão;Nordeste;0;-4.74626;-44.9432;0875;99;America/Sao_Paulo
2109007;Porto Franco;21;MA;Maranhão;Nordeste;0;-6.34149;-47.3962;0877;99;America/Sao_Paulo
2109056;Porto Rico do Maranhão;21;MA;Maranhão;Nordeste;0;-1.85925;-44.5842;0212;98;America/Sao_Paulo
2109106;Presidente Dutra;21;MA;Maranhão;Nordeste;0;-5.2898;-44.495;0879;99;America/Sao_Paulo
2109205;Presidente Juscelino;21;MA;Maranhão;Nordeste;0;-2.91872;-44.0715;0881;98;America/Sao_Paulo
2109239;Presidente Médici;21;MA;Maranhão;Nordeste;0;-2.38991;-45.82;0214;98;America/Sao_Paulo
2109270;Presidente Sarney;21;MA;Maranhão;Nordeste;0;-2.58799;-45.3595;0216;98;America/Sao_Paulo
2109304;Presidente Vargas;21;MA;Maranhão;Nordeste;0;-3.40787;-44.0234;0883;98;America/Sao_Paulo
2109403;Primeira Cruz;21;MA;Maranhão;Nordeste;0;-2.50568;-43.4232;0885;98;America/Sao_Paulo
2109452;Raposa;21;MA;Maranhão;Nordeste;0;-2.4254;-44.0973;0218;98;America/Sao_Paulo
2109502;Riachão;21;MA;Maranhão;Nordeste;0;-7.35819;-46.6225;0887;99;America/Sao_Paulo
2109551;Ribamar Fiquene;21;MA;Maranhão;Nordeste;0;-5.93067;-47.3888;0220;99;America/Sao_Paulo
2109601;Rosário;21;MA;Maranhão;Nordeste;0;-2.93444;-44.2531;0891;98;America/Sao_Paulo
2109700;Sambaíba;21;MA;Maranhão;Nordeste;0;-7.13447;-45.3515;0893;99;America/Sao_Paulo
2109759;Santa Filomena do Maranhão;21;MA;Maranhão;Nordeste;0;-5.49671;-44.5638;0222;99;America/Sao_Paulo
2109809;Santa Helena;21;MA;Maranhão;Nordeste;0;-2.24426;-45.29;0895;98;America/Sao_Paulo
2109908;Santa Inês;21;MA;Maranhão;Nordeste;0;-3.65112;-45.3774;0957;98;America/Sao_Paulo
2110005;Santa Luzia;21;MA;Maranhão;Nordeste;0;-4.06873;-45.69;0897;98;America/Sao_Paulo
2110039;Santa Luzia do Paruá;21;MA;Maranhão;Nordeste;0;-2.51123;-45.7801;1285;98;America/Sao_Paulo
2110104;Santa Quitéria do Maranhão;21;MA;Maranhão;Nordeste;0;-3.49308;-42.5688;0899;98;America/Sao_Paulo
2110203;Santa Rita;21;MA;Maranhão;Nordeste;0;-3.14241;-44.3211;0901;98;America/Sao_Paulo
2110237;Santana do Maranhão;21;MA;Maranhão;Nordeste;0;-3.109;-42.4064;0224;98;America/Sao_Paulo
2110278;Santo Amaro do Maranhão;21;MA;Maranhão;Nordeste;0;-2.50068;-43.238;0226;98;America/Sao_Paulo
2110302;Santo Antônio dos Lopes;21;MA;Maranhão;Nordeste;0;-4.86613;-44.3653;0903;99;America/Sao_Paulo
2110401;São Benedito do Rio Preto;21;MA;Maranhão;Nordeste;0;-3.33515;-43.5287;0905;98;America/Sao_Paulo
2110500;São Bento;21;MA;Maranhão;Nordeste;0;-2.69781;-44.8289;0907;98;America/Sao_Paulo
2110609;São Bernardo;21;MA;Maranhão;Nordeste;0;-3.37223;-42.4191;0909;98;America/Sao_Paulo
2110658;São Domingos do Azeitão;21;MA;Maranhão;Nordeste;0;-6.81471;-44.6509;0228;99;America/Sao_Paulo
2110708;São Domingos do Maranhão;21;MA;Maranhão;Nordeste;0;-5.58095;-44.3822;0911;99;America/Sao_Paulo
2110807;São Félix de Balsas;21;MA;Maranhão;Nordeste;0;-7.07535;-44.8092;0913;99;America/Sao_Paulo
2110856;São Francisco do Brejão;21;MA;Maranhão;Nordeste;0;-5.12584;-47.389;0230;99;America/Sao_Paulo
2110906;São Francisco do Maranhão;21;MA;Maranhão;Nordeste;0;-6.25159;-42.8668;0915;99;America/Sao_Paulo
2111003;São João Batista;21;MA;Maranhão;Nordeste;0;-2.95398;-44.7953;0917;98;America/Sao_Paulo
2111029;São João do Carú;21;MA;Maranhão;Nordeste;0;-3.5503;-46.2507;0232;98;America/Sao_Paulo
2111052;São João do Paraíso;21;MA;Maranhão;Nordeste;0;-6.45634;-47.0594;0234;99;America/Sao_Paulo
2111078;São João do Soter;21;MA;Maranhão;Nordeste;0;-5.10821;-43.8163;0236;99;America/Sao_Paulo
2111102;São João dos Patos;21;MA;Maranhão;Nordeste;0;-6.4934;-43.7036;0919;99;America/Sao_Paulo
2111201;São José de Ribamar;21;MA;Maranhão;Nordeste;0;-2.54704;-44.0597;0889;98;America/Sao_Paulo
2111250;São José dos Basílios;21;MA;Maranhão;Nordeste;0;-5.05493;-44.5809;0238;99;America/Sao_Paulo
2111300;São Luís;21;MA;Maranhão;Nordeste;1;-2.53874;-44.2825;0921;98;America/Sao_Paulo
2111409;São Luís Gonzaga do Maranhão;21;MA;Maranhão;Nordeste;0;-4.38541;-44.6654;0805;99;America/Sao_Paulo
2111508;São Mateus do Maranhão;21;MA;Maranhão;Nordeste;0;-4.03736;-44.4707;0923;99;America/Sao_Paulo
2111532;São Pedro da Água Branca;21;MA;Maranhão;Nordeste;0;-5.08472;-48.4291;0240;99;America/Sao_Paulo
2111573;São Pedro dos Crentes;21;MA;Maranhão;Nordeste;0;-6.82389;-46.5319;0242;99;America/Sao_Paulo
2111607;São Raimundo das Mangabeiras;21;MA;Maranhão;Nordeste;0;-7.02183;-45.4809;0925;99;America/Sao_Paulo
2111631;São Raimundo do Doca Bezerra;21;MA;Maranhão;Nordeste;0;-5.11053;-45.0696;0244;99;America/Sao_Paulo
2111672;São Roberto;21;MA;Maranhão;Nordeste;0;-5.0231;-45.001;0246;99;America/Sao_Paulo
2111706;São Vicente Ferrer;21;MA;Maranhão;Nordeste;0;-2.89487;-44.8681;0927;98;America/Sao_Paulo
2111722;Satubinha;21;MA;Maranhão;Nordeste;0;-4.04913;-45.2457;0248;98;America/Sao_Paulo
2111748;Senador Alexandre Costa;21;MA;Maranhão;Nordeste;0;-5.25096;-44.0533;0250;99;America/Sao_Paulo
2111763;Senador La Rocque;21;MA;Maranhão;Nordeste;0;-5.4461;-47.2959;0252;99;America/Sao_Paulo
2111789;Serrano do Maranhão;21;MA;Maranhão;Nordeste;0;-1.85229;-45.1207;0254;98;America/Sao_Paulo
2111805;Sítio Novo;21;MA;Maranhão;Nordeste;0;-5.87601;-46.7033;0929;99;America/Sao_Paulo
2111904;Sucupira do Norte;21;MA;Maranhão;Nordeste;0;-6.47839;-44.1919;0931;99;America/Sao_Paulo
2111953;Sucupira do Riachão;21;MA;Maranhão;Nordeste;0;-6.40858;-43.5455;0256;99;America/Sao_Paulo
2112001;Tasso Fragoso;21;MA;Maranhão;Nordeste;0;-8.4662;-45.7536;0933;99;America/Sao_Paulo
2112100;Timbiras;21;MA;Maranhão;Nordeste;0;-4.25597;-43.932;0935;99;America/Sao_Paulo
2112209;Timon;21;MA;Maranhão;Nordeste;0;-5.09769;-42.8329;0937;99;America/Sao_Paulo
2112233;Trizidela do Vale;21;MA;Maranhão;Nordeste;0;-4.538;-44.628;0258;99;America/Sao_Paulo
2112274;Tufilândia;21;MA;Maranhão;Nordeste;0;-3.67355;-45.6238;0260;98;America/Sao_Paulo
2112308;Tuntum;21;MA;Maranhão;Nordeste;0;-5.25476;-44.6444;0939;99;America/Sao_Paulo
2112407;Turiaçu;21;MA;Maranhão;Nordeste;0;-1.65893;-45.3798;0941;98;America/Sao_Paulo
2112456;Turilândia;21;MA;Maranhão;Nordeste;0;-2.21638;-45.3044;0262;98;America/Sao_Paulo
2112506;Tutóia;21;MA;Maranhão;Nordeste;0;-2.76141;-42.2755;0943;98;America/Sao_Paulo
2112605;Urbano Santos;21;MA;Maranhão;Nordeste;0;-3.20642;-43.3878;0945;98;America/Sao_Paulo
2112704;Vargem Grande;21;MA;Maranhão;Nordeste;0;-3.53639;-43.917;0947;98;America/Sao_Paulo
2112803;Viana;21;MA;Maranhão;Nordeste;0;-3.20451;-44.9912;0949;98;America/Sao_Paulo
2112852;Vila Nova dos Martírios;21;MA;Maranhão;Nordeste;0;-5.18889;-48.1336;0264;99;America/Sao_Paulo
2112902;Vitória do Mearim;21;MA;Maranhão;Nordeste;0;-3.45125;-44.8643;0951;98;America/Sao_Paulo
2113009;Vitorino Freire;21;MA;Maranhão;Nordeste;0;-4.28184;-45.2505;0953;98;America/Sao_Paulo
2114007;Zé Doca;21;MA;Maranhão;Nordeste;0;-3.27014;-45.6553;1287;98;America/Sao_Paulo
2200053;Acauã;22;PI;Piauí;Nordeste;0;-8.21954;-41.0831;0266;89;America/Sao_Paulo
2200103;Agricolândia;22;PI;Piauí;Nordeste;0;-5.79676;-42.6664;1001;86;America/Sao_Paulo
2200202;Água Branca;22;PI;Piauí;Nordeste;0;-5.88856;-42.637;1003;86;America/Sao_Paulo
2200251;Alagoinha do Piauí;22;PI;Piauí;Nordeste;0;-7.00039;-40.9282;9767;89;America/Sao_Paulo
2200277;Alegrete do Piauí;22;PI;Piauí;Nordeste;0;-7.24196;-40.8566;2269;89;America/Sao_Paulo
2200301;Alto Longá;22;PI;Piauí;Nordeste;0;-5.25634;-42.2096;1005;86;America/Sao_Paulo
2200400;Altos;22;PI;Piauí;Nordeste;0;-5.03888;-42.4612;1007;86;America/Sao_Paulo
2200459;Alvorada do Gurguéia;22;PI;Piauí;Nordeste;0;-8.42418;-43.777;0268;89;America/Sao_Paulo
2200509;Amarante;22;PI;Piauí;Nordeste;0;-6.24304;-42.8433;1009;86;America/Sao_Paulo
2200608;Angical do Piauí;22;PI;Piauí;Nordeste;0;-6.08786;-42.74;1011;86;America/Sao_Paulo
2200707;Anísio de Abreu;22;PI;Piauí;Nordeste;0;-9.18564;-43.0494;1013;89;America/Sao_Paulo
2200806;Antônio Almeida;22;PI;Piauí;Nordeste;0;-7.21276;-44.1889;1015;89;America/Sao_Paulo
2200905;Aroazes;22;PI;Piauí;Nordeste;0;-6.11022;-41.7822;1017;89;America/Sao_Paulo
2200954;Aroeiras do Itaim;22;PI;Piauí;Nordeste;0;-7.24502;-41.5325;1188;89;America/Sao_Paulo
2201002;Arraial;22;PI;Piauí;Nordeste;0;-6.65075;-42.5418;1019;89;America/Sao_Paulo
2201051;Assunção do Piauí;22;PI;Piauí;Nordeste;0;-5.865;-41.0389;0270;86;America/Sao_Paulo
2201101;Avelino Lopes;22;PI;Piauí;Nordeste;0;-10.1345;-43.9563;1021;89;America/Sao_Paulo
2201150;Baixa Grande do Ribeiro;22;PI;Piauí;Nordeste;0;-7.84903;-45.219;2245;89;America/Sao_Paulo
2201176;Barra D'Alcântara;22;PI;Piauí;Nordeste;0;-6.51645;-42.1146;0272;89;America/Sao_Paulo
2201200;Barras;22;PI;Piauí;Nordeste;0;-4.24468;-42.2922;1023;86;America/Sao_Paulo
2201309;Barreiras do Piauí;22;PI;Piauí;Nordeste;0;-9.9296;-45.4702;1025;89;America/Sao_Paulo
2201408;Barro Duro;22;PI;Piauí;Nordeste;0;-5.81673;-42.5147;1027;86;America/Sao_Paulo
2201507;Batalha;22;PI;Piauí;Nordeste;0;-4.0223;-42.0787;1029;86;America/Sao_Paulo
2201556;Bela Vista do Piauí;22;PI;Piauí;Nordeste;0;-7.98809;-41.8675;0274;89;America/Sao_Paulo
2201572;Belém do Piauí;22;PI;Piauí;Nordeste;0;-7.36652;-40.9688;0276;89;America/Sao_Paulo
2201606;Beneditinos;22;PI;Piauí;Nordeste;0;-5.45676;-42.3638;1031;86;America/Sao_Paulo
2201705;Bertolínia;22;PI;Piauí;Nordeste;0;-7.63338;-43.9498;1033;89;America/Sao_Paulo
2201739;Betânia do Piauí;22;PI;Piauí;Nordeste;0;-8.14376;-40.7989;0278;89;America/Sao_Paulo
2201770;Boa Hora;22;PI;Piauí;Nordeste;0;-4.41404;-42.1357;0280;86;America/Sao_Paulo
2201804;Bocaina;22;PI;Piauí;Nordeste;0;-6.94124;-41.3168;1035;89;America/Sao_Paulo
2201903;Bom Jesus;22;PI;Piauí;Nordeste;0;-9.07124;-44.359;1037;89;America/Sao_Paulo
2201919;Bom Princípio do Piauí;22;PI;Piauí;Nordeste;0;-3.19631;-41.6403;2287;86;America/Sao_Paulo
2201929;Bonfim do Piauí;22;PI;Piauí;Nordeste;0;-9.1605;-42.8865;2251;89;America/Sao_Paulo
2201945;Boqueirão do Piauí;22;PI;Piauí;Nordeste;0;-4.48181;-42.1212;0282;86;America/Sao_Paulo
2201960;Brasileira;22;PI;Piauí;Nordeste;0;-4.1337;-41.7859;2283;86;America/Sao_Paulo
2201988;Brejo do Piauí;22;PI;Piauí;Nordeste;0;-8.20314;-42.8229;0284;89;America/Sao_Paulo
2202000;Buriti dos Lopes;22;PI;Piauí;Nordeste;0;-3.18259;-41.8695;1039;86;America/Sao_Paulo
2202026;Buriti dos Montes;22;PI;Piauí;Nordeste;0;-5.30584;-41.0933;1297;86;America/Sao_Paulo
2202059;Cabeceiras do Piauí;22;PI;Piauí;Nordeste;0;-4.4773;-42.3069;1299;86;America/Sao_Paulo
2202075;Cajazeiras do Piauí;22;PI;Piauí;Nordeste;0;-6.79667;-42.3903;0286;89;America/Sao_Paulo
2202083;Cajueiro da Praia;22;PI;Piauí;Nordeste;0;-2.93111;-41.3408;0288;86;America/Sao_Paulo
2202091;Caldeirão Grande do Piauí;22;PI;Piauí;Nordeste;0;-7.3314;-40.6366;2271;89;America/Sao_Paulo
2202109;Campinas do Piauí;22;PI;Piauí;Nordeste;0;-7.6593;-41.8775;1041;89;America/Sao_Paulo
2202117;Campo Alegre do Fidalgo;22;PI;Piauí;Nordeste;0;-8.38236;-41.8344;0290;89;America/Sao_Paulo
2202133;Campo Grande do Piauí;22;PI;Piauí;Nordeste;0;-7.12827;-41.0315;0292;89;America/Sao_Paulo
2202174;Campo Largo do Piauí;22;PI;Piauí;Nordeste;0;-3.80441;-42.64;0294;86;America/Sao_Paulo
2202208;Campo Maior;22;PI;Piauí;Nordeste;0;-4.8217;-42.1641;1043;86;America/Sao_Paulo
2202251;Canavieira;22;PI;Piauí;Nordeste;0;-7.68821;-43.7233;2247;89;America/Sao_Paulo
2202307;Canto do Buriti;22;PI;Piauí;Nordeste;0;-8.1111;-42.9517;1045;89;America/Sao_Paulo
2202406;Capitão de Campos;22;PI;Piauí;Nordeste;0;-4.457;-41.944;1047;86;America/Sao_Paulo
2202455;Capitão Gervásio Oliveira;22;PI;Piauí;Nordeste;0;-8.49655;-41.814;0296;89;America/Sao_Paulo
2202505;Caracol;22;PI;Piauí;Nordeste;0;-9.27933;-43.329;1049;89;America/Sao_Paulo
2202539;Caraúbas do Piauí;22;PI;Piauí;Nordeste;0;-3.47525;-41.8425;0298;86;America/Sao_Paulo
2202554;Caridade do Piauí;22;PI;Piauí;Nordeste;0;-7.73435;-40.9848;0300;89;America/Sao_Paulo
2202604;Castelo do Piauí;22;PI;Piauí;Nordeste;0;-5.31869;-41.5499;1051;86;America/Sao_Paulo
2202653;Caxingó;22;PI;Piauí;Nordeste;0;-3.41904;-41.8955;0302;86;America/Sao_Paulo
2202703;Cocal;22;PI;Piauí;Nordeste;0;-3.47279;-41.5546;1053;86;America/Sao_Paulo
2202711;Cocal de Telha;22;PI;Piauí;Nordeste;0;-4.5571;-41.9587;0304;86;America/Sao_Paulo
2202729;Cocal dos Alves;22;PI;Piauí;Nordeste;0;-3.62047;-41.4402;0306;86;America/Sao_Paulo
2202737;Coivaras;22;PI;Piauí;Nordeste;0;-5.09224;-42.208;0995;86;America/Sao_Paulo
2202752;Colônia do Gurguéia;22;PI;Piauí;Nordeste;0;-8.1837;-43.794;2249;89;America/Sao_Paulo
2202778;Colônia do Piauí;22;PI;Piauí;Nordeste;0;-7.22651;-42.1756;2253;89;America/Sao_Paulo
2202802;Conceição do Canindé;22;PI;Piauí;Nordeste;0;-7.87638;-41.5942;1055;89;America/Sao_Paulo
2202851;Coronel José Dias;22;PI;Piauí;Nordeste;0;-8.81397;-42.5232;2255;89;America/Sao_Paulo
2202901;Corrente;22;PI;Piauí;Nordeste;0;-10.4333;-45.1633;1057;89;America/Sao_Paulo
2203008;Cristalândia do Piauí;22;PI;Piauí;Nordeste;0;-10.6443;-45.1893;1059;89;America/Sao_Paulo
2203107;Cristino Castro;22;PI;Piauí;Nordeste;0;-8.82273;-44.223;1061;89;America/Sao_Paulo
2203206;Curimatá;22;PI;Piauí;Nordeste;0;-10.0326;-44.3002;1063;89;America/Sao_Paulo
2203230;Currais;22;PI;Piauí;Nordeste;0;-9.01175;-44.4062;0308;89;America/Sao_Paulo
2203255;Curralinhos;22;PI;Piauí;Nordeste;0;-5.60825;-42.8376;0310;86;America/Sao_Paulo
2203271;Curral Novo do Piauí;22;PI;Piauí;Nordeste;0;-7.8313;-40.8957;0312;89;America/Sao_Paulo
2203305;Demerval Lobão;22;PI;Piauí;Nordeste;0;-5.35875;-42.6776;1065;86;America/Sao_Paulo
2203354;Dirceu Arcoverde;22;PI;Piauí;Nordeste;0;-9.33939;-42.4348;1229;89;America/Sao_Paulo
2203404;Dom Expedito Lopes;22;PI;Piauí;Nordeste;0;-6.95332;-41.6396;1067;89;America/Sao_Paulo
2203420;Domingos Mourão;22;PI;Piauí;Nordeste;0;-4.2495;-41.2683;1141;86;America/Sao_Paulo
2203453;Dom Inocêncio;22;PI;Piauí;Nordeste;0;-9.00516;-41.9697;1289;89;America/Sao_Paulo
2203503;Elesbão Veloso;22;PI;Piauí;Nordeste;0;-6.19947;-42.1355;1069;86;America/Sao_Paulo
2203602;Eliseu Martins;22;PI;Piauí;Nordeste;0;-8.09629;-43.6705;1071;89;America/Sao_Paulo
2203701;Esperantina;22;PI;Piauí;Nordeste;0;-3.88863;-42.2324;1073;86;America/Sao_Paulo
2203750;Fartura do Piauí;22;PI;Piauí;Nordeste;0;-9.48342;-42.7912;2257;89;America/Sao_Paulo
2203800;Flores do Piauí;22;PI;Piauí;Nordeste;0;-7.78793;-42.918;1075;89;America/Sao_Paulo
2203859;Floresta do Piauí;22;PI;Piauí;Nordeste;0;-7.46682;-41.7883;0314;89;America/Sao_Paulo
2203909;Floriano;22;PI;Piauí;Nordeste;0;-6.77182;-43.0241;1077;89;America/Sao_Paulo
2204006;Francinópolis;22;PI;Piauí;Nordeste;0;-6.39334;-42.2591;1079;89;America/Sao_Paulo
2204105;Francisco Ayres;22;PI;Piauí;Nordeste;0;-6.62606;-42.6881;1081;89;America/Sao_Paulo
2204154;Francisco Macedo;22;PI;Piauí;Nordeste;0;-7.331;-40.788;0316;89;America/Sao_Paulo
2204204;Francisco Santos;22;PI;Piauí;Nordeste;0;-6.99491;-41.1288;1083;89;America/Sao_Paulo
2204303;Fronteiras;22;PI;Piauí;Nordeste;0;-7.08173;-40.6146;1085;89;America/Sao_Paulo
2204352;Geminiano;22;PI;Piauí;Nordeste;0;-7.15476;-41.3409;0318;89;America/Sao_Paulo
2204402;Gilbués;22;PI;Piauí;Nordeste;0;-9.83001;-45.3423;1087;89;America/Sao_Paulo
2204501;Guadalupe;22;PI;Piauí;Nordeste;0;-6.78285;-43.5594;1089;89;America/Sao_Paulo
2204550;Guaribas;22;PI;Piauí;Nordeste;0;-9.38647;-43.6943;0320;89;America/Sao_Paulo
2204600;Hugo Napoleão;22;PI;Piauí;Nordeste;0;-5.9886;-42.5598;1091;86;America/Sao_Paulo
2204659;Ilha Grande;22;PI;Piauí;Nordeste;0;-2.85774;-41.8186;0322;86;America/Sao_Paulo
2204709;Inhuma;22;PI;Piauí;Nordeste;0;-6.665;-41.7041;1093;89;America/Sao_Paulo
2204808;Ipiranga do Piauí;22;PI;Piauí;Nordeste;0;-6.82421;-41.7381;1095;89;America/Sao_Paulo
2204907;Isaías Coelho;22;PI;Piauí;Nordeste;0;-7.73597;-41.6735;1097;89;America/Sao_Paulo
2205003;Itainópolis;22;PI;Piauí;Nordeste;0;-7.44336;-41.4687;1099;89;America/Sao_Paulo
2205102;Itaueira;22;PI;Piauí;Nordeste;0;-7.59989;-43.0249;1101;89;America/Sao_Paulo
2205151;Jacobina do Piauí;22;PI;Piauí;Nordeste;0;-7.93063;-41.2075;2273;89;America/Sao_Paulo
2205201;Jaicós;22;PI;Piauí;Nordeste;0;-7.36229;-41.1371;1103;89;America/Sao_Paulo
2205250;Jardim do Mulato;22;PI;Piauí;Nordeste;0;-6.099;-42.63;0997;86;America/Sao_Paulo
2205276;Jatobá do Piauí;22;PI;Piauí;Nordeste;0;-4.77025;-41.817;0324;86;America/Sao_Paulo
2205300;Jerumenha;22;PI;Piauí;Nordeste;0;-7.09128;-43.5033;1105;89;America/Sao_Paulo
2205359;João Costa;22;PI;Piauí;Nordeste;0;-8.50736;-42.4264;0326;89;America/Sao_Paulo
2205409;Joaquim Pires;22;PI;Piauí;Nordeste;0;-3.50164;-42.1865;1107;86;America/Sao_Paulo
2205458;Joca Marques;22;PI;Piauí;Nordeste;0;-3.4804;-42.4255;0328;86;America/Sao_Paulo
2205508;José de Freitas;22;PI;Piauí;Nordeste;0;-4.75146;-42.5746;1109;86;America/Sao_Paulo
2205516;Juazeiro do Piauí;22;PI;Piauí;Nordeste;0;-5.17459;-41.6976;0330;86;America/Sao_Paulo
2205524;Júlio Borges;22;PI;Piauí;Nordeste;0;-10.3225;-44.2381;0332;89;America/Sao_Paulo
2205532;Jurema;22;PI;Piauí;Nordeste;0;-9.21992;-43.1337;0334;89;America/Sao_Paulo
2205540;Lagoinha do Piauí;22;PI;Piauí;Nordeste;0;-5.83074;-42.6223;0336;86;America/Sao_Paulo
2205557;Lagoa Alegre;22;PI;Piauí;Nordeste;0;-4.51539;-42.6309;0999;86;America/Sao_Paulo
2205565;Lagoa do Barro do Piauí;22;PI;Piauí;Nordeste;0;-8.47673;-41.5342;2259;89;America/Sao_Paulo
2205573;Lagoa de São Francisco;22;PI;Piauí;Nordeste;0;-4.38505;-41.5969;0338;86;America/Sao_Paulo
2205581;Lagoa do Piauí;22;PI;Piauí;Nordeste;0;-5.41864;-42.6437;0340;86;America/Sao_Paulo
2205599;Lagoa do Sítio;22;PI;Piauí;Nordeste;0;-6.50766;-41.5653;0342;89;America/Sao_Paulo
2205607;Landri Sales;22;PI;Piauí;Nordeste;0;-7.25922;-43.9364;1111;89;America/Sao_Paulo
2205706;Luís Correia;22;PI;Piauí;Nordeste;0;-2.88438;-41.6641;1113;86;America/Sao_Paulo
2205805;Luzilândia;22;PI;Piauí;Nordeste;0;-3.4683;-42.3718;1115;86;America/Sao_Paulo
2205854;Madeiro;22;PI;Piauí;Nordeste;0;-3.48624;-42.4981;0344;86;America/Sao_Paulo
2205904;Manoel Emídio;22;PI;Piauí;Nordeste;0;-8.01234;-43.8755;1117;89;America/Sao_Paulo
2205953;Marcolândia;22;PI;Piauí;Nordeste;0;-7.44169;-40.6602;2275;89;America/Sao_Paulo
2206001;Marcos Parente;22;PI;Piauí;Nordeste;0;-7.11565;-43.8926;1119;89;America/Sao_Paulo
2206050;Massapê do Piauí;22;PI;Piauí;Nordeste;0;-7.47469;-41.1103;0346;89;America/Sao_Paulo
2206100;Matias Olímpio;22;PI;Piauí;Nordeste;0;-3.71492;-42.5507;1121;86;America/Sao_Paulo
2206209;Miguel Alves;22;PI;Piauí;Nordeste;0;-4.16857;-42.8963;1123;86;America/Sao_Paulo
2206308;Miguel Leão;22;PI;Piauí;Nordeste;0;-5.68077;-42.7436;1125;86;America/Sao_Paulo
2206357;Milton Brandão;22;PI;Piauí;Nordeste;0;-4.68295;-41.4173;0348;86;America/Sao_Paulo
2206407;Monsenhor Gil;22;PI;Piauí;Nordeste;0;-5.562;-42.6075;1127;86;America/Sao_Paulo
2206506;Monsenhor Hipólito;22;PI;Piauí;Nordeste;0;-6.99275;-41.026;1129;89;America/Sao_Paulo
2206605;Monte Alegre do Piauí;22;PI;Piauí;Nordeste;0;-9.75364;-45.3037;1131;89;America/Sao_Paulo
2206654;Morro Cabeça no Tempo;22;PI;Piauí;Nordeste;0;-9.71891;-43.9072;0350;89;America/Sao_Paulo
2206670;Morro do Chapéu do Piauí;22;PI;Piauí;Nordeste;0;-3.73337;-42.3024;0352;86;America/Sao_Paulo
2206696;Murici dos Portelas;22;PI;Piauí;Nordeste;0;-3.319;-42.094;0354;86;America/Sao_Paulo
2206704;Nazaré do Piauí;22;PI;Piauí;Nordeste;0;-6.97023;-42.6773;1133;89;America/Sao_Paulo
2206720;Nazária;22;PI;Piauí;Nordeste;0;-5.35128;-42.8153;1180;86;America/Sao_Paulo
2206753;Nossa Senhora de Nazaré;22;PI;Piauí;Nordeste;0;-4.63019;-42.173;0356;86;America/Sao_Paulo
2206803;Nossa Senhora dos Remédios;22;PI;Piauí;Nordeste;0;-3.97574;-42.6184;1135;86;America/Sao_Paulo
2206902;Novo Oriente do Piauí;22;PI;Piauí;Nordeste;0;-6.44901;-41.9261;1137;89;America/Sao_Paulo
2206951;Novo Santo Antônio;22;PI;Piauí;Nordeste;0;-5.28749;-41.9325;0358;86;America/Sao_Paulo
2207009;Oeiras;22;PI;Piauí;Nordeste;0;-7.01915;-42.1283;1139;89;America/Sao_Paulo
2207108;Olho D'Água do Piauí;22;PI;Piauí;Nordeste;0;-5.84125;-42.5594;0360;86;America/Sao_Paulo
2207207;Padre Marcos;22;PI;Piauí;Nordeste;0;-7.35101;-40.8997;1143;89;America/Sao_Paulo
2207306;Paes Landim;22;PI;Piauí;Nordeste;0;-7.77375;-42.2474;1145;89;America/Sao_Paulo
2207355;Pajeú do Piauí;22;PI;Piauí;Nordeste;0;-7.85508;-42.8248;0362;89;America/Sao_Paulo
2207405;Palmeira do Piauí;22;PI;Piauí;Nordeste;0;-8.73076;-44.2466;1147;89;America/Sao_Paulo
2207504;Palmeirais;22;PI;Piauí;Nordeste;0;-5.97086;-43.056;1149;86;America/Sao_Paulo
2207553;Paquetá;22;PI;Piauí;Nordeste;0;-7.10303;-41.7;0364;89;America/Sao_Paulo
2207603;Parnaguá;22;PI;Piauí;Nordeste;0;-10.2166;-44.63;1151;89;America/Sao_Paulo
2207702;Parnaíba;22;PI;Piauí;Nordeste;0;-2.90585;-41.7754;1153;86;America/Sao_Paulo
2207751;Passagem Franca do Piauí;22;PI;Piauí;Nordeste;0;-5.86036;-42.4436;1293;86;America/Sao_Paulo
2207777;Patos do Piauí;22;PI;Piauí;Nordeste;0;-7.67231;-41.2408;2277;89;America/Sao_Paulo
2207793;Pau D'Arco do Piauí;22;PI;Piauí;Nordeste;0;-5.26072;-42.3908;1104;86;America/Sao_Paulo
2207801;Paulistana;22;PI;Piauí;Nordeste;0;-8.13436;-41.1431;1155;89;America/Sao_Paulo
2207850;Pavussu;22;PI;Piauí;Nordeste;0;-7.96059;-43.2284;0366;89;America/Sao_Paulo
2207900;Pedro II;22;PI;Piauí;Nordeste;0;-4.42585;-41.4482;1157;86;America/Sao_Paulo
2207934;Pedro Laurentino;22;PI;Piauí;Nordeste;0;-8.06807;-42.2847;0368;89;America/Sao_Paulo
2207959;Nova Santa Rita;22;PI;Piauí;Nordeste;0;-8.09707;-42.0471;0370;89;America/Sao_Paulo
2208007;Picos;22;PI;Piauí;Nordeste;0;-7.07721;-41.467;1159;89;America/Sao_Paulo
2208106;Pimenteiras;22;PI;Piauí;Nordeste;0;-6.23839;-41.4113;1161;89;America/Sao_Paulo
2208205;Pio IX;22;PI;Piauí;Nordeste;0;-6.83002;-40.6083;1163;89;America/Sao_Paulo
2208304;Piracuruca;22;PI;Piauí;Nordeste;0;-3.93335;-41.7088;1165;86;America/Sao_Paulo
2208403;Piripiri;22;PI;Piauí;Nordeste;0;-4.27157;-41.7716;1167;86;America/Sao_Paulo
2208502;Porto;22;PI;Piauí;Nordeste;0;-3.88815;-42.6998;1169;86;America/Sao_Paulo
2208551;Porto Alegre do Piauí;22;PI;Piauí;Nordeste;0;-6.96423;-44.1837;0372;89;America/Sao_Paulo
2208601;Prata do Piauí;22;PI;Piauí;Nordeste;0;-5.67265;-42.2046;1171;86;America/Sao_Paulo
2208650;Queimada Nova;22;PI;Piauí;Nordeste;0;-8.57064;-41.4106;2279;89;America/Sao_Paulo
2208700;Redenção do Gurguéia;22;PI;Piauí;Nordeste;0;-9.47937;-44.5811;1173;89;America/Sao_Paulo
2208809;Regeneração;22;PI;Piauí;Nordeste;0;-6.23115;-42.6842;1175;86;America/Sao_Paulo
2208858;Riacho Frio;22;PI;Piauí;Nordeste;0;-10.1244;-44.9503;0374;89;America/Sao_Paulo
2208874;Ribeira do Piauí;22;PI;Piauí;Nordeste;0;-7.69028;-42.7128;0376;89;America/Sao_Paulo
2208908;Ribeiro Gonçalves;22;PI;Piauí;Nordeste;0;-7.55651;-45.2447;1177;89;America/Sao_Paulo
2209005;Rio Grande do Piauí;22;PI;Piauí;Nordeste;0;-7.78029;-43.1369;1179;89;America/Sao_Paulo
2209104;Santa Cruz do Piauí;22;PI;Piauí;Nordeste;0;-7.1785;-41.7609;1181;89;America/Sao_Paulo
2209153;Santa Cruz dos Milagres;22;PI;Piauí;Nordeste;0;-5.80581;-41.9506;1295;89;America/Sao_Paulo
2209203;Santa Filomena;22;PI;Piauí;Nordeste;0;-9.11228;-45.9116;1183;89;America/Sao_Paulo
2209302;Santa Luz;22;PI;Piauí;Nordeste;0;-8.9488;-44.1296;1185;89;America/Sao_Paulo
2209351;Santana do Piauí;22;PI;Piauí;Nordeste;0;-6.94696;-41.5178;2281;89;America/Sao_Paulo
2209377;Santa Rosa do Piauí;22;PI;Piauí;Nordeste;0;-6.79581;-42.2814;2261;89;America/Sao_Paulo
2209401;Santo Antônio de Lisboa;22;PI;Piauí;Nordeste;0;-6.98676;-41.2252;1187;89;America/Sao_Paulo
2209450;Santo Antônio dos Milagres;22;PI;Piauí;Nordeste;0;-6.04647;-42.7123;0378;86;America/Sao_Paulo
2209500;Santo Inácio do Piauí;22;PI;Piauí;Nordeste;0;-7.42072;-41.9063;1189;89;America/Sao_Paulo
2209559;São Braz do Piauí;22;PI;Piauí;Nordeste;0;-9.05797;-43.0076;2263;89;America/Sao_Paulo
2209609;São Félix do Piauí;22;PI;Piauí;Nordeste;0;-5.93485;-42.1172;1191;86;America/Sao_Paulo
2209658;São Francisco de Assis do Piauí;22;PI;Piauí;Nordeste;0;-8.23599;-41.6873;0380;89;America/Sao_Paulo
2209708;São Francisco do Piauí;22;PI;Piauí;Nordeste;0;-7.2463;-42.541;1193;89;America/Sao_Paulo
2209757;São Gonçalo do Gurguéia;22;PI;Piauí;Nordeste;0;-10.0319;-45.3092;0382;89;America/Sao_Paulo
2209807;São Gonçalo do Piauí;22;PI;Piauí;Nordeste;0;-5.99393;-42.7095;1195;86;America/Sao_Paulo
2209856;São João da Canabrava;22;PI;Piauí;Nordeste;0;-6.81203;-41.3415;1291;89;America/Sao_Paulo
2209872;São João da Fronteira;22;PI;Piauí;Nordeste;0;-3.95497;-41.2569;0384;86;America/Sao_Paulo
2209906;São João da Serra;22;PI;Piauí;Nordeste;0;-5.51081;-41.8923;1197;86;America/Sao_Paulo
2209955;São João da Varjota;22;PI;Piauí;Nordeste;0;-6.94082;-41.8889;0386;89;America/Sao_Paulo
2209971;São João do Arraial;22;PI;Piauí;Nordeste;0;-3.8186;-42.4459;0388;86;America/Sao_Paulo
2210003;São João do Piauí;22;PI;Piauí;Nordeste;0;-8.35466;-42.2559;1199;89;America/Sao_Paulo
2210052;São José do Divino;22;PI;Piauí;Nordeste;0;-3.81411;-41.8308;2285;86;America/Sao_Paulo
2210102;São José do Peixe;22;PI;Piauí;Nordeste;0;-7.48554;-42.5672;1201;89;America/Sao_Paulo
2210201;São José do Piauí;22;PI;Piauí;Nordeste;0;-6.87194;-41.4731;1203;89;America/Sao_Paulo
2210300;São Julião;22;PI;Piauí;Nordeste;0;-7.08391;-40.8246;1205;89;America/Sao_Paulo
2210359;São Lourenço do Piauí;22;PI;Piauí;Nordeste;0;-9.16463;-42.5496;2265;89;America/Sao_Paulo
2210375;São Luis do Piauí;22;PI;Piauí;Nordeste;0;-6.81936;-41.3175;0390;89;America/Sao_Paulo
2210383;São Miguel da Baixa Grande;22;PI;Piauí;Nordeste;0;-5.85646;-42.1934;0392;86;America/Sao_Paulo
2210391;São Miguel do Fidalgo;22;PI;Piauí;Nordeste;0;-7.59713;-42.3676;0394;89;America/Sao_Paulo
2210409;São Miguel do Tapuio;22;PI;Piauí;Nordeste;0;-5.49729;-41.3165;1207;86;America/Sao_Paulo
2210508;São Pedro do Piauí;22;PI;Piauí;Nordeste;0;-5.92078;-42.7192;1209;86;America/Sao_Paulo
2210607;São Raimundo Nonato;22;PI;Piauí;Nordeste;0;-9.01241;-42.6987;1211;89;America/Sao_Paulo
2210623;Sebastião Barros;22;PI;Piauí;Nordeste;0;-10.817;-44.8337;0396;89;America/Sao_Paulo
2210631;Sebastião Leal;22;PI;Piauí;Nordeste;0;-7.56803;-44.06;0398;89;America/Sao_Paulo
2210656;Sigefredo Pacheco;22;PI;Piauí;Nordeste;0;-4.91665;-41.7311;1379;86;America/Sao_Paulo
2210706;Simões;22;PI;Piauí;Nordeste;0;-7.59109;-40.8137;1213;89;America/Sao_Paulo
2210805;Simplício Mendes;22;PI;Piauí;Nordeste;0;-7.85294;-41.9075;1215;89;America/Sao_Paulo
2210904;Socorro do Piauí;22;PI;Piauí;Nordeste;0;-7.86773;-42.4922;1217;89;America/Sao_Paulo
2210938;Sussuapara;22;PI;Piauí;Nordeste;0;-7.03687;-41.3767;0400;89;America/Sao_Paulo
2210953;Tamboril do Piauí;22;PI;Piauí;Nordeste;0;-8.40937;-42.9211;0402;89;America/Sao_Paulo
2210979;Tanque do Piauí;22;PI;Piauí;Nordeste;0;-6.59787;-42.2795;0404;89;America/Sao_Paulo
2211001;Teresina;22;PI;Piauí;Nordeste;1;-5.09194;-42.8034;1219;86;America/Sao_Paulo
2211100;União;22;PI;Piauí;Nordeste;0;-4.58571;-42.8583;1221;86;America/Sao_Paulo
2211209;Uruçuí;22;PI;Piauí;Nordeste;0;-7.23944;-44.5577;1223;89;America/Sao_Paulo
2211308;Valença do Piauí;22;PI;Piauí;Nordeste;0;-6.40301;-41.7375;1225;89;America/Sao_Paulo
2211357;Várzea Branca;22;PI;Piauí;Nordeste;0;-9.238;-42.9692;2267;89;America/Sao_Paulo
2211407;Várzea Grande;22;PI;Piauí;Nordeste;0;-6.54899;-42.248;1227;89;America/Sao_Paulo
2211506;Vera Mendes;22;PI;Piauí;Nordeste;0;-7.59748;-41.4673;0406;89;America/Sao_Paulo
2211605;Vila Nova do Piauí;22;PI;Piauí;Nordeste;0;-7.13272;-40.9345;0408;89;America/Sao_Paulo
2211704;Wall Ferraz;22;PI;Piauí;Nordeste;0;-7.23151;-41.905;0410;89;America/Sao_Paulo
2300101;Abaiara;23;CE;Ceará;Nordeste;0;-7.34588;-39.0416;1301;88;America/Sao_Paulo
2300150;Acarape;23;CE;Ceará;Nordeste;0;-4.22083;-38.7055;1231;85;America/Sao_Paulo
2300200;Acaraú;23;CE;Ceará;Nordeste;0;-2.88769;-40.1183;1303;88;America/Sao_Paulo
2300309;Acopiara;23;CE;Ceará;Nordeste;0;-6.08911;-39.448;1305;88;America/Sao_Paulo
2300408;Aiuaba;23;CE;Ceará;Nordeste;0;-6.57122;-40.1178;1307;88;America/Sao_Paulo
2300507;Alcântaras;23;CE;Ceará;Nordeste;0;-3.58537;-40.5479;1309;88;America/Sao_Paulo
2300606;Altaneira;23;CE;Ceará;Nordeste;0;-6.99837;-39.7356;1311;88;America/Sao_Paulo
2300705;Alto Santo;23;CE;Ceará;Nordeste;0;-5.50894;-38.2743;1313;88;America/Sao_Paulo
2300754;Amontada;23;CE;Ceará;Nordeste;0;-3.36017;-39.8288;1587;88;America/Sao_Paulo
2300804;Antonina do Norte;23;CE;Ceará;Nordeste;0;-6.76919;-39.987;1315;88;America/Sao_Paulo
2300903;Apuiarés;23;CE;Ceará;Nordeste;0;-3.94506;-39.4359;1317;85;America/Sao_Paulo
2301000;Aquiraz;23;CE;Ceará;Nordeste;0;-3.89929;-38.3896;1319;85;America/Sao_Paulo
2301109;Aracati;23;CE;Ceará;Nordeste;0;-4.55826;-37.7679;1321;88;America/Sao_Paulo
2301208;Aracoiaba;23;CE;Ceará;Nordeste;0;-4.36872;-38.8125;1323;85;America/Sao_Paulo
2301257;Ararendá;23;CE;Ceará;Nordeste;0;-4.74567;-40.831;0989;88;America/Sao_Paulo
2301307;Araripe;23;CE;Ceará;Nordeste;0;-7.21319;-40.1359;1325;88;America/Sao_Paulo
2301406;Aratuba;23;CE;Ceará;Nordeste;0;-4.41229;-39.0471;1327;85;America/Sao_Paulo
2301505;Arneiroz;23;CE;Ceará;Nordeste;0;-6.3165;-40.1653;1329;88;America/Sao_Paulo
2301604;Assaré;23;CE;Ceará;Nordeste;0;-6.8669;-39.8689;1331;88;America/Sao_Paulo
2301703;Aurora;23;CE;Ceará;Nordeste;0;-6.93349;-38.9742;1333;88;America/Sao_Paulo
2301802;Baixio;23;CE;Ceará;Nordeste;0;-6.71945;-38.7134;1335;88;America/Sao_Paulo
2301851;Banabuiú;23;CE;Ceará;Nordeste;0;-5.30454;-38.9132;1233;88;America/Sao_Paulo
2301901;Barbalha;23;CE;Ceará;Nordeste;0;-7.2982;-39.3021;1337;88;America/Sao_Paulo
2301950;Barreira;23;CE;Ceará;Nordeste;0;-4.28921;-38.6429;1235;85;America/Sao_Paulo
2302008;Barro;23;CE;Ceará;Nordeste;0;-7.17188;-38.7741;1339;88;America/Sao_Paulo
2302057;Barroquinha;23;CE;Ceará;Nordeste;0;-3.02051;-41.1358;1237;88;America/Sao_Paulo
2302107;Baturité;23;CE;Ceará;Nordeste;0;-4.32598;-38.8812;1341;85;America/Sao_Paulo
2302206;Beberibe;23;CE;Ceará;Nordeste;0;-4.17741;-38.1271;1343;85;America/Sao_Paulo
2302305;Bela Cruz;23;CE;Ceará;Nordeste;0;-3.04996;-40.1671;1345;88;America/Sao_Paulo
2302404;Boa Viagem;23;CE;Ceará;Nordeste;0;-5.11258;-39.7337;1347;88;America/Sao_Paulo
2302503;Brejo Santo;23;CE;Ceará;Nordeste;0;-7.48469;-38.9799;1349;88;America/Sao_Paulo
2302602;Camocim;23;CE;Ceará;Nordeste;0;-2.9005;-40.8544;1351;88;America/Sao_Paulo
2302701;Campos Sales;23;CE;Ceará;Nordeste;0;-7.06761;-40.3687;1353;88;America/Sao_Paulo
2302800;Canindé;23;CE;Ceará;Nordeste;0;-4.35162;-39.3155;1355;85;America/Sao_Paulo
2302909;Capistrano;23;CE;Ceará;Nordeste;0;-4.45569;-38.9048;1357;85;America/Sao_Paulo
2303006;Caridade;23;CE;Ceará;Nordeste;0;-4.22514;-39.1912;1359;85;America/Sao_Paulo
2303105;Cariré;23;CE;Ceará;Nordeste;0;-3.94858;-40.476;1361;88;America/Sao_Paulo
2303204;Caririaçu;23;CE;Ceará;Nordeste;0;-7.02808;-39.2828;1363;88;America/Sao_Paulo
2303303;Cariús;23;CE;Ceará;Nordeste;0;-6.52428;-39.4916;1365;88;America/Sao_Paulo
2303402;Carnaubal;23;CE;Ceará;Nordeste;0;-4.15985;-40.9413;1367;88;America/Sao_Paulo
2303501;Cascavel;23;CE;Ceará;Nordeste;0;-4.12967;-38.2412;1369;85;America/Sao_Paulo
2303600;Catarina;23;CE;Ceará;Nordeste;0;-6.12291;-39.8736;1371;88;America/Sao_Paulo
2303659;Catunda;23;CE;Ceará;Nordeste;0;-4.64336;-40.2;0983;88;America/Sao_Paulo
2303709;Caucaia;23;CE;Ceará;Nordeste;0;-3.72797;-38.6619;1373;85;America/Sao_Paulo
2303808;Cedro;23;CE;Ceará;Nordeste;0;-6.60034;-39.0609;1375;88;America/Sao_Paulo
2303907;Chaval;23;CE;Ceará;Nordeste;0;-3.03571;-41.2435;1377;88;America/Sao_Paulo
2303931;Choró;23;CE;Ceará;Nordeste;0;-4.83906;-39.1344;0993;88;America/Sao_Paulo
2303956;Chorozinho;23;CE;Ceará;Nordeste;0;-4.28873;-38.4986;1239;85;America/Sao_Paulo
2304004;Coreaú;23;CE;Ceará;Nordeste;0;-3.5415;-40.6587;1381;88;America/Sao_Paulo
2304103;Crateús;23;CE;Ceará;Nordeste;0;-5.16768;-40.6536;1383;88;America/Sao_Paulo
2304202;Crato;23;CE;Ceará;Nordeste;0;-7.2153;-39.4103;1385;88;America/Sao_Paulo
2304236;Croatá;23;CE;Ceará;Nordeste;0;-4.40481;-40.9022;1241;88;America/Sao_Paulo
2304251;Cruz;23;CE;Ceará;Nordeste;0;-2.91813;-40.176;1589;88;America/Sao_Paulo
2304269;Deputado Irapuan Pinheiro;23;CE;Ceará;Nordeste;0;-5.91485;-39.257;1243;88;America/Sao_Paulo
2304277;Ererê;23;CE;Ceará;Nordeste;0;-6.02751;-38.3461;1245;88;America/Sao_Paulo
2304285;Eusébio;23;CE;Ceará;Nordeste;0;-3.8925;-38.4559;1247;85;America/Sao_Paulo
2304301;Farias Brito;23;CE;Ceará;Nordeste;0;-6.92146;-39.5651;1387;88;America/Sao_Paulo
2304350;Forquilha;23;CE;Ceará;Nordeste;0;-3.79945;-40.2634;1591;88;America/Sao_Paulo
2304400;Fortaleza;23;CE;Ceará;Nordeste;1;-3.71664;-38.5423;1389;85;America/Sao_Paulo
2304459;Fortim;23;CE;Ceará;Nordeste;0;-4.45126;-37.7981;0987;88;America/Sao_Paulo
2304509;Frecheirinha;23;CE;Ceará;Nordeste;0;-3.75557;-40.818;1391;88;America/Sao_Paulo
2304608;General Sampaio;23;CE;Ceará;Nordeste;0;-4.04351;-39.454;1393;85;America/Sao_Paulo
2304657;Graça;23;CE;Ceará;Nordeste;0;-4.04422;-40.749;1249;88;America/Sao_Paulo
2304707;Granja;23;CE;Ceará;Nordeste;0;-3.12788;-40.8372;1395;88;America/Sao_Paulo
2304806;Granjeiro;23;CE;Ceará;Nordeste;0;-6.88134;-39.2144;1397;88;America/Sao_Paulo
2304905;Groaíras;23;CE;Ceará;Nordeste;0;-3.91787;-40.3852;1399;88;America/Sao_Paulo
2304954;Guaiúba;23;CE;Ceará;Nordeste;0;-4.04057;-38.6404;1251;85;America/Sao_Paulo
2305001;Guaraciaba do Norte;23;CE;Ceará;Nordeste;0;-4.15814;-40.7476;1401;88;America/Sao_Paulo
2305100;Guaramiranga;23;CE;Ceará;Nordeste;0;-4.26248;-38.932;1403;85;America/Sao_Paulo
2305209;Hidrolândia;23;CE;Ceará;Nordeste;0;-4.40958;-40.4056;1405;88;America/Sao_Paulo
2305233;Horizonte;23;CE;Ceará;Nordeste;0;-4.1209;-38.4707;1253;85;America/Sao_Paulo
2305266;Ibaretama;23;CE;Ceará;Nordeste;0;-4.80376;-38.7501;1255;88;America/Sao_Paulo
2305308;Ibiapina;23;CE;Ceará;Nordeste;0;-3.92403;-40.8911;1407;88;America/Sao_Paulo
2305332;Ibicuitinga;23;CE;Ceará;Nordeste;0;-4.96999;-38.6362;1257;88;America/Sao_Paulo
2305357;Icapuí;23;CE;Ceará;Nordeste;0;-4.71206;-37.3531;1593;88;America/Sao_Paulo
2305407;Icó;23;CE;Ceará;Nordeste;0;-6.39627;-38.8554;1409;88;America/Sao_Paulo
2305506;Iguatu;23;CE;Ceará;Nordeste;0;-6.36281;-39.2892;1411;88;America/Sao_Paulo
2305605;Independência;23;CE;Ceará;Nordeste;0;-5.38789;-40.3085;1413;88;America/Sao_Paulo
2305654;Ipaporanga;23;CE;Ceará;Nordeste;0;-4.89764;-40.7537;1259;88;America/Sao_Paulo
2305704;Ipaumirim;23;CE;Ceará;Nordeste;0;-6.78265;-38.7179;1415;88;America/Sao_Paulo
2305803;Ipu;23;CE;Ceará;Nordeste;0;-4.31748;-40.7059;1417;88;America/Sao_Paulo
2305902;Ipueiras;23;CE;Ceará;Nordeste;0;-4.53802;-40.7118;1419;88;America/Sao_Paulo
2306009;Iracema;23;CE;Ceará;Nordeste;0;-5.8124;-38.2919;1421;88;America/Sao_Paulo
2306108;Irauçuba;23;CE;Ceará;Nordeste;0;-3.74737;-39.7843;1423;88;America/Sao_Paulo
2306207;Itaiçaba;23;CE;Ceará;Nordeste;0;-4.67146;-37.833;1425;88;America/Sao_Paulo
2306256;Itaitinga;23;CE;Ceará;Nordeste;0;-3.96577;-38.5298;0991;85;America/Sao_Paulo
2306306;Itapajé;23;CE;Ceará;Nordeste;0;-3.68314;-39.5855;1427;85;America/Sao_Paulo
2306405;Itapipoca;23;CE;Ceará;Nordeste;0;-3.49933;-39.5836;1429;88;America/Sao_Paulo
2306504;Itapiúna;23;CE;Ceará;Nordeste;0;-4.55516;-38.9281;1431;88;America/Sao_Paulo
2306553;Itarema;23;CE;Ceará;Nordeste;0;-2.9248;-39.9167;1595;88;America/Sao_Paulo
2306603;Itatira;23;CE;Ceará;Nordeste;0;-4.52608;-39.6202;1433;88;America/Sao_Paulo
2306702;Jaguaretama;23;CE;Ceará;Nordeste;0;-5.6051;-38.7639;1435;88;America/Sao_Paulo
2306801;Jaguaribara;23;CE;Ceará;Nordeste;0;-5.67765;-38.5359;1437;88;America/Sao_Paulo
2306900;Jaguaribe;23;CE;Ceará;Nordeste;0;-5.90213;-38.6227;1439;88;America/Sao_Paulo
2307007;Jaguaruana;23;CE;Ceará;Nordeste;0;-4.83151;-37.781;1441;88;America/Sao_Paulo
2307106;Jardim;23;CE;Ceará;Nordeste;0;-7.57599;-39.2826;1443;88;America/Sao_Paulo
2307205;Jati;23;CE;Ceará;Nordeste;0;-7.6797;-39.0029;1445;88;America/Sao_Paulo
2307254;Jijoca de Jericoacoara;23;CE;Ceará;Nordeste;0;-2.79331;-40.5127;0985;88;America/Sao_Paulo
2307304;Juazeiro do Norte;23;CE;Ceará;Nordeste;0;-7.19621;-39.3076;1447;88;America/Sao_Paulo
2307403;Jucás;23;CE;Ceará;Nordeste;0;-6.51523;-39.5187;1449;88;America/Sao_Paulo
2307502;Lavras da Mangabeira;23;CE;Ceará;Nordeste;0;-6.7448;-38.9706;1451;88;America/Sao_Paulo
2307601;Limoeiro do Norte;23;CE;Ceará;Nordeste;0;-5.14392;-38.0847;1453;88;America/Sao_Paulo
2307635;Madalena;23;CE;Ceará;Nordeste;0;-4.84601;-39.5725;1261;88;America/Sao_Paulo
2307650;Maracanaú;23;CE;Ceará;Nordeste;0;-3.86699;-38.6259;1585;85;America/Sao_Paulo
2307700;Maranguape;23;CE;Ceará;Nordeste;0;-3.89143;-38.6829;1455;85;America/Sao_Paulo
2307809;Marco;23;CE;Ceará;Nordeste;0;-3.1285;-40.1582;1457;88;America/Sao_Paulo
2307908;Martinópole;23;CE;Ceará;Nordeste;0;-3.2252;-40.6896;1459;88;America/Sao_Paulo
2308005;Massapê;23;CE;Ceará;Nordeste;0;-3.52364;-40.3423;1461;88;America/Sao_Paulo
2308104;Mauriti;23;CE;Ceará;Nordeste;0;-7.38597;-38.7708;1463;88;America/Sao_Paulo
2308203;Meruoca;23;CE;Ceará;Nordeste;0;-3.53974;-40.4531;1465;88;America/Sao_Paulo
2308302;Milagres;23;CE;Ceará;Nordeste;0;-7.29749;-38.9378;1467;88;America/Sao_Paulo
2308351;Milhã;23;CE;Ceará;Nordeste;0;-5.67252;-39.1875;1597;88;America/Sao_Paulo
2308377;Miraíma;23;CE;Ceará;Nordeste;0;-3.56867;-39.9663;1263;88;America/Sao_Paulo
2308401;Missão Velha;23;CE;Ceará;Nordeste;0;-7.23522;-39.143;1469;88;America/Sao_Paulo
2308500;Mombaça;23;CE;Ceará;Nordeste;0;-5.73844;-39.63;1471;88;America/Sao_Paulo
2308609;Monsenhor Tabosa;23;CE;Ceará;Nordeste;0;-4.79102;-40.0646;1473;88;America/Sao_Paulo
2308708;Morada Nova;23;CE;Ceará;Nordeste;0;-5.09736;-38.3702;1475;88;America/Sao_Paulo
2308807;Moraújo;23;CE;Ceará;Nordeste;0;-3.46311;-40.6776;1477;88;America/Sao_Paulo
2308906;Morrinhos;23;CE;Ceará;Nordeste;0;-3.23426;-40.1233;1479;88;America/Sao_Paulo
2309003;Mucambo;23;CE;Ceará;Nordeste;0;-3.90271;-40.7452;1481;88;America/Sao_Paulo
2309102;Mulungu;23;CE;Ceará;Nordeste;0;-4.30294;-38.9951;1483;85;America/Sao_Paulo
2309201;Nova Olinda;23;CE;Ceará;Nordeste;0;-7.08415;-39.6713;1485;88;America/Sao_Paulo
2309300;Nova Russas;23;CE;Ceará;Nordeste;0;-4.70581;-40.5621;1487;88;America/Sao_Paulo
2309409;Novo Oriente;23;CE;Ceará;Nordeste;0;-5.52552;-40.7713;1489;88;America/Sao_Paulo
2309458;Ocara;23;CE;Ceará;Nordeste;0;-4.48523;-38.5933;1265;85;America/Sao_Paulo
2309508;Orós;23;CE;Ceará;Nordeste;0;-6.25182;-38.9053;1491;88;America/Sao_Paulo
2309607;Pacajus;23;CE;Ceará;Nordeste;0;-4.17107;-38.465;1493;85;America/Sao_Paulo
2309706;Pacatuba;23;CE;Ceará;Nordeste;0;-3.9784;-38.6183;1495;85;America/Sao_Paulo
2309805;Pacoti;23;CE;Ceará;Nordeste;0;-4.22492;-38.922;1497;85;America/Sao_Paulo
2309904;Pacujá;23;CE;Ceará;Nordeste;0;-3.98327;-40.6989;1499;88;America/Sao_Paulo
2310001;Palhano;23;CE;Ceará;Nordeste;0;-4.73672;-37.9655;1501;88;America/Sao_Paulo
2310100;Palmácia;23;CE;Ceará;Nordeste;0;-4.13831;-38.8446;1503;85;America/Sao_Paulo
2310209;Paracuru;23;CE;Ceará;Nordeste;0;-3.41436;-39.03;1505;85;America/Sao_Paulo
2310258;Paraipaba;23;CE;Ceará;Nordeste;0;-3.43799;-39.1479;1599;85;America/Sao_Paulo
2310308;Parambu;23;CE;Ceará;Nordeste;0;-6.20768;-40.6905;1507;88;America/Sao_Paulo
2310407;Paramoti;23;CE;Ceará;Nordeste;0;-4.08815;-39.2417;1509;85;America/Sao_Paulo
2310506;Pedra Branca;23;CE;Ceará;Nordeste;0;-5.45341;-39.7078;1511;88;America/Sao_Paulo
2310605;Penaforte;23;CE;Ceará;Nordeste;0;-7.82163;-39.0707;1513;88;America/Sao_Paulo
2310704;Pentecoste;23;CE;Ceará;Nordeste;0;-3.79274;-39.2692;1515;85;America/Sao_Paulo
2310803;Pereiro;23;CE;Ceará;Nordeste;0;-6.03576;-38.4624;1517;88;America/Sao_Paulo
2310852;Pindoretama;23;CE;Ceará;Nordeste;0;-4.01584;-38.3061;1267;85;America/Sao_Paulo
2310902;Piquet Carneiro;23;CE;Ceará;Nordeste;0;-5.80025;-39.417;1519;88;America/Sao_Paulo
2310951;Pires Ferreira;23;CE;Ceará;Nordeste;0;-4.23922;-40.6442;1269;88;America/Sao_Paulo
2311009;Poranga;23;CE;Ceará;Nordeste;0;-4.74672;-40.9205;1521;88;America/Sao_Paulo
2311108;Porteiras;23;CE;Ceará;Nordeste;0;-7.52265;-39.114;1523;88;America/Sao_Paulo
2311207;Potengi;23;CE;Ceará;Nordeste;0;-7.09154;-40.0233;1525;88;America/Sao_Paulo
2311231;Potiretama;23;CE;Ceará;Nordeste;0;-5.71287;-38.1578;1271;88;America/Sao_Paulo
2311264;Quiterianópolis;23;CE;Ceará;Nordeste;0;-5.8425;-40.7002;9917;88;America/Sao_Paulo
2311306;Quixadá;23;CE;Ceará;Nordeste;0;-4.9663;-39.0155;1527;88;America/Sao_Paulo
2311355;Quixelô;23;CE;Ceará;Nordeste;0;-6.24637;-39.2011;9853;88;America/Sao_Paulo
2311405;Quixeramobim;23;CE;Ceará;Nordeste;0;-5.19067;-39.2889;1529;88;America/Sao_Paulo
2311504;Quixeré;23;CE;Ceará;Nordeste;0;-5.07148;-37.9802;1531;88;America/Sao_Paulo
2311603;Redenção;23;CE;Ceará;Nordeste;0;-4.21587;-38.7277;1533;85;America/Sao_Paulo
2311702;Reriutaba;23;CE;Ceará;Nordeste;0;-4.14191;-40.5759;1535;88;America/Sao_Paulo
2311801;Russas;23;CE;Ceará;Nordeste;0;-4.92673;-37.9721;1537;88;America/Sao_Paulo
2311900;Saboeiro;23;CE;Ceará;Nordeste;0;-6.5346;-39.9017;1539;88;America/Sao_Paulo
2311959;Salitre;23;CE;Ceará;Nordeste;0;-7.28398;-40.45;1273;88;America/Sao_Paulo
2312007;Santana do Acaraú;23;CE;Ceará;Nordeste;0;-3.46144;-40.2118;1541;88;America/Sao_Paulo
2312106;Santana do Cariri;23;CE;Ceará;Nordeste;0;-7.17613;-39.7302;1543;88;America/Sao_Paulo
2312205;Santa Quitéria;23;CE;Ceará;Nordeste;0;-4.32608;-40.1523;1545;88;America/Sao_Paulo
2312304;São Benedito;23;CE;Ceará;Nordeste;0;-4.04713;-40.8596;1547;88;America/Sao_Paulo
2312403;São Gonçalo do Amarante;23;CE;Ceará;Nordeste;0;-3.60515;-38.9726;1549;85;America/Sao_Paulo
2312502;São João do Jaguaribe;23;CE;Ceará;Nordeste;0;-5.27516;-38.2694;1551;88;America/Sao_Paulo
2312601;São Luís do Curu;23;CE;Ceará;Nordeste;0;-3.66976;-39.2391;1553;85;America/Sao_Paulo
2312700;Senador Pompeu;23;CE;Ceará;Nordeste;0;-5.58244;-39.3704;1555;88;America/Sao_Paulo
2312809;Senador Sá;23;CE;Ceará;Nordeste;0;-3.35305;-40.4662;1557;88;America/Sao_Paulo
2312908;Sobral;23;CE;Ceará;Nordeste;0;-3.68913;-40.3482;1559;88;America/Sao_Paulo
2313005;Solonópole;23;CE;Ceará;Nordeste;0;-5.71894;-39.0107;1561;88;America/Sao_Paulo
2313104;Tabuleiro do Norte;23;CE;Ceará;Nordeste;0;-5.24353;-38.1282;1563;88;America/Sao_Paulo
2313203;Tamboril;23;CE;Ceará;Nordeste;0;-4.83136;-40.3196;1565;88;America/Sao_Paulo
2313252;Tarrafas;23;CE;Ceará;Nordeste;0;-6.67838;-39.753;1275;88;America/Sao_Paulo
2313302;Tauá;23;CE;Ceará;Nordeste;0;-5.98585;-40.2968;1567;88;America/Sao_Paulo
2313351;Tejuçuoca;23;CE;Ceará;Nordeste;0;-3.98831;-39.5799;1277;85;America/Sao_Paulo
2313401;Tianguá;23;CE;Ceará;Nordeste;0;-3.72965;-40.9923;1569;88;America/Sao_Paulo
2313500;Trairi;23;CE;Ceará;Nordeste;0;-3.26932;-39.2681;1571;85;America/Sao_Paulo
2313559;Tururu;23;CE;Ceará;Nordeste;0;-3.58413;-39.4297;1279;85;America/Sao_Paulo
2313609;Ubajara;23;CE;Ceará;Nordeste;0;-3.85448;-40.9204;1573;88;America/Sao_Paulo
2313708;Umari;23;CE;Ceará;Nordeste;0;-6.63893;-38.7008;1575;88;America/Sao_Paulo
2313757;Umirim;23;CE;Ceará;Nordeste;0;-3.67654;-39.3465;9855;85;America/Sao_Paulo
2313807;Uruburetama;23;CE;Ceará;Nordeste;0;-3.62316;-39.5107;1577;85;America/Sao_Paulo
2313906;Uruoca;23;CE;Ceará;Nordeste;0;-3.30819;-40.5628;1579;88;America/Sao_Paulo
2313955;Varjota;23;CE;Ceará;Nordeste;0;-4.19387;-40.4741;9857;88;America/Sao_Paulo
2314003;Várzea Alegre;23;CE;Ceará;Nordeste;0;-6.78264;-39.2942;1581;88;America/Sao_Paulo
2314102;Viçosa do Ceará;23;CE;Ceará;Nordeste;0;-3.5667;-41.0916;1583;88;America/Sao_Paulo
2400109;Acari;24;RN;Rio Grande do Norte;Nordeste;0;-6.4282;-36.6347;1601;84;America/Sao_Paulo
2400208;Açu;24;RN;Rio Grande do Norte;Nordeste;0;-5.58362;-36.914;1603;84;America/Sao_Paulo
2400307;Afonso Bezerra;24;RN;Rio Grande do Norte;Nordeste;0;-5.49229;-36.5075;1605;84;America/Sao_Paulo
2400406;Água Nova;24;RN;Rio Grande do Norte;Nordeste;0;-6.20351;-38.2941;1607;84;America/Sao_Paulo
2400505;Alexandria;24;RN;Rio Grande do Norte;Nordeste;0;-6.40533;-38.0142;1609;84;America/Sao_Paulo
2400604;Almino Afonso;24;RN;Rio Grande do Norte;Nordeste;0;-6.1475;-37.7636;1611;84;America/Sao_Paulo
2400703;Alto do Rodrigues;24;RN;Rio Grande do Norte;Nordeste;0;-5.28186;-36.75;1613;84;America/Sao_Paulo
2400802;Angicos;24;RN;Rio Grande do Norte;Nordeste;0;-5.65792;-36.6094;1615;84;America/Sao_Paulo
2400901;Antônio Martins;24;RN;Rio Grande do Norte;Nordeste;0;-6.21367;-37.8834;1617;84;America/Sao_Paulo
2401008;Apodi;24;RN;Rio Grande do Norte;Nordeste;0;-5.65349;-37.7946;1619;84;America/Sao_Paulo
2401107;Areia Branca;24;RN;Rio Grande do Norte;Nordeste;0;-4.95254;-37.1252;1621;84;America/Sao_Paulo
2401206;Arês;24;RN;Rio Grande do Norte;Nordeste;0;-6.18831;-35.1608;1623;84;America/Sao_Paulo
2401305;Augusto Severo (Campo Grande);24;RN;Rio Grande do Norte;Nordeste;0;-5.86206;-37.3135;1625;84;America/Sao_Paulo
2401404;Baía Formosa;24;RN;Rio Grande do Norte;Nordeste;0;-6.37161;-35.0033;1627;84;America/Sao_Paulo
2401453;Baraúna;24;RN;Rio Grande do Norte;Nordeste;0;-5.06977;-37.6129;3003;84;America/Sao_Paulo
2401503;Barcelona;24;RN;Rio Grande do Norte;Nordeste;0;-5.94284;-35.9247;1629;84;America/Sao_Paulo
2401602;Bento Fernandes;24;RN;Rio Grande do Norte;Nordeste;0;-5.69906;-35.813;1631;84;America/Sao_Paulo
2401651;Bodó;24;RN;Rio Grande do Norte;Nordeste;0;-5.98027;-36.4167;0412;84;America/Sao_Paulo
2401701;Bom Jesus;24;RN;Rio Grande do Norte;Nordeste;0;-5.98648;-35.5792;1633;84;America/Sao_Paulo
2401800;Brejinho;24;RN;Rio Grande do Norte;Nordeste;0;-6.18566;-35.3591;1635;84;America/Sao_Paulo
2401859;Caiçara do Norte;24;RN;Rio Grande do Norte;Nordeste;0;-5.07091;-36.0717;0414;84;America/Sao_Paulo
2401909;Caiçara do Rio do Vento;24;RN;Rio Grande do Norte;Nordeste;0;-5.76541;-35.9938;1637;84;America/Sao_Paulo
2402006;Caicó;24;RN;Rio Grande do Norte;Nordeste;0;-6.45441;-37.1067;1639;84;America/Sao_Paulo
2402105;Campo Redondo;24;RN;Rio Grande do Norte;Nordeste;0;-6.23829;-36.1888;1641;84;America/Sao_Paulo
2402204;Canguaretama;24;RN;Rio Grande do Norte;Nordeste;0;-6.37193;-35.1281;1643;84;America/Sao_Paulo
2402303;Caraúbas;24;RN;Rio Grande do Norte;Nordeste;0;-5.78387;-37.5586;1645;84;America/Sao_Paulo
2402402;Carnaúba dos Dantas;24;RN;Rio Grande do Norte;Nordeste;0;-6.55015;-36.5868;1647;84;America/Sao_Paulo
2402501;Carnaubais;24;RN;Rio Grande do Norte;Nordeste;0;-5.34181;-36.8335;1649;84;America/Sao_Paulo
2402600;Ceará-Mirim;24;RN;Rio Grande do Norte;Nordeste;0;-5.64323;-35.4247;1651;84;America/Sao_Paulo
2402709;Cerro Corá;24;RN;Rio Grande do Norte;Nordeste;0;-6.03503;-36.3503;1653;84;America/Sao_Paulo
2402808;Coronel Ezequiel;24;RN;Rio Grande do Norte;Nordeste;0;-6.3748;-36.2223;1655;84;America/Sao_Paulo
2402907;Coronel João Pessoa;24;RN;Rio Grande do Norte;Nordeste;0;-6.24974;-38.4441;1657;84;America/Sao_Paulo
2403004;Cruzeta;24;RN;Rio Grande do Norte;Nordeste;0;-6.40894;-36.7782;1659;84;America/Sao_Paulo
2403103;Currais Novos;24;RN;Rio Grande do Norte;Nordeste;0;-6.25484;-36.5146;1661;84;America/Sao_Paulo
2403202;Doutor Severiano;24;RN;Rio Grande do Norte;Nordeste;0;-6.08082;-38.3794;1663;84;America/Sao_Paulo
2403251;Parnamirim;24;RN;Rio Grande do Norte;Nordeste;0;-5.91116;-35.271;1779;84;America/Sao_Paulo
2403301;Encanto;24;RN;Rio Grande do Norte;Nordeste;0;-6.10691;-38.3033;1665;84;America/Sao_Paulo
2403400;Equador;24;RN;Rio Grande do Norte;Nordeste;0;-6.93835;-36.717;1667;84;America/Sao_Paulo
2403509;Espírito Santo;24;RN;Rio Grande do Norte;Nordeste;0;-6.33563;-35.3052;1669;84;America/Sao_Paulo
2403608;Extremoz;24;RN;Rio Grande do Norte;Nordeste;0;-5.70143;-35.3048;1671;84;America/Sao_Paulo
2403707;Felipe Guerra;24;RN;Rio Grande do Norte;Nordeste;0;-5.59274;-37.6875;1673;84;America/Sao_Paulo
2403756;Fernando Pedroza;24;RN;Rio Grande do Norte;Nordeste;0;-5.69096;-36.5282;0416;84;America/Sao_Paulo
2403806;Florânia;24;RN;Rio Grande do Norte;Nordeste;0;-6.12264;-36.8226;1675;84;America/Sao_Paulo
2403905;Francisco Dantas;24;RN;Rio Grande do Norte;Nordeste;0;-6.07234;-38.1212;1677;84;America/Sao_Paulo
2404002;Frutuoso Gomes;24;RN;Rio Grande do Norte;Nordeste;0;-6.15669;-37.8375;1751;84;America/Sao_Paulo
2404101;Galinhos;24;RN;Rio Grande do Norte;Nordeste;0;-5.0909;-36.2754;1679;84;America/Sao_Paulo
2404200;Goianinha;24;RN;Rio Grande do Norte;Nordeste;0;-6.26486;-35.1943;1681;84;America/Sao_Paulo
2404309;Governador Dix-Sept Rosado;24;RN;Rio Grande do Norte;Nordeste;0;-5.44887;-37.5183;1683;84;America/Sao_Paulo
2404408;Grossos;24;RN;Rio Grande do Norte;Nordeste;0;-4.98068;-37.1621;1685;84;America/Sao_Paulo
2404507;Guamaré;24;RN;Rio Grande do Norte;Nordeste;0;-5.10619;-36.3222;1687;84;America/Sao_Paulo
2404606;Ielmo Marinho;24;RN;Rio Grande do Norte;Nordeste;0;-5.82447;-35.55;1689;84;America/Sao_Paulo
2404705;Ipanguaçu;24;RN;Rio Grande do Norte;Nordeste;0;-5.48984;-36.8501;1691;84;America/Sao_Paulo
2404804;Ipueira;24;RN;Rio Grande do Norte;Nordeste;0;-6.80596;-37.2045;1693;84;America/Sao_Paulo
2404853;Itajá;24;RN;Rio Grande do Norte;Nordeste;0;-5.63894;-36.8712;0418;84;America/Sao_Paulo
2404903;Itaú;24;RN;Rio Grande do Norte;Nordeste;0;-5.8363;-37.9912;1695;84;America/Sao_Paulo
2405009;Jaçanã;24;RN;Rio Grande do Norte;Nordeste;0;-6.41856;-36.2031;1697;84;America/Sao_Paulo
2405108;Jandaíra;24;RN;Rio Grande do Norte;Nordeste;0;-5.35211;-36.1278;1699;84;America/Sao_Paulo
2405207;Janduís;24;RN;Rio Grande do Norte;Nordeste;0;-6.01474;-37.4048;1701;84;America/Sao_Paulo
2405306;Januário Cicco (Boa Saúde);24;RN;Rio Grande do Norte;Nordeste;0;-6.16566;-35.6219;1703;84;America/Sao_Paulo
2405405;Japi;24;RN;Rio Grande do Norte;Nordeste;0;-6.46544;-35.9346;1705;84;America/Sao_Paulo
2405504;Jardim de Angicos;24;RN;Rio Grande do Norte;Nordeste;0;-5.64999;-35.9713;1707;84;America/Sao_Paulo
2405603;Jardim de Piranhas;24;RN;Rio Grande do Norte;Nordeste;0;-6.37665;-37.3496;1709;84;America/Sao_Paulo
2405702;Jardim do Seridó;24;RN;Rio Grande do Norte;Nordeste;0;-6.58047;-36.7736;1711;84;America/Sao_Paulo
2405801;João Câmara;24;RN;Rio Grande do Norte;Nordeste;0;-5.54094;-35.8122;1713;84;America/Sao_Paulo
2405900;João Dias;24;RN;Rio Grande do Norte;Nordeste;0;-6.27215;-37.7885;1715;84;America/Sao_Paulo
2406007;José da Penha;24;RN;Rio Grande do Norte;Nordeste;0;-6.31095;-38.2823;1717;84;America/Sao_Paulo
2406106;Jucurutu;24;RN;Rio Grande do Norte;Nordeste;0;-6.0306;-37.009;1719;84;America/Sao_Paulo
2406155;Jundiá;24;RN;Rio Grande do Norte;Nordeste;0;-6.26866;-35.3495;1108;84;America/Sao_Paulo
2406205;Lagoa d'Anta;24;RN;Rio Grande do Norte;Nordeste;0;-6.39493;-35.5949;1723;84;America/Sao_Paulo
2406304;Lagoa de Pedras;24;RN;Rio Grande do Norte;Nordeste;0;-6.15082;-35.4299;1725;84;America/Sao_Paulo
2406403;Lagoa de Velhos;24;RN;Rio Grande do Norte;Nordeste;0;-6.0119;-35.8729;1727;84;America/Sao_Paulo
2406502;Lagoa Nova;24;RN;Rio Grande do Norte;Nordeste;0;-6.09339;-36.4703;1729;84;America/Sao_Paulo
2406601;Lagoa Salgada;24;RN;Rio Grande do Norte;Nordeste;0;-6.12295;-35.4724;1731;84;America/Sao_Paulo
2406700;Lajes;24;RN;Rio Grande do Norte;Nordeste;0;-5.69322;-36.247;1733;84;America/Sao_Paulo
2406809;Lajes Pintadas;24;RN;Rio Grande do Norte;Nordeste;0;-6.14943;-36.1171;1735;84;America/Sao_Paulo
2406908;Lucrécia;24;RN;Rio Grande do Norte;Nordeste;0;-6.10525;-37.8134;1737;84;America/Sao_Paulo
2407005;Luís Gomes;24;RN;Rio Grande do Norte;Nordeste;0;-6.40588;-38.3899;1739;84;America/Sao_Paulo
2407104;Macaíba;24;RN;Rio Grande do Norte;Nordeste;0;-5.85229;-35.3552;1741;84;America/Sao_Paulo
2407203;Macau;24;RN;Rio Grande do Norte;Nordeste;0;-5.10795;-36.6318;1743;84;America/Sao_Paulo
2407252;Major Sales;24;RN;Rio Grande do Norte;Nordeste;0;-6.39949;-38.324;0420;84;America/Sao_Paulo
2407302;Marcelino Vieira;24;RN;Rio Grande do Norte;Nordeste;0;-6.2846;-38.1642;1745;84;America/Sao_Paulo
2407401;Martins;24;RN;Rio Grande do Norte;Nordeste;0;-6.08279;-37.908;1747;84;America/Sao_Paulo
2407500;Maxaranguape;24;RN;Rio Grande do Norte;Nordeste;0;-5.52181;-35.2631;1749;84;America/Sao_Paulo
2407609;Messias Targino;24;RN;Rio Grande do Norte;Nordeste;0;-6.07194;-37.5158;1721;84;America/Sao_Paulo
2407708;Montanhas;24;RN;Rio Grande do Norte;Nordeste;0;-6.48522;-35.2842;1753;84;America/Sao_Paulo
2407807;Monte Alegre;24;RN;Rio Grande do Norte;Nordeste;0;-6.07063;-35.3253;1755;84;America/Sao_Paulo
2407906;Monte das Gameleiras;24;RN;Rio Grande do Norte;Nordeste;0;-6.43698;-35.7831;1757;84;America/Sao_Paulo
2408003;Mossoró;24;RN;Rio Grande do Norte;Nordeste;0;-5.18374;-37.3474;1759;84;America/Sao_Paulo
2408102;Natal;24;RN;Rio Grande do Norte;Nordeste;1;-5.79357;-35.1986;1761;84;America/Sao_Paulo
2408201;Nísia Floresta;24;RN;Rio Grande do Norte;Nordeste;0;-6.09329;-35.1991;1763;84;America/Sao_Paulo
2408300;Nova Cruz;24;RN;Rio Grande do Norte;Nordeste;0;-6.47511;-35.4286;1765;84;America/Sao_Paulo
2408409;Olho-d'Água do Borges;24;RN;Rio Grande do Norte;Nordeste;0;-5.9486;-37.7047;1767;84;America/Sao_Paulo
2408508;Ouro Branco;24;RN;Rio Grande do Norte;Nordeste;0;-6.6958;-36.9428;1769;84;America/Sao_Paulo
2408607;Paraná;24;RN;Rio Grande do Norte;Nordeste;0;-6.47565;-38.3057;1771;84;America/Sao_Paulo
2408706;Paraú;24;RN;Rio Grande do Norte;Nordeste;0;-5.76893;-37.1032;1773;84;America/Sao_Paulo
2408805;Parazinho;24;RN;Rio Grande do Norte;Nordeste;0;-5.22276;-35.8398;1775;84;America/Sao_Paulo
2408904;Parelhas;24;RN;Rio Grande do Norte;Nordeste;0;-6.68491;-36.6566;1777;84;America/Sao_Paulo
2408953;Rio do Fogo;24;RN;Rio Grande do Norte;Nordeste;0;-5.2765;-35.3794;0422;84;America/Sao_Paulo
2409100;Passa e Fica;24;RN;Rio Grande do Norte;Nordeste;0;-6.43018;-35.6442;1781;84;America/Sao_Paulo
2409209;Passagem;24;RN;Rio Grande do Norte;Nordeste;0;-6.27268;-35.37;1783;84;America/Sao_Paulo
2409308;Patu;24;RN;Rio Grande do Norte;Nordeste;0;-6.10656;-37.6356;1785;84;America/Sao_Paulo
2409332;Santa Maria;24;RN;Rio Grande do Norte;Nordeste;0;-5.83802;-35.6914;0424;84;America/Sao_Paulo
2409407;Pau dos Ferros;24;RN;Rio Grande do Norte;Nordeste;0;-6.10498;-38.2077;1787;84;America/Sao_Paulo
2409506;Pedra Grande;24;RN;Rio Grande do Norte;Nordeste;0;-5.14988;-35.876;1789;84;America/Sao_Paulo
2409605;Pedra Preta;24;RN;Rio Grande do Norte;Nordeste;0;-5.57352;-36.1084;1791;84;America/Sao_Paulo
2409704;Pedro Avelino;24;RN;Rio Grande do Norte;Nordeste;0;-5.5161;-36.3867;1793;84;America/Sao_Paulo
2409803;Pedro Velho;24;RN;Rio Grande do Norte;Nordeste;0;-6.4356;-35.2195;1795;84;America/Sao_Paulo
2409902;Pendências;24;RN;Rio Grande do Norte;Nordeste;0;-5.2564;-36.7095;1797;84;America/Sao_Paulo
2410009;Pilões;24;RN;Rio Grande do Norte;Nordeste;0;-6.26364;-38.0461;1799;84;America/Sao_Paulo
2410108;Poço Branco;24;RN;Rio Grande do Norte;Nordeste;0;-5.62233;-35.6635;1801;84;America/Sao_Paulo
2410207;Portalegre;24;RN;Rio Grande do Norte;Nordeste;0;-6.02064;-37.9865;1803;84;America/Sao_Paulo
2410256;Porto do Mangue;24;RN;Rio Grande do Norte;Nordeste;0;-5.05441;-36.7887;0426;84;America/Sao_Paulo
2410306;Serra Caiada;24;RN;Rio Grande do Norte;Nordeste;0;-6.10478;-35.7113;1805;84;America/Sao_Paulo
2410405;Pureza;24;RN;Rio Grande do Norte;Nordeste;0;-5.46393;-35.5554;1807;84;America/Sao_Paulo
2410504;Rafael Fernandes;24;RN;Rio Grande do Norte;Nordeste;0;-6.18987;-38.2211;1809;84;America/Sao_Paulo
2410603;Rafael Godeiro;24;RN;Rio Grande do Norte;Nordeste;0;-6.07244;-37.716;1893;84;America/Sao_Paulo
2410702;Riacho da Cruz;24;RN;Rio Grande do Norte;Nordeste;0;-5.92654;-37.949;1811;84;America/Sao_Paulo
2410801;Riacho de Santana;24;RN;Rio Grande do Norte;Nordeste;0;-6.25139;-38.3116;1813;84;America/Sao_Paulo
2410900;Riachuelo;24;RN;Rio Grande do Norte;Nordeste;0;-5.82156;-35.8215;1815;84;America/Sao_Paulo
2411007;Rodolfo Fernandes;24;RN;Rio Grande do Norte;Nordeste;0;-5.78393;-38.0579;1817;84;America/Sao_Paulo
2411056;Tibau;24;RN;Rio Grande do Norte;Nordeste;0;-4.83729;-37.2554;0428;84;America/Sao_Paulo
2411106;Ruy Barbosa;24;RN;Rio Grande do Norte;Nordeste;0;-5.88745;-35.933;1819;84;America/Sao_Paulo
2411205;Santa Cruz;24;RN;Rio Grande do Norte;Nordeste;0;-6.22475;-36.0193;1823;84;America/Sao_Paulo
2411403;Santana do Matos;24;RN;Rio Grande do Norte;Nordeste;0;-5.94605;-36.6578;1827;84;America/Sao_Paulo
2411429;Santana do Seridó;24;RN;Rio Grande do Norte;Nordeste;0;-6.76643;-36.7312;1825;84;America/Sao_Paulo
2411502;Santo Antônio;24;RN;Rio Grande do Norte;Nordeste;0;-6.31195;-35.4739;1829;84;America/Sao_Paulo
2411601;São Bento do Norte;24;RN;Rio Grande do Norte;Nordeste;0;-5.09259;-35.9587;1831;84;America/Sao_Paulo
2411700;São Bento do Trairí;24;RN;Rio Grande do Norte;Nordeste;0;-6.33798;-36.0863;1833;84;America/Sao_Paulo
2411809;São Fernando;24;RN;Rio Grande do Norte;Nordeste;0;-6.37975;-37.1864;1835;84;America/Sao_Paulo
2411908;São Francisco do Oeste;24;RN;Rio Grande do Norte;Nordeste;0;-5.97472;-38.1519;1821;84;America/Sao_Paulo
2412005;São Gonçalo do Amarante;24;RN;Rio Grande do Norte;Nordeste;0;-5.79068;-35.3257;1837;84;America/Sao_Paulo
2412104;São João do Sabugi;24;RN;Rio Grande do Norte;Nordeste;0;-6.71387;-37.2027;1839;84;America/Sao_Paulo
2412203;São José de Mipibu;24;RN;Rio Grande do Norte;Nordeste;0;-6.0773;-35.2417;1841;84;America/Sao_Paulo
2412302;São José do Campestre;24;RN;Rio Grande do Norte;Nordeste;0;-6.31087;-35.7067;1843;84;America/Sao_Paulo
2412401;São José do Seridó;24;RN;Rio Grande do Norte;Nordeste;0;-6.44002;-36.8746;1845;84;America/Sao_Paulo
2412500;São Miguel;24;RN;Rio Grande do Norte;Nordeste;0;-6.20283;-38.4947;1847;84;America/Sao_Paulo
2412559;São Miguel do Gostoso;24;RN;Rio Grande do Norte;Nordeste;0;-5.12302;-35.6354;0430;84;America/Sao_Paulo
2412609;São Paulo do Potengi;24;RN;Rio Grande do Norte;Nordeste;0;-5.8994;-35.7642;1849;84;America/Sao_Paulo
2412708;São Pedro;24;RN;Rio Grande do Norte;Nordeste;0;-5.90559;-35.6317;1851;84;America/Sao_Paulo
2412807;São Rafael;24;RN;Rio Grande do Norte;Nordeste;0;-5.79791;-36.8778;1853;84;America/Sao_Paulo
2412906;São Tomé;24;RN;Rio Grande do Norte;Nordeste;0;-5.96404;-36.0798;1855;84;America/Sao_Paulo
2413003;São Vicente;24;RN;Rio Grande do Norte;Nordeste;0;-6.21893;-36.6827;1857;84;America/Sao_Paulo
2413102;Senador Elói de Souza;24;RN;Rio Grande do Norte;Nordeste;0;-6.03334;-35.6978;1859;84;America/Sao_Paulo
2413201;Senador Georgino Avelino;24;RN;Rio Grande do Norte;Nordeste;0;-6.1576;-35.1299;1861;84;America/Sao_Paulo
2413300;Serra de São Bento;24;RN;Rio Grande do Norte;Nordeste;0;-6.41762;-35.7033;1863;84;America/Sao_Paulo
2413359;Serra do Mel;24;RN;Rio Grande do Norte;Nordeste;0;-5.17725;-37.0242;1927;84;America/Sao_Paulo
2413409;Serra Negra do Norte;24;RN;Rio Grande do Norte;Nordeste;0;-6.66031;-37.3996;1865;84;America/Sao_Paulo
2413508;Serrinha;24;RN;Rio Grande do Norte;Nordeste;0;-6.28181;-35.5;1867;84;America/Sao_Paulo
2413557;Serrinha dos Pintos;24;RN;Rio Grande do Norte;Nordeste;0;-6.11087;-37.9548;0432;84;America/Sao_Paulo
2413607;Severiano Melo;24;RN;Rio Grande do Norte;Nordeste;0;-5.77666;-37.957;1869;84;America/Sao_Paulo
2413706;Sítio Novo;24;RN;Rio Grande do Norte;Nordeste;0;-6.11132;-35.909;1871;84;America/Sao_Paulo
2413805;Taboleiro Grande;24;RN;Rio Grande do Norte;Nordeste;0;-5.91948;-38.0367;1873;84;America/Sao_Paulo
2413904;Taipu;24;RN;Rio Grande do Norte;Nordeste;0;-5.63058;-35.5918;1875;84;America/Sao_Paulo
2414001;Tangará;24;RN;Rio Grande do Norte;Nordeste;0;-6.19649;-35.7989;1877;84;America/Sao_Paulo
2414100;Tenente Ananias;24;RN;Rio Grande do Norte;Nordeste;0;-6.45823;-38.182;1879;84;America/Sao_Paulo
2414159;Tenente Laurentino Cruz;24;RN;Rio Grande do Norte;Nordeste;0;-6.1378;-36.7135;0434;84;America/Sao_Paulo
2414209;Tibau do Sul;24;RN;Rio Grande do Norte;Nordeste;0;-6.19176;-35.0866;1881;84;America/Sao_Paulo
2414308;Timbaúba dos Batistas;24;RN;Rio Grande do Norte;Nordeste;0;-6.45768;-37.2745;1883;84;America/Sao_Paulo
2414407;Touros;24;RN;Rio Grande do Norte;Nordeste;0;-5.20182;-35.4621;1885;84;America/Sao_Paulo
2414456;Triunfo Potiguar;24;RN;Rio Grande do Norte;Nordeste;0;-5.85408;-37.1786;0436;84;America/Sao_Paulo
2414506;Umarizal;24;RN;Rio Grande do Norte;Nordeste;0;-5.98238;-37.818;1887;84;America/Sao_Paulo
2414605;Upanema;24;RN;Rio Grande do Norte;Nordeste;0;-5.63761;-37.2635;1889;84;America/Sao_Paulo
2414704;Várzea;24;RN;Rio Grande do Norte;Nordeste;0;-6.34641;-35.3732;1891;84;America/Sao_Paulo
2414753;Venha-Ver;24;RN;Rio Grande do Norte;Nordeste;0;-6.32016;-38.4896;0438;84;America/Sao_Paulo
2414803;Vera Cruz;24;RN;Rio Grande do Norte;Nordeste;0;-6.04399;-35.428;1895;84;America/Sao_Paulo
2414902;Viçosa;24;RN;Rio Grande do Norte;Nordeste;0;-5.98253;-37.9462;1897;84;America/Sao_Paulo
2415008;Vila Flor;24;RN;Rio Grande do Norte;Nordeste;0;-6.31287;-35.067;1899;84;America/Sao_Paulo
2500106;Água Branca;25;PB;Paraíba;Nordeste;0;-7.51144;-37.6357;1901;83;America/Sao_Paulo
2500205;Aguiar;25;PB;Paraíba;Nordeste;0;-7.0918;-38.1681;1903;83;America/Sao_Paulo
2500304;Alagoa Grande;25;PB;Paraíba;Nordeste;0;-7.03943;-35.6206;1905;83;America/Sao_Paulo
2500403;Alagoa Nova;25;PB;Paraíba;Nordeste;0;-7.05377;-35.7591;1907;83;America/Sao_Paulo
2500502;Alagoinha;25;PB;Paraíba;Nordeste;0;-6.94657;-35.5332;1909;83;America/Sao_Paulo
2500536;Alcantil;25;PB;Paraíba;Nordeste;0;-7.73668;-36.0511;0440;83;America/Sao_Paulo
2500577;Algodão de Jandaíra;25;PB;Paraíba;Nordeste;0;-6.89292;-36.0129;0442;83;America/Sao_Paulo
2500601;Alhandra;25;PB;Paraíba;Nordeste;0;-7.42977;-34.9057;1911;83;America/Sao_Paulo
2500700;São João do Rio do Peixe;25;PB;Paraíba;Nordeste;0;-6.72195;-38.4468;1913;83;America/Sao_Paulo
2500734;Amparo;25;PB;Paraíba;Nordeste;0;-7.55502;-37.0628;0444;83;America/Sao_Paulo
2500775;Aparecida;25;PB;Paraíba;Nordeste;0;-6.78466;-38.0803;0446;83;America/Sao_Paulo
2500809;Araçagi;25;PB;Paraíba;Nordeste;0;-6.84374;-35.3737;1915;83;America/Sao_Paulo
2500908;Arara;25;PB;Paraíba;Nordeste;0;-6.82813;-35.7552;1917;83;America/Sao_Paulo
2501005;Araruna;25;PB;Paraíba;Nordeste;0;-6.54848;-35.7498;1919;83;America/Sao_Paulo
2501104;Areia;25;PB;Paraíba;Nordeste;0;-6.96396;-35.6977;1921;83;America/Sao_Paulo
2501153;Areia de Baraúnas;25;PB;Paraíba;Nordeste;0;-7.11702;-36.9404;0448;83;America/Sao_Paulo
2501203;Areial;25;PB;Paraíba;Nordeste;0;-7.04789;-35.9313;1923;83;America/Sao_Paulo
2501302;Aroeiras;25;PB;Paraíba;Nordeste;0;-7.54473;-35.7066;1925;83;America/Sao_Paulo
2501351;Assunção;25;PB;Paraíba;Nordeste;0;-7.07231;-36.725;0450;83;America/Sao_Paulo
2501401;Baía da Traição;25;PB;Paraíba;Nordeste;0;-6.69209;-34.9381;1929;83;America/Sao_Paulo
2501500;Bananeiras;25;PB;Paraíba;Nordeste;0;-6.74775;-35.6246;1931;83;America/Sao_Paulo
2501534;Baraúna;25;PB;Paraíba;Nordeste;0;-6.63484;-36.2601;0452;83;America/Sao_Paulo
2501575;Barra de Santana;25;PB;Paraíba;Nordeste;0;-7.51809;-35.9913;0454;83;America/Sao_Paulo
2501609;Barra de Santa Rosa;25;PB;Paraíba;Nordeste;0;-6.71816;-36.0671;1933;83;America/Sao_Paulo
2501708;Barra de São Miguel;25;PB;Paraíba;Nordeste;0;-7.74603;-36.3209;1935;83;America/Sao_Paulo
2501807;Bayeux;25;PB;Paraíba;Nordeste;0;-7.1238;-34.9293;1937;83;America/Sao_Paulo
2501906;Belém;25;PB;Paraíba;Nordeste;0;-6.74261;-35.5166;1939;83;America/Sao_Paulo
2502003;Belém do Brejo do Cruz;25;PB;Paraíba;Nordeste;0;-6.18515;-37.5348;1941;83;America/Sao_Paulo
2502052;Bernardino Batista;25;PB;Paraíba;Nordeste;0;-6.44572;-38.5521;0456;83;America/Sao_Paulo
2502102;Boa Ventura;25;PB;Paraíba;Nordeste;0;-7.40982;-38.2113;1943;83;America/Sao_Paulo
2502151;Boa Vista;25;PB;Paraíba;Nordeste;0;-7.26365;-36.2357;0458;83;America/Sao_Paulo
2502201;Bom Jesus;25;PB;Paraíba;Nordeste;0;-6.81601;-38.6453;1945;83;America/Sao_Paulo
2502300;Bom Sucesso;25;PB;Paraíba;Nordeste;0;-6.44176;-37.9234;1947;83;America/Sao_Paulo
2502409;Bonito de Santa Fé;25;PB;Paraíba;Nordeste;0;-7.31341;-38.5133;1949;83;America/Sao_Paulo
2502508;Boqueirão;25;PB;Paraíba;Nordeste;0;-7.487;-36.1309;1951;83;America/Sao_Paulo
2502607;Igaracy;25;PB;Paraíba;Nordeste;0;-7.17184;-38.1478;1953;83;America/Sao_Paulo
2502706;Borborema;25;PB;Paraíba;Nordeste;0;-6.80199;-35.6187;1955;83;America/Sao_Paulo
2502805;Brejo do Cruz;25;PB;Paraíba;Nordeste;0;-6.34185;-37.4943;1957;83;America/Sao_Paulo
2502904;Brejo dos Santos;25;PB;Paraíba;Nordeste;0;-6.37065;-37.8253;1959;83;America/Sao_Paulo
2503001;Caaporã;25;PB;Paraíba;Nordeste;0;-7.51351;-34.9055;1961;83;America/Sao_Paulo
2503100;Cabaceiras;25;PB;Paraíba;Nordeste;0;-7.48899;-36.287;1963;83;America/Sao_Paulo
2503209;Cabedelo;25;PB;Paraíba;Nordeste;0;-6.98731;-34.8284;1965;83;America/Sao_Paulo
2503308;Cachoeira dos Índios;25;PB;Paraíba;Nordeste;0;-6.91353;-38.676;1967;83;America/Sao_Paulo
2503407;Cacimba de Areia;25;PB;Paraíba;Nordeste;0;-7.12128;-37.1563;1969;83;America/Sao_Paulo
2503506;Cacimba de Dentro;25;PB;Paraíba;Nordeste;0;-6.6386;-35.7778;1971;83;America/Sao_Paulo
2503555;Cacimbas;25;PB;Paraíba;Nordeste;0;-7.20721;-37.0604;0460;83;America/Sao_Paulo
2503605;Caiçara;25;PB;Paraíba;Nordeste;0;-6.62115;-35.4581;1973;83;America/Sao_Paulo
2503704;Cajazeiras;25;PB;Paraíba;Nordeste;0;-6.88004;-38.5577;1975;83;America/Sao_Paulo
2503753;Cajazeirinhas;25;PB;Paraíba;Nordeste;0;-6.96016;-37.8009;0462;83;America/Sao_Paulo
2503803;Caldas Brandão;25;PB;Paraíba;Nordeste;0;-7.1025;-35.3272;1977;83;America/Sao_Paulo
2503902;Camalaú;25;PB;Paraíba;Nordeste;0;-7.88503;-36.8242;1979;83;America/Sao_Paulo
2504009;Campina Grande;25;PB;Paraíba;Nordeste;0;-7.22196;-35.8731;1981;83;America/Sao_Paulo
2504033;Capim;25;PB;Paraíba;Nordeste;0;-6.91624;-35.1673;0464;83;America/Sao_Paulo
2504074;Caraúbas;25;PB;Paraíba;Nordeste;0;-7.72049;-36.492;0466;83;America/Sao_Paulo
2504108;Carrapateira;25;PB;Paraíba;Nordeste;0;-7.03414;-38.3399;1983;83;America/Sao_Paulo
2504157;Casserengue;25;PB;Paraíba;Nordeste;0;-6.77954;-35.8179;0468;83;America/Sao_Paulo
2504207;Catingueira;25;PB;Paraíba;Nordeste;0;-7.12008;-37.6064;1985;83;America/Sao_Paulo
2504306;Catolé do Rocha;25;PB;Paraíba;Nordeste;0;-6.34062;-37.747;1987;83;America/Sao_Paulo
2504355;Caturité;25;PB;Paraíba;Nordeste;0;-7.41659;-36.0306;0470;83;America/Sao_Paulo
2504405;Conceição;25;PB;Paraíba;Nordeste;0;-7.55106;-38.5014;1989;83;America/Sao_Paulo
2504504;Condado;25;PB;Paraíba;Nordeste;0;-6.89831;-37.606;1991;83;America/Sao_Paulo
2504603;Conde;25;PB;Paraíba;Nordeste;0;-7.25746;-34.8999;1993;83;America/Sao_Paulo
2504702;Congo;25;PB;Paraíba;Nordeste;0;-7.79078;-36.6581;1995;83;America/Sao_Paulo
2504801;Coremas;25;PB;Paraíba;Nordeste;0;-7.00712;-37.9346;1997;83;America/Sao_Paulo
2504850;Coxixola;25;PB;Paraíba;Nordeste;0;-7.62365;-36.6064;0472;83;America/Sao_Paulo
2504900;Cruz do Espírito Santo;25;PB;Paraíba;Nordeste;0;-7.13902;-35.0857;1999;83;America/Sao_Paulo
2505006;Cubati;25;PB;Paraíba;Nordeste;0;-6.86686;-36.3619;2001;83;America/Sao_Paulo
2505105;Cuité;25;PB;Paraíba;Nordeste;0;-6.47647;-36.1515;2003;83;America/Sao_Paulo
2505204;Cuitegi;25;PB;Paraíba;Nordeste;0;-6.89058;-35.5215;2005;83;America/Sao_Paulo
2505238;Cuité de Mamanguape;25;PB;Paraíba;Nordeste;0;-6.91292;-35.2502;0474;83;America/Sao_Paulo
2505279;Curral de Cima;25;PB;Paraíba;Nordeste;0;-6.72325;-35.2639;0476;83;America/Sao_Paulo
2505303;Curral Velho;25;PB;Paraíba;Nordeste;0;-7.53075;-38.1962;2007;83;America/Sao_Paulo
2505352;Damião;25;PB;Paraíba;Nordeste;0;-6.63161;-35.9101;0478;83;America/Sao_Paulo
2505402;Desterro;25;PB;Paraíba;Nordeste;0;-7.287;-37.0925;2009;83;America/Sao_Paulo
2505501;Vista Serrana;25;PB;Paraíba;Nordeste;0;-6.7303;-37.5704;2011;83;America/Sao_Paulo
2505600;Diamante;25;PB;Paraíba;Nordeste;0;-7.41738;-38.2615;2013;83;America/Sao_Paulo
2505709;Dona Inês;25;PB;Paraíba;Nordeste;0;-6.61566;-35.6205;2015;83;America/Sao_Paulo
2505808;Duas Estradas;25;PB;Paraíba;Nordeste;0;-6.68499;-35.418;2017;83;America/Sao_Paulo
2505907;Emas;25;PB;Paraíba;Nordeste;0;-7.09964;-37.7163;2019;83;America/Sao_Paulo
2506004;Esperança;25;PB;Paraíba;Nordeste;0;-7.02278;-35.8597;2021;83;America/Sao_Paulo
2506103;Fagundes;25;PB;Paraíba;Nordeste;0;-7.34454;-35.7931;2023;83;America/Sao_Paulo
2506202;Frei Martinho;25;PB;Paraíba;Nordeste;0;-6.39759;-36.4526;2025;83;America/Sao_Paulo
2506251;Gado Bravo;25;PB;Paraíba;Nordeste;0;-7.58279;-35.7899;0480;83;America/Sao_Paulo
2506301;Guarabira;25;PB;Paraíba;Nordeste;0;-6.85064;-35.485;2027;83;America/Sao_Paulo
2506400;Gurinhém;25;PB;Paraíba;Nordeste;0;-7.1233;-35.4222;2029;83;America/Sao_Paulo
2506509;Gurjão;25;PB;Paraíba;Nordeste;0;-7.24833;-36.4923;2031;83;America/Sao_Paulo
2506608;Ibiara;25;PB;Paraíba;Nordeste;0;-7.47957;-38.4059;2033;83;America/Sao_Paulo
2506707;Imaculada;25;PB;Paraíba;Nordeste;0;-7.3889;-37.5079;2035;83;America/Sao_Paulo
2506806;Ingá;25;PB;Paraíba;Nordeste;0;-7.28144;-35.605;2037;83;America/Sao_Paulo
2506905;Itabaiana;25;PB;Paraíba;Nordeste;0;-7.33167;-35.3317;2039;83;America/Sao_Paulo
2507002;Itaporanga;25;PB;Paraíba;Nordeste;0;-7.30202;-38.1504;2041;83;America/Sao_Paulo
2507101;Itapororoca;25;PB;Paraíba;Nordeste;0;-6.82374;-35.2406;2043;83;America/Sao_Paulo
2507200;Itatuba;25;PB;Paraíba;Nordeste;0;-7.38115;-35.638;2045;83;America/Sao_Paulo
2507309;Jacaraú;25;PB;Paraíba;Nordeste;0;-6.61453;-35.289;2047;83;America/Sao_Paulo
2507408;Jericó;25;PB;Paraíba;Nordeste;0;-6.54577;-37.8036;2049;83;America/Sao_Paulo
2507507;João Pessoa;25;PB;Paraíba;Nordeste;1;-7.11509;-34.8641;2051;83;America/Sao_Paulo
2507606;Juarez Távora;25;PB;Paraíba;Nordeste;0;-7.1713;-35.5686;2053;83;America/Sao_Paulo
2507705;Juazeirinho;25;PB;Paraíba;Nordeste;0;-7.06092;-36.5793;2055;83;America/Sao_Paulo
2507804;Junco do Seridó;25;PB;Paraíba;Nordeste;0;-6.99269;-36.7166;2057;83;America/Sao_Paulo
2507903;Juripiranga;25;PB;Paraíba;Nordeste;0;-7.36176;-35.2321;2059;83;America/Sao_Paulo
2508000;Juru;25;PB;Paraíba;Nordeste;0;-7.52983;-37.815;2061;83;America/Sao_Paulo
2508109;Lagoa;25;PB;Paraíba;Nordeste;0;-6.58572;-37.9127;2063;83;America/Sao_Paulo
2508208;Lagoa de Dentro;25;PB;Paraíba;Nordeste;0;-6.67213;-35.3706;2065;83;America/Sao_Paulo
2508307;Lagoa Seca;25;PB;Paraíba;Nordeste;0;-7.15535;-35.8491;2067;83;America/Sao_Paulo
2508406;Lastro;25;PB;Paraíba;Nordeste;0;-6.50603;-38.1742;2069;83;America/Sao_Paulo
2508505;Livramento;25;PB;Paraíba;Nordeste;0;-7.37113;-36.9491;2071;83;America/Sao_Paulo
2508554;Logradouro;25;PB;Paraíba;Nordeste;0;-6.61191;-35.4384;0482;83;America/Sao_Paulo
2508604;Lucena;25;PB;Paraíba;Nordeste;0;-6.90258;-34.8748;2073;83;America/Sao_Paulo
2508703;Mãe d'Água;25;PB;Paraíba;Nordeste;0;-7.25201;-37.4322;2075;83;America/Sao_Paulo
2508802;Malta;25;PB;Paraíba;Nordeste;0;-6.89719;-37.5221;2077;83;America/Sao_Paulo
2508901;Mamanguape;25;PB;Paraíba;Nordeste;0;-6.8337;-35.1213;2079;83;America/Sao_Paulo
2509008;Manaíra;25;PB;Paraíba;Nordeste;0;-7.70331;-38.1523;2081;83;America/Sao_Paulo
2509057;Marcação;25;PB;Paraíba;Nordeste;0;-6.76535;-35.0087;0484;83;America/Sao_Paulo
2509107;Mari;25;PB;Paraíba;Nordeste;0;-7.05942;-35.318;2083;83;America/Sao_Paulo
2509156;Marizópolis;25;PB;Paraíba;Nordeste;0;-6.82748;-38.3528;0486;83;America/Sao_Paulo
2509206;Massaranduba;25;PB;Paraíba;Nordeste;0;-7.18995;-35.7848;2085;83;America/Sao_Paulo
2509305;Mataraca;25;PB;Paraíba;Nordeste;0;-6.59673;-35.0531;2087;83;America/Sao_Paulo
2509339;Matinhas;25;PB;Paraíba;Nordeste;0;-7.12486;-35.7669;0488;83;America/Sao_Paulo
2509370;Mato Grosso;25;PB;Paraíba;Nordeste;0;-6.54018;-37.7279;0490;83;America/Sao_Paulo
2509396;Maturéia;25;PB;Paraíba;Nordeste;0;-7.26188;-37.351;0492;83;America/Sao_Paulo
2509404;Mogeiro;25;PB;Paraíba;Nordeste;0;-7.28517;-35.4832;2089;83;America/Sao_Paulo
2509503;Montadas;25;PB;Paraíba;Nordeste;0;-7.08848;-35.9592;2091;83;America/Sao_Paulo
2509602;Monte Horebe;25;PB;Paraíba;Nordeste;0;-7.20402;-38.5838;2093;83;America/Sao_Paulo
2509701;Monteiro;25;PB;Paraíba;Nordeste;0;-7.88363;-37.1184;2095;83;America/Sao_Paulo
2509800;Mulungu;25;PB;Paraíba;Nordeste;0;-7.02525;-35.46;2097;83;America/Sao_Paulo
2509909;Natuba;25;PB;Paraíba;Nordeste;0;-7.63514;-35.5586;2099;83;America/Sao_Paulo
2510006;Nazarezinho;25;PB;Paraíba;Nordeste;0;-6.9114;-38.322;2101;83;America/Sao_Paulo
2510105;Nova Floresta;25;PB;Paraíba;Nordeste;0;-6.45056;-36.2057;2103;83;America/Sao_Paulo
2510204;Nova Olinda;25;PB;Paraíba;Nordeste;0;-7.47232;-38.0382;2105;83;America/Sao_Paulo
2510303;Nova Palmeira;25;PB;Paraíba;Nordeste;0;-6.67122;-36.422;2107;83;America/Sao_Paulo
2510402;Olho d'Água;25;PB;Paraíba;Nordeste;0;-7.22118;-37.7406;2109;83;America/Sao_Paulo
2510501;Olivedos;25;PB;Paraíba;Nordeste;0;-6.98434;-36.241;2111;83;America/Sao_Paulo
2510600;Ouro Velho;25;PB;Paraíba;Nordeste;0;-7.61604;-37.1519;2113;83;America/Sao_Paulo
2510659;Parari;25;PB;Paraíba;Nordeste;0;-7.30975;-36.6522;0494;83;America/Sao_Paulo
2510709;Passagem;25;PB;Paraíba;Nordeste;0;-7.13467;-37.0433;2115;83;America/Sao_Paulo
2510808;Patos;25;PB;Paraíba;Nordeste;0;-7.01743;-37.2747;2117;83;America/Sao_Paulo
2510907;Paulista;25;PB;Paraíba;Nordeste;0;-6.59138;-37.6185;2119;83;America/Sao_Paulo
2511004;Pedra Branca;25;PB;Paraíba;Nordeste;0;-7.42169;-38.0689;2121;83;America/Sao_Paulo
2511103;Pedra Lavrada;25;PB;Paraíba;Nordeste;0;-6.74997;-36.4758;2123;83;America/Sao_Paulo
2511202;Pedras de Fogo;25;PB;Paraíba;Nordeste;0;-7.39107;-35.1065;2125;83;America/Sao_Paulo
2511301;Piancó;25;PB;Paraíba;Nordeste;0;-7.19282;-37.9289;2127;83;America/Sao_Paulo
2511400;Picuí;25;PB;Paraíba;Nordeste;0;-6.50845;-36.3497;2129;83;America/Sao_Paulo
2511509;Pilar;25;PB;Paraíba;Nordeste;0;-7.26403;-35.2523;2131;83;America/Sao_Paulo
2511608;Pilões;25;PB;Paraíba;Nordeste;0;-6.86827;-35.613;2133;83;America/Sao_Paulo
2511707;Pilõezinhos;25;PB;Paraíba;Nordeste;0;-6.84277;-35.531;2135;83;America/Sao_Paulo
2511806;Pirpirituba;25;PB;Paraíba;Nordeste;0;-6.77922;-35.4906;2137;83;America/Sao_Paulo
2511905;Pitimbu;25;PB;Paraíba;Nordeste;0;-7.4664;-34.8151;2139;83;America/Sao_Paulo
2512002;Pocinhos;25;PB;Paraíba;Nordeste;0;-7.06658;-36.0668;2141;83;America/Sao_Paulo
2512036;Poço Dantas;25;PB;Paraíba;Nordeste;0;-6.39876;-38.4909;0496;83;America/Sao_Paulo
2512077;Poço de José de Moura;25;PB;Paraíba;Nordeste;0;-6.56401;-38.5111;0498;83;America/Sao_Paulo
2512101;Pombal;25;PB;Paraíba;Nordeste;0;-6.76606;-37.8003;2143;83;America/Sao_Paulo
2512200;Prata;25;PB;Paraíba;Nordeste;0;-7.68826;-37.0801;2145;83;America/Sao_Paulo
2512309;Princesa Isabel;25;PB;Paraíba;Nordeste;0;-7.73175;-37.9886;2147;83;America/Sao_Paulo
2512408;Puxinanã;25;PB;Paraíba;Nordeste;0;-7.15479;-35.9543;2149;83;America/Sao_Paulo
2512507;Queimadas;25;PB;Paraíba;Nordeste;0;-7.35029;-35.9031;2151;83;America/Sao_Paulo
2512606;Quixabá;25;PB;Paraíba;Nordeste;0;-7.0224;-37.1458;2153;83;America/Sao_Paulo
2512705;Remígio;25;PB;Paraíba;Nordeste;0;-6.94992;-35.8011;2155;83;America/Sao_Paulo
2512721;Pedro Régis;25;PB;Paraíba;Nordeste;0;-6.63323;-35.2966;0500;83;America/Sao_Paulo
2512747;Riachão;25;PB;Paraíba;Nordeste;0;-6.54269;-35.661;0502;83;America/Sao_Paulo
2512754;Riachão do Bacamarte;25;PB;Paraíba;Nordeste;0;-7.25347;-35.6693;0504;83;America/Sao_Paulo
2512762;Riachão do Poço;25;PB;Paraíba;Nordeste;0;-7.14173;-35.2914;0506;83;America/Sao_Paulo
2512788;Riacho de Santo Antônio;25;PB;Paraíba;Nordeste;0;-7.68023;-36.157;0508;83;America/Sao_Paulo
2512804;Riacho dos Cavalos;25;PB;Paraíba;Nordeste;0;-6.44067;-37.6483;2157;83;America/Sao_Paulo
2512903;Rio Tinto;25;PB;Paraíba;Nordeste;0;-6.80383;-35.0776;2159;83;America/Sao_Paulo
2513000;Salgadinho;25;PB;Paraíba;Nordeste;0;-7.10098;-36.8458;2161;83;America/Sao_Paulo
2513109;Salgado de São Félix;25;PB;Paraíba;Nordeste;0;-7.35337;-35.4305;2163;83;America/Sao_Paulo
2513158;Santa Cecília;25;PB;Paraíba;Nordeste;0;-7.7389;-35.8764;0510;83;America/Sao_Paulo
2513208;Santa Cruz;25;PB;Paraíba;Nordeste;0;-6.5237;-38.0617;2165;83;America/Sao_Paulo
2513307;Santa Helena;25;PB;Paraíba;Nordeste;0;-6.7176;-38.6427;2167;83;America/Sao_Paulo
2513356;Santa Inês;25;PB;Paraíba;Nordeste;0;-7.621;-38.554;0512;83;America/Sao_Paulo
2513406;Santa Luzia;25;PB;Paraíba;Nordeste;0;-6.86092;-36.9178;2169;83;America/Sao_Paulo
2513505;Santana de Mangueira;25;PB;Paraíba;Nordeste;0;-7.54705;-38.3236;2171;83;America/Sao_Paulo
2513604;Santana dos Garrotes;25;PB;Paraíba;Nordeste;0;-7.38162;-37.9819;2173;83;America/Sao_Paulo
2513653;Joca Claudino;25;PB;Paraíba;Nordeste;0;-6.48362;-38.4764;0514;83;America/Sao_Paulo
2513703;Santa Rita;25;PB;Paraíba;Nordeste;0;-7.11724;-34.9753;2175;83;America/Sao_Paulo
2513802;Santa Teresinha;25;PB;Paraíba;Nordeste;0;-7.07964;-37.4435;2177;83;America/Sao_Paulo
2513851;Santo André;25;PB;Paraíba;Nordeste;0;-7.22016;-36.6213;0516;83;America/Sao_Paulo
2513901;São Bento;25;PB;Paraíba;Nordeste;0;-6.48529;-37.4488;2179;83;America/Sao_Paulo
2513927;São Bentinho;25;PB;Paraíba;Nordeste;0;-6.88596;-37.7243;0518;83;America/Sao_Paulo
2513943;São Domingos do Cariri;25;PB;Paraíba;Nordeste;0;-7.63273;-36.4374;0520;83;America/Sao_Paulo
2513968;São Domingos;25;PB;Paraíba;Nordeste;0;-6.80313;-37.9488;0522;83;America/Sao_Paulo
2513984;São Francisco;25;PB;Paraíba;Nordeste;0;-6.60773;-38.0968;0524;83;America/Sao_Paulo
2514008;São João do Cariri;25;PB;Paraíba;Nordeste;0;-7.38168;-36.5345;2181;83;America/Sao_Paulo
2514107;São João do Tigre;25;PB;Paraíba;Nordeste;0;-8.07703;-36.8547;2183;83;America/Sao_Paulo
2514206;São José da Lagoa Tapada;25;PB;Paraíba;Nordeste;0;-6.93646;-38.1622;2185;83;America/Sao_Paulo
2514305;São José de Caiana;25;PB;Paraíba;Nordeste;0;-7.24636;-38.2989;2187;83;America/Sao_Paulo
2514404;São José de Espinharas;25;PB;Paraíba;Nordeste;0;-6.83974;-37.3214;2189;83;America/Sao_Paulo
2514453;São José dos Ramos;25;PB;Paraíba;Nordeste;0;-7.25238;-35.3725;0526;83;America/Sao_Paulo
2514503;São José de Piranhas;25;PB;Paraíba;Nordeste;0;-7.1187;-38.502;2191;83;America/Sao_Paulo
2514552;São José de Princesa;25;PB;Paraíba;Nordeste;0;-7.73633;-38.0894;0528;83;America/Sao_Paulo
2514602;São José do Bonfim;25;PB;Paraíba;Nordeste;0;-7.1607;-37.3036;2193;83;America/Sao_Paulo
2514651;São José do Brejo do Cruz;25;PB;Paraíba;Nordeste;0;-6.21054;-37.3601;0530;83;America/Sao_Paulo
2514701;São José do Sabugi;25;PB;Paraíba;Nordeste;0;-6.76295;-36.7972;2195;83;America/Sao_Paulo
2514800;São José dos Cordeiros;25;PB;Paraíba;Nordeste;0;-7.38775;-36.8085;2197;83;America/Sao_Paulo
2514909;São Mamede;25;PB;Paraíba;Nordeste;0;-6.92386;-37.0954;2199;83;America/Sao_Paulo
2515005;São Miguel de Taipu;25;PB;Paraíba;Nordeste;0;-7.24764;-35.2016;2201;83;America/Sao_Paulo
2515104;São Sebastião de Lagoa de Roça;25;PB;Paraíba;Nordeste;0;-7.11034;-35.8678;2203;83;America/Sao_Paulo
2515203;São Sebastião do Umbuzeiro;25;PB;Paraíba;Nordeste;0;-8.15289;-37.0138;2205;83;America/Sao_Paulo
2515302;Sapé;25;PB;Paraíba;Nordeste;0;-7.09359;-35.228;2207;83;America/Sao_Paulo
2515401;São Vicente do Seridó;25;PB;Paraíba;Nordeste;0;-6.85426;-36.4122;2209;83;America/Sao_Paulo
2515500;Serra Branca;25;PB;Paraíba;Nordeste;0;-7.48034;-36.666;2211;83;America/Sao_Paulo
2515609;Serra da Raiz;25;PB;Paraíba;Nordeste;0;-6.68527;-35.4379;2213;83;America/Sao_Paulo
2515708;Serra Grande;25;PB;Paraíba;Nordeste;0;-7.20957;-38.3647;2215;83;America/Sao_Paulo
2515807;Serra Redonda;25;PB;Paraíba;Nordeste;0;-7.18622;-35.6842;2217;83;America/Sao_Paulo
2515906;Serraria;25;PB;Paraíba;Nordeste;0;-6.81569;-35.6282;2219;83;America/Sao_Paulo
2515930;Sertãozinho;25;PB;Paraíba;Nordeste;0;-6.75127;-35.4372;0532;83;America/Sao_Paulo
2515971;Sobrado;25;PB;Paraíba;Nordeste;0;-7.14429;-35.2357;0534;83;America/Sao_Paulo
2516003;Solânea;25;PB;Paraíba;Nordeste;0;-6.75161;-35.6636;2221;83;America/Sao_Paulo
2516102;Soledade;25;PB;Paraíba;Nordeste;0;-7.05829;-36.3668;2223;83;America/Sao_Paulo
2516151;Sossêgo;25;PB;Paraíba;Nordeste;0;-6.77067;-36.2538;0536;83;America/Sao_Paulo
2516201;Sousa;25;PB;Paraíba;Nordeste;0;-6.75148;-38.2311;2225;83;America/Sao_Paulo
2516300;Sumé;25;PB;Paraíba;Nordeste;0;-7.66206;-36.884;2227;83;America/Sao_Paulo
2516409;Tacima;25;PB;Paraíba;Nordeste;0;-6.48759;-35.6367;2229;83;America/Sao_Paulo
2516508;Taperoá;25;PB;Paraíba;Nordeste;0;-7.20629;-36.8245;2231;83;America/Sao_Paulo
2516607;Tavares;25;PB;Paraíba;Nordeste;0;-7.62697;-37.8712;2233;83;America/Sao_Paulo
2516706;Teixeira;25;PB;Paraíba;Nordeste;0;-7.22104;-37.2525;2235;83;America/Sao_Paulo
2516755;Tenório;25;PB;Paraíba;Nordeste;0;-6.93855;-36.6273;0538;83;America/Sao_Paulo
2516805;Triunfo;25;PB;Paraíba;Nordeste;0;-6.5713;-38.5986;2237;83;America/Sao_Paulo
2516904;Uiraúna;25;PB;Paraíba;Nordeste;0;-6.51504;-38.4128;2239;83;America/Sao_Paulo
2517001;Umbuzeiro;25;PB;Paraíba;Nordeste;0;-7.69199;-35.6582;2241;83;America/Sao_Paulo
2517100;Várzea;25;PB;Paraíba;Nordeste;0;-6.76189;-36.9913;2243;83;America/Sao_Paulo
2517209;Vieirópolis;25;PB;Paraíba;Nordeste;0;-6.50684;-38.2567;0540;83;America/Sao_Paulo
2517407;Zabelê;25;PB;Paraíba;Nordeste;0;-8.07901;-37.1057;0542;83;America/Sao_Paulo
2600054;Abreu e Lima;26;PE;Pernambuco;Nordeste;0;-7.90072;-34.8984;2631;81;America/Sao_Paulo
2600104;Afogados da Ingazeira;26;PE;Pernambuco;Nordeste;0;-7.74312;-37.631;2301;87;America/Sao_Paulo
2600203;Afrânio;26;PE;Pernambuco;Nordeste;0;-8.51136;-41.0095;2303;87;America/Sao_Paulo
2600302;Agrestina;26;PE;Pernambuco;Nordeste;0;-8.45966;-35.9447;2305;81;America/Sao_Paulo
2600401;Água Preta;26;PE;Pernambuco;Nordeste;0;-8.70609;-35.5263;2307;81;America/Sao_Paulo
2600500;Águas Belas;26;PE;Pernambuco;Nordeste;0;-9.11125;-37.1226;2309;87;America/Sao_Paulo
2600609;Alagoinha;26;PE;Pernambuco;Nordeste;0;-8.4665;-36.7788;2311;87;America/Sao_Paulo
2600708;Aliança;26;PE;Pernambuco;Nordeste;0;-7.60398;-35.2227;2313;81;America/Sao_Paulo
2600807;Altinho;26;PE;Pernambuco;Nordeste;0;-8.48482;-36.0644;2315;81;America/Sao_Paulo
2600906;Amaraji;26;PE;Pernambuco;Nordeste;0;-8.37691;-35.4501;2317;81;America/Sao_Paulo
2601003;Angelim;26;PE;Pernambuco;Nordeste;0;-8.88429;-36.2902;2319;87;America/Sao_Paulo
2601052;Araçoiaba;26;PE;Pernambuco;Nordeste;0;-7.78391;-35.0809;0544;81;America/Sao_Paulo
2601102;Araripina;26;PE;Pernambuco;Nordeste;0;-7.57073;-40.494;2321;87;America/Sao_Paulo
2601201;Arcoverde;26;PE;Pernambuco;Nordeste;0;-8.41519;-37.0577;2323;87;America/Sao_Paulo
2601300;Barra de Guabiraba;26;PE;Pernambuco;Nordeste;0;-8.42075;-35.6585;2325;81;America/Sao_Paulo
2601409;Barreiros;26;PE;Pernambuco;Nordeste;0;-8.81605;-35.1832;2327;81;America/Sao_Paulo
2601508;Belém de Maria;26;PE;Pernambuco;Nordeste;0;-8.62504;-35.8335;2329;81;America/Sao_Paulo
2601607;Belém do São Francisco;26;PE;Pernambuco;Nordeste;0;-8.75046;-38.9623;2331;87;America/Sao_Paulo
2601706;Belo Jardim;26;PE;Pernambuco;Nordeste;0;-8.3313;-36.4258;2333;81;America/Sao_Paulo
2601805;Betânia;26;PE;Pernambuco;Nordeste;0;-8.26787;-38.0345;2335;87;America/Sao_Paulo
2601904;Bezerros;26;PE;Pernambuco;Nordeste;0;-8.2328;-35.796;2337;81;America/Sao_Paulo
2602001;Bodocó;26;PE;Pernambuco;Nordeste;0;-7.77759;-39.9338;2339;87;America/Sao_Paulo
2602100;Bom Conselho;26;PE;Pernambuco;Nordeste;0;-9.16919;-36.6857;2341;87;America/Sao_Paulo
2602209;Bom Jardim;26;PE;Pernambuco;Nordeste;0;-7.79695;-35.5784;2343;81;America/Sao_Paulo
2602308;Bonito;26;PE;Pernambuco;Nordeste;0;-8.47163;-35.7292;2345;81;America/Sao_Paulo
2602407;Brejão;26;PE;Pernambuco;Nordeste;0;-9.02915;-36.566;2347;87;America/Sao_Paulo
2602506;Brejinho;26;PE;Pernambuco;Nordeste;0;-7.34694;-37.2865;2349;87;America/Sao_Paulo
2602605;Brejo da Madre de Deus;26;PE;Pernambuco;Nordeste;0;-8.14933;-36.3741;2351;81;America/Sao_Paulo
2602704;Buenos Aires;26;PE;Pernambuco;Nordeste;0;-7.72449;-35.3182;2353;81;America/Sao_Paulo
2602803;Buíque;26;PE;Pernambuco;Nordeste;0;-8.61954;-37.1606;2355;87;America/Sao_Paulo
2602902;Cabo de Santo Agostinho;26;PE;Pernambuco;Nordeste;0;-8.28218;-35.0253;2357;81;America/Sao_Paulo
2603009;Cabrobó;26;PE;Pernambuco;Nordeste;0;-8.50548;-39.3094;2359;87;America/Sao_Paulo
2603108;Cachoeirinha;26;PE;Pernambuco;Nordeste;0;-8.48668;-36.2402;2361;81;America/Sao_Paulo
2603207;Caetés;26;PE;Pernambuco;Nordeste;0;-8.7803;-36.6268;2363;87;America/Sao_Paulo
2603306;Calçado;26;PE;Pernambuco;Nordeste;0;-8.73108;-36.3366;2365;87;America/Sao_Paulo
2603405;Calumbi;26;PE;Pernambuco;Nordeste;0;-7.93551;-38.1482;2367;87;America/Sao_Paulo
2603454;Camaragibe;26;PE;Pernambuco;Nordeste;0;-8.02351;-34.9782;2629;81;America/Sao_Paulo
2603504;Camocim de São Félix;26;PE;Pernambuco;Nordeste;0;-8.35865;-35.7653;2369;81;America/Sao_Paulo
2603603;Camutanga;26;PE;Pernambuco;Nordeste;0;-7.40545;-35.2664;2371;81;America/Sao_Paulo
2603702;Canhotinho;26;PE;Pernambuco;Nordeste;0;-8.87652;-36.1979;2373;87;America/Sao_Paulo
2603801;Capoeiras;26;PE;Pernambuco;Nordeste;0;-8.73423;-36.6306;2375;87;America/Sao_Paulo
2603900;Carnaíba;26;PE;Pernambuco;Nordeste;0;-7.79342;-37.7946;2377;87;America/Sao_Paulo
2603926;Carnaubeira da Penha;26;PE;Pernambuco;Nordeste;0;-8.31799;-38.7512;2635;87;America/Sao_Paulo
2604007;Carpina;26;PE;Pernambuco;Nordeste;0;-7.84566;-35.2514;2379;81;America/Sao_Paulo
2604106;Caruaru;26;PE;Pernambuco;Nordeste;0;-8.28455;-35.9699;2381;81;America/Sao_Paulo
2604155;Casinhas;26;PE;Pernambuco;Nordeste;0;-7.74084;-35.7206;0546;81;America/Sao_Paulo
2604205;Catende;26;PE;Pernambuco;Nordeste;0;-8.67509;-35.7024;2383;81;America/Sao_Paulo
2604304;Cedro;26;PE;Pernambuco;Nordeste;0;-7.71179;-39.2367;2385;87;America/Sao_Paulo
2604403;Chã de Alegria;26;PE;Pernambuco;Nordeste;0;-8.00679;-35.204;2387;81;America/Sao_Paulo
2604502;Chã Grande;26;PE;Pernambuco;Nordeste;0;-8.23827;-35.4571;2389;81;America/Sao_Paulo
2604601;Condado;26;PE;Pernambuco;Nordeste;0;-7.58787;-35.0999;2391;81;America/Sao_Paulo
2604700;Correntes;26;PE;Pernambuco;Nordeste;0;-9.12117;-36.3244;2393;87;America/Sao_Paulo
2604809;Cortês;26;PE;Pernambuco;Nordeste;0;-8.47443;-35.5468;2395;81;America/Sao_Paulo
2604908;Cumaru;26;PE;Pernambuco;Nordeste;0;-8.00827;-35.6957;2397;81;America/Sao_Paulo
2605004;Cupira;26;PE;Pernambuco;Nordeste;0;-8.62432;-35.9518;2399;81;America/Sao_Paulo
2605103;Custódia;26;PE;Pernambuco;Nordeste;0;-8.08546;-37.6443;2401;87;America/Sao_Paulo
2605152;Dormentes;26;PE;Pernambuco;Nordeste;0;-8.44116;-40.7662;2299;87;America/Sao_Paulo
2605202;Escada;26;PE;Pernambuco;Nordeste;0;-8.35672;-35.2241;2403;81;America/Sao_Paulo
2605301;Exu;26;PE;Pernambuco;Nordeste;0;-7.50364;-39.7238;2405;87;America/Sao_Paulo
2605400;Feira Nova;26;PE;Pernambuco;Nordeste;0;-7.94704;-35.3801;2407;81;America/Sao_Paulo
2605459;Fernando de Noronha;26;PE;Pernambuco;Nordeste;0;-3.8396;-32.4107;3001;81;America/Noronha
2605509;Ferreiros;26;PE;Pernambuco;Nordeste;0;-7.44666;-35.2373;2409;81;America/Sao_Paulo
2605608;Flores;26;PE;Pernambuco;Nordeste;0;-7.85842;-37.9715;2411;87;America/Sao_Paulo
2605707;Floresta;26;PE;Pernambuco;Nordeste;0;-8.60307;-38.5687;2413;87;America/Sao_Paulo
2605806;Frei Miguelinho;26;PE;Pernambuco;Nordeste;0;-7.93918;-35.9113;2415;81;America/Sao_Paulo
2605905;Gameleira;26;PE;Pernambuco;Nordeste;0;-8.5798;-35.3846;2417;81;America/Sao_Paulo
2606002;Garanhuns;26;PE;Pernambuco;Nordeste;0;-8.88243;-36.4966;2419;87;America/Sao_Paulo
2606101;Glória do Goitá;26;PE;Pernambuco;Nordeste;0;-8.00568;-35.2904;2421;81;America/Sao_Paulo
2606200;Goiana;26;PE;Pernambuco;Nordeste;0;-7.5606;-34.9959;2423;81;America/Sao_Paulo
2606309;Granito;26;PE;Pernambuco;Nordeste;0;-7.70711;-39.615;2425;87;America/Sao_Paulo
2606408;Gravatá;26;PE;Pernambuco;Nordeste;0;-8.21118;-35.5675;2427;81;America/Sao_Paulo
2606507;Iati;26;PE;Pernambuco;Nordeste;0;-9.04559;-36.8498;2429;87;America/Sao_Paulo
2606606;Ibimirim;26;PE;Pernambuco;Nordeste;0;-8.54026;-37.7032;2431;87;America/Sao_Paulo
2606705;Ibirajuba;26;PE;Pernambuco;Nordeste;0;-8.57633;-36.1812;2433;87;America/Sao_Paulo
2606804;Igarassu;26;PE;Pernambuco;Nordeste;0;-7.82881;-34.9013;2435;81;America/Sao_Paulo
2606903;Iguaracy;26;PE;Pernambuco;Nordeste;0;-7.83222;-37.5082;2437;87;America/Sao_Paulo
2607000;Inajá;26;PE;Pernambuco;Nordeste;0;-8.90206;-37.8351;2439;87;America/Sao_Paulo
2607109;Ingazeira;26;PE;Pernambuco;Nordeste;0;-7.66909;-37.4576;2441;87;America/Sao_Paulo
2607208;Ipojuca;26;PE;Pernambuco;Nordeste;0;-8.39303;-35.0609;2443;81;America/Sao_Paulo
2607307;Ipubi;26;PE;Pernambuco;Nordeste;0;-7.64505;-40.1476;2445;87;America/Sao_Paulo
2607406;Itacuruba;26;PE;Pernambuco;Nordeste;0;-8.82231;-38.6975;2447;87;America/Sao_Paulo
2607505;Itaíba;26;PE;Pernambuco;Nordeste;0;-8.94569;-37.4173;2449;87;America/Sao_Paulo
2607604;Ilha de Itamaracá;26;PE;Pernambuco;Nordeste;0;-7.74766;-34.8303;2451;81;America/Sao_Paulo
2607653;Itambé;26;PE;Pernambuco;Nordeste;0;-7.41403;-35.0963;2597;81;America/Sao_Paulo
2607703;Itapetim;26;PE;Pernambuco;Nordeste;0;-7.37178;-37.1863;2453;87;America/Sao_Paulo
2607752;Itapissuma;26;PE;Pernambuco;Nordeste;0;-7.76798;-34.8971;2633;81;America/Sao_Paulo
2607802;Itaquitinga;26;PE;Pernambuco;Nordeste;0;-7.66373;-35.1002;2455;81;America/Sao_Paulo
2607901;Jaboatão dos Guararapes;26;PE;Pernambuco;Nordeste;0;-8.11298;-35.015;2457;81;America/Sao_Paulo
2607950;Jaqueira;26;PE;Pernambuco;Nordeste;0;-8.72618;-35.7942;0548;81;America/Sao_Paulo
2608008;Jataúba;26;PE;Pernambuco;Nordeste;0;-7.97668;-36.4943;2459;81;America/Sao_Paulo
2608057;Jatobá;26;PE;Pernambuco;Nordeste;0;-9.17476;-38.2607;0550;87;America/Sao_Paulo
2608107;João Alfredo;26;PE;Pernambuco;Nordeste;0;-7.86565;-35.5787;2461;81;America/Sao_Paulo
2608206;Joaquim Nabuco;26;PE;Pernambuco;Nordeste;0;-8.62281;-35.5288;2463;81;America/Sao_Paulo
2608255;Jucati;26;PE;Pernambuco;Nordeste;0;-8.70195;-36.4871;2295;87;America/Sao_Paulo
2608305;Jupi;26;PE;Pernambuco;Nordeste;0;-8.70904;-36.4126;2465;87;America/Sao_Paulo
2608404;Jurema;26;PE;Pernambuco;Nordeste;0;-8.70714;-36.1347;2467;87;America/Sao_Paulo
2608453;Lagoa do Carro;26;PE;Pernambuco;Nordeste;0;-7.84383;-35.3108;2289;81;America/Sao_Paulo
2608503;Lagoa de Itaenga;26;PE;Pernambuco;Nordeste;0;-7.93005;-35.2874;2469;81;America/Sao_Paulo
2608602;Lagoa do Ouro;26;PE;Pernambuco;Nordeste;0;-9.12567;-36.4584;2471;87;America/Sao_Paulo
2608701;Lagoa dos Gatos;26;PE;Pernambuco;Nordeste;0;-8.6602;-35.904;2473;81;America/Sao_Paulo
2608750;Lagoa Grande;26;PE;Pernambuco;Nordeste;0;-8.99452;-40.2767;0552;87;America/Sao_Paulo
2608800;Lajedo;26;PE;Pernambuco;Nordeste;0;-8.65791;-36.3293;2475;87;America/Sao_Paulo
2608909;Limoeiro;26;PE;Pernambuco;Nordeste;0;-7.8726;-35.4402;2477;81;America/Sao_Paulo
2609006;Macaparana;26;PE;Pernambuco;Nordeste;0;-7.55564;-35.4425;2479;81;America/Sao_Paulo
2609105;Machados;26;PE;Pernambuco;Nordeste;0;-7.68827;-35.5114;2481;81;America/Sao_Paulo
2609154;Manari;26;PE;Pernambuco;Nordeste;0;-8.9649;-37.6313;0554;87;America/Sao_Paulo
2609204;Maraial;26;PE;Pernambuco;Nordeste;0;-8.79062;-35.8266;2483;81;America/Sao_Paulo
2609303;Mirandiba;26;PE;Pernambuco;Nordeste;0;-8.12113;-38.7388;2485;87;America/Sao_Paulo
2609402;Moreno;26;PE;Pernambuco;Nordeste;0;-8.10871;-35.0835;2487;81;America/Sao_Paulo
2609501;Nazaré da Mata;26;PE;Pernambuco;Nordeste;0;-7.74149;-35.2193;2489;81;America/Sao_Paulo
2609600;Olinda;26;PE;Pernambuco;Nordeste;0;-8.01017;-34.8545;2491;81;America/Sao_Paulo
2609709;Orobó;26;PE;Pernambuco;Nordeste;0;-7.74553;-35.5956;2493;81;America/Sao_Paulo
2609808;Orocó;26;PE;Pernambuco;Nordeste;0;-8.61026;-39.6026;2495;87;America/Sao_Paulo
2609907;Ouricuri;26;PE;Pernambuco;Nordeste;0;-7.87918;-40.08;2497;87;America/Sao_Paulo
2610004;Palmares;26;PE;Pernambuco;Nordeste;0;-8.68423;-35.589;2499;81;America/Sao_Paulo
2610103;Palmeirina;26;PE;Pernambuco;Nordeste;0;-9.0109;-36.3242;2501;87;America/Sao_Paulo
2610202;Panelas;26;PE;Pernambuco;Nordeste;0;-8.66121;-36.0125;2503;81;America/Sao_Paulo
2610301;Paranatama;26;PE;Pernambuco;Nordeste;0;-8.91875;-36.6549;2505;87;America/Sao_Paulo
2610400;Parnamirim;26;PE;Pernambuco;Nordeste;0;-8.08729;-39.5795;2507;87;America/Sao_Paulo
2610509;Passira;26;PE;Pernambuco;Nordeste;0;-7.9971;-35.5813;2509;81;America/Sao_Paulo
2610608;Paudalho;26;PE;Pernambuco;Nordeste;0;-7.90287;-35.1716;2511;81;America/Sao_Paulo
2610707;Paulista;26;PE;Pernambuco;Nordeste;0;-7.93401;-34.8684;2513;81;America/Sao_Paulo
2610806;Pedra;26;PE;Pernambuco;Nordeste;0;-8.49641;-36.94;2515;87;America/Sao_Paulo
2610905;Pesqueira;26;PE;Pernambuco;Nordeste;0;-8.35797;-36.6978;2517;87;America/Sao_Paulo
2611002;Petrolândia;26;PE;Pernambuco;Nordeste;0;-9.06863;-38.3027;2519;87;America/Sao_Paulo
2611101;Petrolina;26;PE;Pernambuco;Nordeste;0;-9.38866;-40.5027;2521;87;America/Sao_Paulo
2611200;Poção;26;PE;Pernambuco;Nordeste;0;-8.18726;-36.7111;2523;87;America/Sao_Paulo
2611309;Pombos;26;PE;Pernambuco;Nordeste;0;-8.13982;-35.3967;2525;81;America/Sao_Paulo
2611408;Primavera;26;PE;Pernambuco;Nordeste;0;-8.32999;-35.3544;2527;81;America/Sao_Paulo
2611507;Quipapá;26;PE;Pernambuco;Nordeste;0;-8.81175;-36.0137;2529;81;America/Sao_Paulo
2611533;Quixaba;26;PE;Pernambuco;Nordeste;0;-7.70734;-37.8446;2637;87;America/Sao_Paulo
2611606;Recife;26;PE;Pernambuco;Nordeste;1;-8.04666;-34.8771;2531;81;America/Sao_Paulo
2611705;Riacho das Almas;26;PE;Pernambuco;Nordeste;0;-8.13742;-35.8648;2533;81;America/Sao_Paulo
2611804;Ribeirão;26;PE;Pernambuco;Nordeste;0;-8.50957;-35.3698;2535;81;America/Sao_Paulo
2611903;Rio Formoso;26;PE;Pernambuco;Nordeste;0;-8.6592;-35.1532;2537;81;America/Sao_Paulo
2612000;Sairé;26;PE;Pernambuco;Nordeste;0;-8.32864;-35.6967;2539;81;America/Sao_Paulo
2612109;Salgadinho;26;PE;Pernambuco;Nordeste;0;-7.9269;-35.6503;2541;81;America/Sao_Paulo
2612208;Salgueiro;26;PE;Pernambuco;Nordeste;0;-8.07373;-39.1247;2543;87;America/Sao_Paulo
2612307;Saloá;26;PE;Pernambuco;Nordeste;0;-8.9723;-36.691;2545;87;America/Sao_Paulo
2612406;Sanharó;26;PE;Pernambuco;Nordeste;0;-8.36097;-36.5696;2547;87;America/Sao_Paulo
2612455;Santa Cruz;26;PE;Pernambuco;Nordeste;0;-8.24153;-40.3434;2297;87;America/Sao_Paulo
2612471;Santa Cruz da Baixa Verde;26;PE;Pernambuco;Nordeste;0;-7.81339;-38.1476;2639;87;America/Sao_Paulo
2612505;Santa Cruz do Capibaribe;26;PE;Pernambuco;Nordeste;0;-7.94802;-36.2061;2549;81;America/Sao_Paulo
2612554;Santa Filomena;26;PE;Pernambuco;Nordeste;0;-8.16688;-40.6079;0556;87;America/Sao_Paulo
2612604;Santa Maria da Boa Vista;26;PE;Pernambuco;Nordeste;0;-8.79766;-39.8241;2551;87;America/Sao_Paulo
2612703;Santa Maria do Cambucá;26;PE;Pernambuco;Nordeste;0;-7.83676;-35.8941;2553;81;America/Sao_Paulo
2612802;Santa Terezinha;26;PE;Pernambuco;Nordeste;0;-7.37696;-37.4787;2555;87;America/Sao_Paulo
2612901;São Benedito do Sul;26;PE;Pernambuco;Nordeste;0;-8.8166;-35.9453;2557;81;America/Sao_Paulo
2613008;São Bento do Una;26;PE;Pernambuco;Nordeste;0;-8.52637;-36.4465;2559;81;America/Sao_Paulo
2613107;São Caetano;26;PE;Pernambuco;Nordeste;0;-8.33763;-36.2869;2561;81;America/Sao_Paulo
2613206;São João;26;PE;Pernambuco;Nordeste;0;-8.87576;-36.3653;2563;87;America/Sao_Paulo
2613305;São Joaquim do Monte;26;PE;Pernambuco;Nordeste;0;-8.43196;-35.8035;2565;81;America/Sao_Paulo
2613404;São José da Coroa Grande;26;PE;Pernambuco;Nordeste;0;-8.88937;-35.1515;2567;81;America/Sao_Paulo
2613503;São José do Belmonte;26;PE;Pernambuco;Nordeste;0;-7.85723;-38.7577;2569;87;America/Sao_Paulo
2613602;São José do Egito;26;PE;Pernambuco;Nordeste;0;-7.46945;-37.274;2571;87;America/Sao_Paulo
2613701;São Lourenço da Mata;26;PE;Pernambuco;Nordeste;0;-8.00684;-35.0124;2573;81;America/Sao_Paulo
2613800;São Vicente Ferrer;26;PE;Pernambuco;Nordeste;0;-7.58969;-35.4808;2575;81;America/Sao_Paulo
2613909;Serra Talhada;26;PE;Pernambuco;Nordeste;0;-7.98178;-38.289;2577;87;America/Sao_Paulo
2614006;Serrita;26;PE;Pernambuco;Nordeste;0;-7.94041;-39.2951;2579;87;America/Sao_Paulo
2614105;Sertânia;26;PE;Pernambuco;Nordeste;0;-8.06847;-37.2684;2581;87;America/Sao_Paulo
2614204;Sirinhaém;26;PE;Pernambuco;Nordeste;0;-8.58778;-35.1126;2583;81;America/Sao_Paulo
2614303;Moreilândia;26;PE;Pernambuco;Nordeste;0;-7.61931;-39.546;2585;87;America/Sao_Paulo
2614402;Solidão;26;PE;Pernambuco;Nordeste;0;-7.59472;-37.6445;2587;87;America/Sao_Paulo
2614501;Surubim;26;PE;Pernambuco;Nordeste;0;-7.84746;-35.7481;2589;81;America/Sao_Paulo
2614600;Tabira;26;PE;Pernambuco;Nordeste;0;-7.58366;-37.5377;2591;87;America/Sao_Paulo
2614709;Tacaimbó;26;PE;Pernambuco;Nordeste;0;-8.30867;-36.3;2593;81;America/Sao_Paulo
2614808;Tacaratu;26;PE;Pernambuco;Nordeste;0;-9.09798;-38.1504;2595;87;America/Sao_Paulo
2614857;Tamandaré;26;PE;Pernambuco;Nordeste;0;-8.75665;-35.1033;0558;81;America/Sao_Paulo
2615003;Taquaritinga do Norte;26;PE;Pernambuco;Nordeste;0;-7.89446;-36.0423;2599;81;America/Sao_Paulo
2615102;Terezinha;26;PE;Pernambuco;Nordeste;0;-9.05621;-36.6272;2601;87;America/Sao_Paulo
2615201;Terra Nova;26;PE;Pernambuco;Nordeste;0;-8.22244;-39.3825;2603;87;America/Sao_Paulo
2615300;Timbaúba;26;PE;Pernambuco;Nordeste;0;-7.50484;-35.3119;2605;81;America/Sao_Paulo
2615409;Toritama;26;PE;Pernambuco;Nordeste;0;-8.00955;-36.0637;2607;81;America/Sao_Paulo
2615508;Tracunhaém;26;PE;Pernambuco;Nordeste;0;-7.80228;-35.2314;2609;81;America/Sao_Paulo
2615607;Trindade;26;PE;Pernambuco;Nordeste;0;-7.759;-40.2647;2611;87;America/Sao_Paulo
2615706;Triunfo;26;PE;Pernambuco;Nordeste;0;-7.83272;-38.0978;2613;87;America/Sao_Paulo
2615805;Tupanatinga;26;PE;Pernambuco;Nordeste;0;-8.74798;-37.3445;2615;87;America/Sao_Paulo
2615904;Tuparetama;26;PE;Pernambuco;Nordeste;0;-7.6003;-37.3165;2617;87;America/Sao_Paulo
2616001;Venturosa;26;PE;Pernambuco;Nordeste;0;-8.57885;-36.8742;2619;87;America/Sao_Paulo
2616100;Verdejante;26;PE;Pernambuco;Nordeste;0;-7.92235;-38.9701;2621;87;America/Sao_Paulo
2616183;Vertente do Lério;26;PE;Pernambuco;Nordeste;0;-7.77084;-35.8491;2291;81;America/Sao_Paulo
2616209;Vertentes;26;PE;Pernambuco;Nordeste;0;-7.90158;-35.9681;2623;81;America/Sao_Paulo
2616308;Vicência;26;PE;Pernambuco;Nordeste;0;-7.65655;-35.3139;2625;81;America/Sao_Paulo
2616407;Vitória de Santo Antão;26;PE;Pernambuco;Nordeste;0;-8.12819;-35.2976;2627;81;America/Sao_Paulo
2616506;Xexéu;26;PE;Pernambuco;Nordeste;0;-8.8046;-35.6212;2293;81;America/Sao_Paulo
2700102;Água Branca;27;AL;Alagoas;Nordeste;0;-9.262;-37.938;2701;82;America/Sao_Paulo
2700201;Anadia;27;AL;Alagoas;Nordeste;0;-9.68489;-36.3078;2703;82;America/Sao_Paulo
2700300;Arapiraca;27;AL;Alagoas;Nordeste;0;-9.75487;-36.6615;2705;82;America/Sao_Paulo
2700409;Atalaia;27;AL;Alagoas;Nordeste;0;-9.5119;-36.0086;2707;82;America/Sao_Paulo
2700508;Barra de Santo Antônio;27;AL;Alagoas;Nordeste;0;-9.4023;-35.5101;2709;82;America/Sao_Paulo
2700607;Barra de São Miguel;27;AL;Alagoas;Nordeste;0;-9.83842;-35.9057;2711;82;America/Sao_Paulo
2700706;Batalha;27;AL;Alagoas;Nordeste;0;-9.6742;-37.133;2713;82;America/Sao_Paulo
2700805;Belém;27;AL;Alagoas;Nordeste;0;-9.57047;-36.4904;2715;82;America/Sao_Paulo
2700904;Belo Monte;27;AL;Alagoas;Nordeste;0;-9.82272;-37.277;2717;82;America/Sao_Paulo
2701001;Boca da Mata;27;AL;Alagoas;Nordeste;0;-9.64308;-36.2125;2719;82;America/Sao_Paulo
2701100;Branquinha;27;AL;Alagoas;Nordeste;0;-9.23342;-36.0162;2721;82;America/Sao_Paulo
2701209;Cacimbinhas;27;AL;Alagoas;Nordeste;0;-9.40121;-36.9911;2723;82;America/Sao_Paulo
2701308;Cajueiro;27;AL;Alagoas;Nordeste;0;-9.3994;-36.1559;2725;82;America/Sao_Paulo
2701357;Campestre;27;AL;Alagoas;Nordeste;0;-8.84723;-35.5685;0560;82;America/Sao_Paulo
2701407;Campo Alegre;27;AL;Alagoas;Nordeste;0;-9.78451;-36.3525;2727;82;America/Sao_Paulo
2701506;Campo Grande;27;AL;Alagoas;Nordeste;0;-9.95542;-36.7926;2729;82;America/Sao_Paulo
2701605;Canapi;27;AL;Alagoas;Nordeste;0;-9.11932;-37.5967;2731;82;America/Sao_Paulo
2701704;Capela;27;AL;Alagoas;Nordeste;0;-9.41504;-36.0826;2733;82;America/Sao_Paulo
2701803;Carneiros;27;AL;Alagoas;Nordeste;0;-9.48476;-37.3773;2735;82;America/Sao_Paulo
2701902;Chã Preta;27;AL;Alagoas;Nordeste;0;-9.2556;-36.2983;2737;82;America/Sao_Paulo
2702009;Coité do Nóia;27;AL;Alagoas;Nordeste;0;-9.63348;-36.5845;2739;82;America/Sao_Paulo
2702108;Colônia Leopoldina;27;AL;Alagoas;Nordeste;0;-8.91806;-35.7214;2741;82;America/Sao_Paulo
2702207;Coqueiro Seco;27;AL;Alagoas;Nordeste;0;-9.63715;-35.7994;2743;82;America/Sao_Paulo
2702306;Coruripe;27;AL;Alagoas;Nordeste;0;-10.1276;-36.1717;2745;82;America/Sao_Paulo
2702355;Craíbas;27;AL;Alagoas;Nordeste;0;-9.6178;-36.7697;2889;82;America/Sao_Paulo
2702405;Delmiro Gouveia;27;AL;Alagoas;Nordeste;0;-9.38534;-37.9987;2747;82;America/Sao_Paulo
2702504;Dois Riachos;27;AL;Alagoas;Nordeste;0;-9.38465;-37.0965;2749;82;America/Sao_Paulo
2702553;Estrela de Alagoas;27;AL;Alagoas;Nordeste;0;-9.39089;-36.7644;2643;82;America/Sao_Paulo
2702603;Feira Grande;27;AL;Alagoas;Nordeste;0;-9.89859;-36.6815;2751;82;America/Sao_Paulo
2702702;Feliz Deserto;27;AL;Alagoas;Nordeste;0;-10.2935;-36.3028;2753;82;America/Sao_Paulo
2702801;Flexeiras;27;AL;Alagoas;Nordeste;0;-9.27281;-35.7139;2755;82;America/Sao_Paulo
2702900;Girau do Ponciano;27;AL;Alagoas;Nordeste;0;-9.88404;-36.8316;2757;82;America/Sao_Paulo
2703007;Ibateguara;27;AL;Alagoas;Nordeste;0;-8.97823;-35.9373;2759;82;America/Sao_Paulo
2703106;Igaci;27;AL;Alagoas;Nordeste;0;-9.53768;-36.6372;2761;82;America/Sao_Paulo
2703205;Igreja Nova;27;AL;Alagoas;Nordeste;0;-10.1235;-36.6597;2763;82;America/Sao_Paulo
2703304;Inhapi;27;AL;Alagoas;Nordeste;0;-9.22594;-37.7509;2765;82;America/Sao_Paulo
2703403;Jacaré dos Homens;27;AL;Alagoas;Nordeste;0;-9.63545;-37.2076;2767;82;America/Sao_Paulo
2703502;Jacuípe;27;AL;Alagoas;Nordeste;0;-8.83951;-35.4591;2769;82;America/Sao_Paulo
2703601;Japaratinga;27;AL;Alagoas;Nordeste;0;-9.08746;-35.2634;2771;82;America/Sao_Paulo
2703700;Jaramataia;27;AL;Alagoas;Nordeste;0;-9.66224;-37.0046;2773;82;America/Sao_Paulo
2703759;Jequiá da Praia;27;AL;Alagoas;Nordeste;0;-10.0133;-36.0142;0562;82;America/Sao_Paulo
2703809;Joaquim Gomes;27;AL;Alagoas;Nordeste;0;-9.1328;-35.7474;2775;82;America/Sao_Paulo
2703908;Jundiá;27;AL;Alagoas;Nordeste;0;-8.93297;-35.5669;2777;82;America/Sao_Paulo
2704005;Junqueiro;27;AL;Alagoas;Nordeste;0;-9.90696;-36.4803;2779;82;America/Sao_Paulo
2704104;Lagoa da Canoa;27;AL;Alagoas;Nordeste;0;-9.83291;-36.7413;2781;82;America/Sao_Paulo
2704203;Limoeiro de Anadia;27;AL;Alagoas;Nordeste;0;-9.74098;-36.5121;2783;82;America/Sao_Paulo
2704302;Maceió;27;AL;Alagoas;Nordeste;1;-9.66599;-35.735;2785;82;America/Sao_Paulo
2704401;Major Isidoro;27;AL;Alagoas;Nordeste;0;-9.53009;-36.992;2787;82;America/Sao_Paulo
2704500;Maragogi;27;AL;Alagoas;Nordeste;0;-9.00744;-35.2267;2789;82;America/Sao_Paulo
2704609;Maravilha;27;AL;Alagoas;Nordeste;0;-9.23045;-37.3524;2791;82;America/Sao_Paulo
2704708;Marechal Deodoro;27;AL;Alagoas;Nordeste;0;-9.70971;-35.8967;2793;82;America/Sao_Paulo
2704807;Maribondo;27;AL;Alagoas;Nordeste;0;-9.58353;-36.3045;2795;82;America/Sao_Paulo
2704906;Mar Vermelho;27;AL;Alagoas;Nordeste;0;-9.44739;-36.3881;2797;82;America/Sao_Paulo
2705002;Mata Grande;27;AL;Alagoas;Nordeste;0;-9.11824;-37.7323;2799;82;America/Sao_Paulo
2705101;Matriz de Camaragibe;27;AL;Alagoas;Nordeste;0;-9.15437;-35.5243;2801;82;America/Sao_Paulo
2705200;Messias;27;AL;Alagoas;Nordeste;0;-9.39384;-35.8392;2803;82;America/Sao_Paulo
2705309;Minador do Negrão;27;AL;Alagoas;Nordeste;0;-9.31236;-36.8696;2805;82;America/Sao_Paulo
2705408;Monteirópolis;27;AL;Alagoas;Nordeste;0;-9.60357;-37.2505;2807;82;America/Sao_Paulo
2705507;Murici;27;AL;Alagoas;Nordeste;0;-9.30682;-35.9428;2809;82;America/Sao_Paulo
2705606;Novo Lino;27;AL;Alagoas;Nordeste;0;-8.94191;-35.664;2811;82;America/Sao_Paulo
2705705;Olho d'Água das Flores;27;AL;Alagoas;Nordeste;0;-9.53686;-37.2971;2813;82;America/Sao_Paulo
2705804;Olho d'Água do Casado;27;AL;Alagoas;Nordeste;0;-9.50357;-37.8301;2815;82;America/Sao_Paulo
2705903;Olho d'Água Grande;27;AL;Alagoas;Nordeste;0;-10.0572;-36.8101;2817;82;America/Sao_Paulo
2706000;Olivença;27;AL;Alagoas;Nordeste;0;-9.51954;-37.1954;2819;82;America/Sao_Paulo
2706109;Ouro Branco;27;AL;Alagoas;Nordeste;0;-9.15884;-37.3556;2821;82;America/Sao_Paulo
2706208;Palestina;27;AL;Alagoas;Nordeste;0;-9.67493;-37.339;2823;82;America/Sao_Paulo
2706307;Palmeira dos Índios;27;AL;Alagoas;Nordeste;0;-9.40568;-36.6328;2825;82;America/Sao_Paulo
2706406;Pão de Açúcar;27;AL;Alagoas;Nordeste;0;-9.74032;-37.4403;2827;82;America/Sao_Paulo
2706422;Pariconha;27;AL;Alagoas;Nordeste;0;-9.25634;-37.9988;2645;82;America/Sao_Paulo
2706448;Paripueira;27;AL;Alagoas;Nordeste;0;-9.46313;-35.552;2641;82;America/Sao_Paulo
2706505;Passo de Camaragibe;27;AL;Alagoas;Nordeste;0;-9.24511;-35.4745;2829;82;America/Sao_Paulo
2706604;Paulo Jacinto;27;AL;Alagoas;Nordeste;0;-9.36792;-36.3672;2831;82;America/Sao_Paulo
2706703;Penedo;27;AL;Alagoas;Nordeste;0;-10.2874;-36.5819;2833;82;America/Sao_Paulo
2706802;Piaçabuçu;27;AL;Alagoas;Nordeste;0;-10.406;-36.434;2835;82;America/Sao_Paulo
2706901;Pilar;27;AL;Alagoas;Nordeste;0;-9.60135;-35.9543;2837;82;America/Sao_Paulo
2707008;Pindoba;27;AL;Alagoas;Nordeste;0;-9.47382;-36.2918;2839;82;America/Sao_Paulo
2707107;Piranhas;27;AL;Alagoas;Nordeste;0;-9.624;-37.757;2841;82;America/Sao_Paulo
2707206;Poço das Trincheiras;27;AL;Alagoas;Nordeste;0;-9.30742;-37.2889;2843;82;America/Sao_Paulo
2707305;Porto Calvo;27;AL;Alagoas;Nordeste;0;-9.05195;-35.3987;2845;82;America/Sao_Paulo
2707404;Porto de Pedras;27;AL;Alagoas;Nordeste;0;-9.16006;-35.3049;2847;82;America/Sao_Paulo
2707503;Porto Real do Colégio;27;AL;Alagoas;Nordeste;0;-10.1849;-36.8376;2849;82;America/Sao_Paulo
2707602;Quebrangulo;27;AL;Alagoas;Nordeste;0;-9.32001;-36.4692;2851;82;America/Sao_Paulo
2707701;Rio Largo;27;AL;Alagoas;Nordeste;0;-9.47783;-35.8394;2853;82;America/Sao_Paulo
2707800;Roteiro;27;AL;Alagoas;Nordeste;0;-9.83503;-35.9782;2855;82;America/Sao_Paulo
2707909;Santa Luzia do Norte;27;AL;Alagoas;Nordeste;0;-9.6037;-35.8232;2857;82;America/Sao_Paulo
2708006;Santana do Ipanema;27;AL;Alagoas;Nordeste;0;-9.36999;-37.248;2859;82;America/Sao_Paulo
2708105;Santana do Mundaú;27;AL;Alagoas;Nordeste;0;-9.17141;-36.2176;2861;82;America/Sao_Paulo
2708204;São Brás;27;AL;Alagoas;Nordeste;0;-10.1141;-36.8522;2863;82;America/Sao_Paulo
2708303;São José da Laje;27;AL;Alagoas;Nordeste;0;-9.01278;-36.0515;2865;82;America/Sao_Paulo
2708402;São José da Tapera;27;AL;Alagoas;Nordeste;0;-9.55768;-37.3831;2867;82;America/Sao_Paulo
2708501;São Luís do Quitunde;27;AL;Alagoas;Nordeste;0;-9.31816;-35.5606;2869;82;America/Sao_Paulo
2708600;São Miguel dos Campos;27;AL;Alagoas;Nordeste;0;-9.78301;-36.0971;2871;82;America/Sao_Paulo
2708709;São Miguel dos Milagres;27;AL;Alagoas;Nordeste;0;-9.26493;-35.3763;2873;82;America/Sao_Paulo
2708808;São Sebastião;27;AL;Alagoas;Nordeste;0;-9.93043;-36.559;2875;82;America/Sao_Paulo
2708907;Satuba;27;AL;Alagoas;Nordeste;0;-9.56911;-35.8227;2877;82;America/Sao_Paulo
2708956;Senador Rui Palmeira;27;AL;Alagoas;Nordeste;0;-9.46986;-37.4576;2891;82;America/Sao_Paulo
2709004;Tanque d'Arca;27;AL;Alagoas;Nordeste;0;-9.53379;-36.4366;2879;82;America/Sao_Paulo
2709103;Taquarana;27;AL;Alagoas;Nordeste;0;-9.64529;-36.4928;2881;82;America/Sao_Paulo
2709152;Teotônio Vilela;27;AL;Alagoas;Nordeste;0;-9.91656;-36.3492;0971;82;America/Sao_Paulo
2709202;Traipu;27;AL;Alagoas;Nordeste;0;-9.96262;-37.0071;2883;82;America/Sao_Paulo
2709301;União dos Palmares;27;AL;Alagoas;Nordeste;0;-9.15921;-36.0223;2885;82;America/Sao_Paulo
2709400;Viçosa;27;AL;Alagoas;Nordeste;0;-9.36763;-36.2431;2887;82;America/Sao_Paulo
2800100;Amparo de São Francisco;28;SE;Sergipe;Nordeste;0;-10.1348;-36.935;3101;79;America/Sao_Paulo
2800209;Aquidabã;28;SE;Sergipe;Nordeste;0;-10.278;-37.0148;3103;79;America/Sao_Paulo
2800308;Aracaju;28;SE;Sergipe;Nordeste;1;-10.9091;-37.0677;3105;79;America/Sao_Paulo
2800407;Arauá;28;SE;Sergipe;Nordeste;0;-11.2614;-37.6201;3107;79;America/Sao_Paulo
2800506;Areia Branca;28;SE;Sergipe;Nordeste;0;-10.758;-37.3251;3109;79;America/Sao_Paulo
2800605;Barra dos Coqueiros;28;SE;Sergipe;Nordeste;0;-10.8996;-37.0323;3111;79;America/Sao_Paulo
2800670;Boquim;28;SE;Sergipe;Nordeste;0;-11.1397;-37.6195;3115;79;America/Sao_Paulo
2800704;Brejo Grande;28;SE;Sergipe;Nordeste;0;-10.4297;-36.4611;3113;79;America/Sao_Paulo
2801009;Campo do Brito;28;SE;Sergipe;Nordeste;0;-10.7392;-37.4954;3119;79;America/Sao_Paulo
2801108;Canhoba;28;SE;Sergipe;Nordeste;0;-10.1365;-36.9806;3121;79;America/Sao_Paulo
2801207;Canindé de São Francisco;28;SE;Sergipe;Nordeste;0;-9.64882;-37.7923;3123;79;America/Sao_Paulo
2801306;Capela;28;SE;Sergipe;Nordeste;0;-10.5069;-37.0628;3125;79;America/Sao_Paulo
2801405;Carira;28;SE;Sergipe;Nordeste;0;-10.3524;-37.7002;3127;79;America/Sao_Paulo
2801504;Carmópolis;28;SE;Sergipe;Nordeste;0;-10.6449;-36.9887;3129;79;America/Sao_Paulo
2801603;Cedro de São João;28;SE;Sergipe;Nordeste;0;-10.2534;-36.8856;3131;79;America/Sao_Paulo
2801702;Cristinápolis;28;SE;Sergipe;Nordeste;0;-11.4668;-37.7585;3133;79;America/Sao_Paulo
2801900;Cumbe;28;SE;Sergipe;Nordeste;0;-10.352;-37.1846;3137;79;America/Sao_Paulo
2802007;Divina Pastora;28;SE;Sergipe;Nordeste;0;-10.6782;-37.1506;3139;79;America/Sao_Paulo
2802106;Estância;28;SE;Sergipe;Nordeste;0;-11.2659;-37.4484;3141;79;America/Sao_Paulo
2802205;Feira Nova;28;SE;Sergipe;Nordeste;0;-10.2616;-37.3147;3143;79;America/Sao_Paulo
2802304;Frei Paulo;28;SE;Sergipe;Nordeste;0;-10.5513;-37.5279;3145;79;America/Sao_Paulo
2802403;Gararu;28;SE;Sergipe;Nordeste;0;-9.9722;-37.0869;3149;79;America/Sao_Paulo
2802502;General Maynard;28;SE;Sergipe;Nordeste;0;-10.6835;-36.9838;3147;79;America/Sao_Paulo
2802601;Gracho Cardoso;28;SE;Sergipe;Nordeste;0;-10.2252;-37.2006;3151;79;America/Sao_Paulo
2802700;Ilha das Flores;28;SE;Sergipe;Nordeste;0;-10.4425;-36.5479;3153;79;America/Sao_Paulo
2802809;Indiaroba;28;SE;Sergipe;Nordeste;0;-11.5157;-37.515;3155;79;America/Sao_Paulo
2802908;Itabaiana;28;SE;Sergipe;Nordeste;0;-10.6826;-37.4273;3157;79;America/Sao_Paulo
2803005;Itabaianinha;28;SE;Sergipe;Nordeste;0;-11.2693;-37.7875;3159;79;America/Sao_Paulo
2803104;Itabi;28;SE;Sergipe;Nordeste;0;-10.1248;-37.1056;3161;79;America/Sao_Paulo
2803203;Itaporanga d'Ajuda;28;SE;Sergipe;Nordeste;0;-10.99;-37.3078;3163;79;America/Sao_Paulo
2803302;Japaratuba;28;SE;Sergipe;Nordeste;0;-10.5849;-36.9418;3165;79;America/Sao_Paulo
2803401;Japoatã;28;SE;Sergipe;Nordeste;0;-10.3477;-36.8045;3167;79;America/Sao_Paulo
2803500;Lagarto;28;SE;Sergipe;Nordeste;0;-10.9136;-37.6689;3169;79;America/Sao_Paulo
2803609;Laranjeiras;28;SE;Sergipe;Nordeste;0;-10.7981;-37.1731;3171;79;America/Sao_Paulo
2803708;Macambira;28;SE;Sergipe;Nordeste;0;-10.6619;-37.5413;3173;79;America/Sao_Paulo
2803807;Malhada dos Bois;28;SE;Sergipe;Nordeste;0;-10.3418;-36.9252;3175;79;America/Sao_Paulo
2803906;Malhador;28;SE;Sergipe;Nordeste;0;-10.6649;-37.3004;3177;79;America/Sao_Paulo
2804003;Maruim;28;SE;Sergipe;Nordeste;0;-10.7308;-37.0856;3179;79;America/Sao_Paulo
2804102;Moita Bonita;28;SE;Sergipe;Nordeste;0;-10.5769;-37.3512;3181;79;America/Sao_Paulo
2804201;Monte Alegre de Sergipe;28;SE;Sergipe;Nordeste;0;-10.0256;-37.5616;3183;79;America/Sao_Paulo
2804300;Muribeca;28;SE;Sergipe;Nordeste;0;-10.4271;-36.9588;3185;79;America/Sao_Paulo
2804409;Neópolis;28;SE;Sergipe;Nordeste;0;-10.3215;-36.585;3187;79;America/Sao_Paulo
2804458;Nossa Senhora Aparecida;28;SE;Sergipe;Nordeste;0;-10.3944;-37.4517;3135;79;America/Sao_Paulo
2804508;Nossa Senhora da Glória;28;SE;Sergipe;Nordeste;0;-10.2158;-37.4211;3189;79;America/Sao_Paulo
2804607;Nossa Senhora das Dores;28;SE;Sergipe;Nordeste;0;-10.4854;-37.1963;3191;79;America/Sao_Paulo
2804706;Nossa Senhora de Lourdes;28;SE;Sergipe;Nordeste;0;-10.0772;-37.0615;3193;79;America/Sao_Paulo
2804805;Nossa Senhora do Socorro;28;SE;Sergipe;Nordeste;0;-10.8468;-37.1231;3195;79;America/Sao_Paulo
2804904;Pacatuba;28;SE;Sergipe;Nordeste;0;-10.4538;-36.6531;3197;79;America/Sao_Paulo
2805000;Pedra Mole;28;SE;Sergipe;Nordeste;0;-10.6134;-37.6922;3199;79;America/Sao_Paulo
2805109;Pedrinhas;28;SE;Sergipe;Nordeste;0;-11.1902;-37.6775;3201;79;America/Sao_Paulo
2805208;Pinhão;28;SE;Sergipe;Nordeste;0;-10.5677;-37.7242;3203;79;America/Sao_Paulo
2805307;Pirambu;28;SE;Sergipe;Nordeste;0;-10.7215;-36.8544;3205;79;America/Sao_Paulo
2805406;Poço Redondo;28;SE;Sergipe;Nordeste;0;-9.80616;-37.6833;3207;79;America/Sao_Paulo
2805505;Poço Verde;28;SE;Sergipe;Nordeste;0;-10.7151;-38.1813;3209;79;America/Sao_Paulo
2805604;Porto da Folha;28;SE;Sergipe;Nordeste;0;-9.91626;-37.2842;3211;79;America/Sao_Paulo
2805703;Propriá;28;SE;Sergipe;Nordeste;0;-10.2138;-36.8442;3213;79;America/Sao_Paulo
2805802;Riachão do Dantas;28;SE;Sergipe;Nordeste;0;-11.0729;-37.731;3215;79;America/Sao_Paulo
2805901;Riachuelo;28;SE;Sergipe;Nordeste;0;-10.735;-37.1966;3217;79;America/Sao_Paulo
2806008;Ribeirópolis;28;SE;Sergipe;Nordeste;0;-10.5357;-37.438;3219;79;America/Sao_Paulo
2806107;Rosário do Catete;28;SE;Sergipe;Nordeste;0;-10.6904;-37.0357;3221;79;America/Sao_Paulo
2806206;Salgado;28;SE;Sergipe;Nordeste;0;-11.0288;-37.4804;3223;79;America/Sao_Paulo
2806305;Santa Luzia do Itanhy;28;SE;Sergipe;Nordeste;0;-11.3536;-37.4586;3225;79;America/Sao_Paulo
2806404;Santana do São Francisco;28;SE;Sergipe;Nordeste;0;-10.2922;-36.6105;2647;79;America/Sao_Paulo
2806503;Santa Rosa de Lima;28;SE;Sergipe;Nordeste;0;-10.6434;-37.1931;3229;79;America/Sao_Paulo
2806602;Santo Amaro das Brotas;28;SE;Sergipe;Nordeste;0;-10.7892;-37.0564;3231;79;America/Sao_Paulo
2806701;São Cristóvão;28;SE;Sergipe;Nordeste;0;-11.0084;-37.2044;3233;79;America/Sao_Paulo
2806800;São Domingos;28;SE;Sergipe;Nordeste;0;-10.7916;-37.5685;3235;79;America/Sao_Paulo
2806909;São Francisco;28;SE;Sergipe;Nordeste;0;-10.3442;-36.8869;3237;79;America/Sao_Paulo
2807006;São Miguel do Aleixo;28;SE;Sergipe;Nordeste;0;-10.3847;-37.3836;3239;79;America/Sao_Paulo
2807105;Simão Dias;28;SE;Sergipe;Nordeste;0;-10.7387;-37.8097;3241;79;America/Sao_Paulo
2807204;Siriri;28;SE;Sergipe;Nordeste;0;-10.5965;-37.1131;3243;79;America/Sao_Paulo
2807303;Telha;28;SE;Sergipe;Nordeste;0;-10.2064;-36.8818;3245;79;America/Sao_Paulo
2807402;Tobias Barreto;28;SE;Sergipe;Nordeste;0;-11.1798;-37.9995;3247;79;America/Sao_Paulo
2807501;Tomar do Geru;28;SE;Sergipe;Nordeste;0;-11.3694;-37.8433;3249;79;America/Sao_Paulo
2807600;Umbaúba;28;SE;Sergipe;Nordeste;0;-11.3809;-37.6623;3251;79;America/Sao_Paulo
2900108;Abaíra;29;BA;Bahia;Nordeste;0;-13.2488;-41.6619;3301;77;America/Sao_Paulo
2900207;Abaré;29;BA;Bahia;Nordeste;0;-8.72073;-39.1162;3303;75;America/Sao_Paulo
2900306;Acajutiba;29;BA;Bahia;Nordeste;0;-11.6575;-38.0197;3305;75;America/Sao_Paulo
2900355;Adustina;29;BA;Bahia;Nordeste;0;-10.5437;-38.1113;3253;75;America/Sao_Paulo
2900405;Água Fria;29;BA;Bahia;Nordeste;0;-11.8618;-38.7639;3307;75;America/Sao_Paulo
2900504;Érico Cardoso;29;BA;Bahia;Nordeste;0;-13.4215;-42.1352;3309;77;America/Sao_Paulo
2900603;Aiquara;29;BA;Bahia;Nordeste;0;-14.1269;-39.8937;3311;73;America/Sao_Paulo
2900702;Alagoinhas;29;BA;Bahia;Nordeste;0;-12.1335;-38.4208;3313;75;America/Sao_Paulo
2900801;Alcobaça;29;BA;Bahia;Nordeste;0;-17.5195;-39.2036;3315;73;America/Sao_Paulo
2900900;Almadina;29;BA;Bahia;Nordeste;0;-14.7089;-39.6415;3317;73;America/Sao_Paulo
2901007;Amargosa;29;BA;Bahia;Nordeste;0;-13.0215;-39.602;3319;75;America/Sao_Paulo
2901106;Amélia Rodrigues;29;BA;Bahia;Nordeste;0;-12.3914;-38.7563;3321;75;America/Sao_Paulo
2901155;América Dourada;29;BA;Bahia;Nordeste;0;-11.4429;-41.439;3071;74;America/Sao_Paulo
2901205;Anagé;29;BA;Bahia;Nordeste;0;-14.6151;-41.1356;3323;77;America/Sao_Paulo
2901304;Andaraí;29;BA;Bahia;Nordeste;0;-12.8049;-41.3297;3325;75;America/Sao_Paulo
2901353;Andorinha;29;BA;Bahia;Nordeste;0;-10.3482;-39.8391;3255;74;America/Sao_Paulo
2901403;Angical;29;BA;Bahia;Nordeste;0;-12.0063;-44.7003;3327;77;America/Sao_Paulo
2901502;Anguera;29;BA;Bahia;Nordeste;0;-12.1462;-39.2462;3329;75;America/Sao_Paulo
2901601;Antas;29;BA;Bahia;Nordeste;0;-10.3856;-38.3401;3331;75;America/Sao_Paulo
2901700;Antônio Cardoso;29;BA;Bahia;Nordeste;0;-12.4335;-39.1176;3333;75;America/Sao_Paulo
2901809;Antônio Gonçalves;29;BA;Bahia;Nordeste;0;-10.5767;-40.2785;3335;74;America/Sao_Paulo
2901908;Aporá;29;BA;Bahia;Nordeste;0;-11.6577;-38.0814;3337;75;America/Sao_Paulo
2901957;Apuarema;29;BA;Bahia;Nordeste;0;-13.8542;-39.7501;3257;73;America/Sao_Paulo
2902005;Aracatu;29;BA;Bahia;Nordeste;0;-14.428;-41.4648;3339;77;America/Sao_Paulo
2902054;Araças;29;BA;Bahia;Nordeste;0;-12.22;-38.2027;3259;75;America/Sao_Paulo
2902104;Araci;29;BA;Bahia;Nordeste;0;-11.3253;-38.9584;3341;75;America/Sao_Paulo
2902203;Aramari;29;BA;Bahia;Nordeste;0;-12.0884;-38.4969;3343;75;America/Sao_Paulo
2902252;Arataca;29;BA;Bahia;Nordeste;0;-15.2651;-39.419;3073;73;America/Sao_Paulo
2902302;Aratuípe;29;BA;Bahia;Nordeste;0;-13.0716;-39.0038;3345;75;America/Sao_Paulo
2902401;Aurelino Leal;29;BA;Bahia;Nordeste;0;-14.321;-39.329;3347;73;America/Sao_Paulo
2902500;Baianópolis;29;BA;Bahia;Nordeste;0;-12.3016;-44.5388;3349;77;America/Sao_Paulo
2902609;Baixa Grande;29;BA;Bahia;Nordeste;0;-11.9519;-40.169;3351;74;America/Sao_Paulo
2902658;Banzaê;29;BA;Bahia;Nordeste;0;-10.5788;-38.6212;3261;75;America/Sao_Paulo
2902708;Barra;29;BA;Bahia;Nordeste;0;-11.0859;-43.1459;3353;74;America/Sao_Paulo
2902807;Barra da Estiva;29;BA;Bahia;Nordeste;0;-13.6237;-41.3347;3355;77;America/Sao_Paulo
2902906;Barra do Choça;29;BA;Bahia;Nordeste;0;-14.8654;-40.5791;3357;77;America/Sao_Paulo
2903003;Barra do Mendes;29;BA;Bahia;Nordeste;0;-11.81;-42.059;3359;74;America/Sao_Paulo
2903102;Barra do Rocha;29;BA;Bahia;Nordeste;0;-14.2;-39.5991;3361;73;America/Sao_Paulo
2903201;Barreiras;29;BA;Bahia;Nordeste;0;-12.1439;-44.9968;3363;77;America/Sao_Paulo
2903235;Barro Alto;29;BA;Bahia;Nordeste;0;-11.7605;-41.9054;3075;74;America/Sao_Paulo
2903276;Barrocas;29;BA;Bahia;Nordeste;0;-11.5272;-39.0776;1110;75;America/Sao_Paulo
2903300;Barro Preto;29;BA;Bahia;Nordeste;0;-14.7948;-39.476;3365;73;America/Sao_Paulo
2903409;Belmonte;29;BA;Bahia;Nordeste;0;-15.8608;-38.8758;3367;73;America/Sao_Paulo
2903508;Belo Campo;29;BA;Bahia;Nordeste;0;-15.0334;-41.2652;3369;77;America/Sao_Paulo
2903607;Biritinga;29;BA;Bahia;Nordeste;0;-11.6072;-38.8051;3371;75;America/Sao_Paulo
2903706;Boa Nova;29;BA;Bahia;Nordeste;0;-14.3598;-40.2064;3373;77;America/Sao_Paulo
2903805;Boa Vista do Tupim;29;BA;Bahia;Nordeste;0;-12.6498;-40.6064;3375;75;America/Sao_Paulo
2903904;Bom Jesus da Lapa;29;BA;Bahia;Nordeste;0;-13.2506;-43.4108;3377;77;America/Sao_Paulo
2903953;Bom Jesus da Serra;29;BA;Bahia;Nordeste;0;-14.3663;-40.5126;3263;77;America/Sao_Paulo
2904001;Boninal;29;BA;Bahia;Nordeste;0;-12.7069;-41.8286;3379;75;America/Sao_Paulo
2904050;Bonito;29;BA;Bahia;Nordeste;0;-11.9668;-41.2647;3265;75;America/Sao_Paulo
2904100;Boquira;29;BA;Bahia;Nordeste;0;-12.8205;-42.7324;3381;77;America/Sao_Paulo
2904209;Botuporã;29;BA;Bahia;Nordeste;0;-13.3772;-42.5163;3383;77;America/Sao_Paulo
2904308;Brejões;29;BA;Bahia;Nordeste;0;-13.1039;-39.7988;3385;75;America/Sao_Paulo
2904407;Brejolândia;29;BA;Bahia;Nordeste;0;-12.4815;-43.9679;3387;77;America/Sao_Paulo
2904506;Brotas de Macaúbas;29;BA;Bahia;Nordeste;0;-11.9915;-42.6326;3389;77;America/Sao_Paulo
2904605;Brumado;29;BA;Bahia;Nordeste;0;-14.2021;-41.6696;3391;77;America/Sao_Paulo
2904704;Buerarema;29;BA;Bahia;Nordeste;0;-14.9595;-39.3028;3393;73;America/Sao_Paulo
2904753;Buritirama;29;BA;Bahia;Nordeste;0;-10.7171;-43.6302;3079;77;America/Sao_Paulo
2904803;Caatiba;29;BA;Bahia;Nordeste;0;-14.9699;-40.4092;3395;77;America/Sao_Paulo
2904852;Cabaceiras do Paraguaçu;29;BA;Bahia;Nordeste;0;-12.5317;-39.1902;3267;75;America/Sao_Paulo
2904902;Cachoeira;29;BA;Bahia;Nordeste;0;-12.5994;-38.9587;3397;75;America/Sao_Paulo
2905008;Caculé;29;BA;Bahia;Nordeste;0;-14.5003;-42.2229;3399;77;America/Sao_Paulo
2905107;Caém;29;BA;Bahia;Nordeste;0;-11.0677;-40.432;3401;74;America/Sao_Paulo
2905156;Caetanos;29;BA;Bahia;Nordeste;0;-14.3347;-40.9175;3269;77;America/Sao_Paulo
2905206;Caetité;29;BA;Bahia;Nordeste;0;-14.0684;-42.4861;3403;77;America/Sao_Paulo
2905305;Cafarnaum;29;BA;Bahia;Nordeste;0;-11.6914;-41.4688;3405;74;America/Sao_Paulo
2905404;Cairu;29;BA;Bahia;Nordeste;0;-13.4904;-39.0465;3407;75;America/Sao_Paulo
2905503;Caldeirão Grande;29;BA;Bahia;Nordeste;0;-11.0208;-40.2956;3409;74;America/Sao_Paulo
2905602;Camacan;29;BA;Bahia;Nordeste;0;-15.4142;-39.4919;3411;73;America/Sao_Paulo
2905701;Camaçari;29;BA;Bahia;Nordeste;0;-12.6996;-38.3263;3413;71;America/Sao_Paulo
2905800;Camamu;29;BA;Bahia;Nordeste;0;-13.9398;-39.1071;3415;73;America/Sao_Paulo
2905909;Campo Alegre de Lourdes;29;BA;Bahia;Nordeste;0;-9.52221;-43.0126;3417;74;America/Sao_Paulo
2906006;Campo Formoso;29;BA;Bahia;Nordeste;0;-10.5105;-40.32;3419;74;America/Sao_Paulo
2906105;Canápolis;29;BA;Bahia;Nordeste;0;-13.0725;-44.201;3421;77;America/Sao_Paulo
2906204;Canarana;29;BA;Bahia;Nordeste;0;-11.6858;-41.7677;3423;74;America/Sao_Paulo
2906303;Canavieiras;29;BA;Bahia;Nordeste;0;-15.6722;-38.9536;3425;73;America/Sao_Paulo
2906402;Candeal;29;BA;Bahia;Nordeste;0;-11.8049;-39.1203;3427;75;America/Sao_Paulo
2906501;Candeias;29;BA;Bahia;Nordeste;0;-12.6716;-38.5472;3429;71;America/Sao_Paulo
2906600;Candiba;29;BA;Bahia;Nordeste;0;-14.4097;-42.8667;3431;77;America/Sao_Paulo
2906709;Cândido Sales;29;BA;Bahia;Nordeste;0;-15.4993;-41.2414;3433;77;America/Sao_Paulo
2906808;Cansanção;29;BA;Bahia;Nordeste;0;-10.6647;-39.4944;3435;75;America/Sao_Paulo
2906824;Canudos;29;BA;Bahia;Nordeste;0;-9.90014;-39.1471;3085;75;America/Sao_Paulo
2906857;Capela do Alto Alegre;29;BA;Bahia;Nordeste;0;-11.6658;-39.8349;3081;75;America/Sao_Paulo
2906873;Capim Grosso;29;BA;Bahia;Nordeste;0;-11.3797;-40.0089;3083;74;America/Sao_Paulo
2906899;Caraíbas;29;BA;Bahia;Nordeste;0;-14.7177;-41.2603;3271;77;America/Sao_Paulo
2906907;Caravelas;29;BA;Bahia;Nordeste;0;-17.7268;-39.2597;3437;73;America/Sao_Paulo
2907004;Cardeal da Silva;29;BA;Bahia;Nordeste;0;-11.9472;-37.9469;3439;75;America/Sao_Paulo
2907103;Carinhanha;29;BA;Bahia;Nordeste;0;-14.2985;-43.7724;3441;77;America/Sao_Paulo
2907202;Casa Nova;29;BA;Bahia;Nordeste;0;-9.16408;-40.974;3443;74;America/Sao_Paulo
2907301;Castro Alves;29;BA;Bahia;Nordeste;0;-12.7579;-39.4248;3445;75;America/Sao_Paulo
2907400;Catolândia;29;BA;Bahia;Nordeste;0;-12.31;-44.8648;3447;77;America/Sao_Paulo
2907509;Catu;29;BA;Bahia;Nordeste;0;-12.3513;-38.3791;3449;71;America/Sao_Paulo
2907558;Caturama;29;BA;Bahia;Nordeste;0;-13.3239;-42.2904;3273;77;America/Sao_Paulo
2907608;Central;29;BA;Bahia;Nordeste;0;-11.1376;-42.1116;3451;74;America/Sao_Paulo
2907707;Chorrochó;29;BA;Bahia;Nordeste;0;-8.9695;-39.0979;3453;75;America/Sao_Paulo
2907806;Cícero Dantas;29;BA;Bahia;Nordeste;0;-10.5897;-38.3794;3455;75;America/Sao_Paulo
2907905;Cipó;29;BA;Bahia;Nordeste;0;-11.1032;-38.5179;3457;75;America/Sao_Paulo
2908002;Coaraci;29;BA;Bahia;Nordeste;0;-14.637;-39.5556;3459;73;America/Sao_Paulo
2908101;Cocos;29;BA;Bahia;Nordeste;0;-14.1814;-44.5352;3461;77;America/Sao_Paulo
2908200;Conceição da Feira;29;BA;Bahia;Nordeste;0;-12.5078;-38.9978;3463;75;America/Sao_Paulo
2908309;Conceição do Almeida;29;BA;Bahia;Nordeste;0;-12.7836;-39.1715;3465;75;America/Sao_Paulo
2908408;Conceição do Coité;29;BA;Bahia;Nordeste;0;-11.56;-39.2808;3467;75;America/Sao_Paulo
2908507;Conceição do Jacuípe;29;BA;Bahia;Nordeste;0;-12.3268;-38.7684;3469;75;America/Sao_Paulo
2908606;Conde;29;BA;Bahia;Nordeste;0;-11.8179;-37.6131;3471;75;America/Sao_Paulo
2908705;Condeúba;29;BA;Bahia;Nordeste;0;-14.9022;-41.9718;3473;77;America/Sao_Paulo
2908804;Contendas do Sincorá;29;BA;Bahia;Nordeste;0;-13.7537;-41.048;3475;77;America/Sao_Paulo
2908903;Coração de Maria;29;BA;Bahia;Nordeste;0;-12.2333;-38.7487;3477;75;America/Sao_Paulo
2909000;Cordeiros;29;BA;Bahia;Nordeste;0;-15.0356;-41.9308;3479;77;America/Sao_Paulo
2909109;Coribe;29;BA;Bahia;Nordeste;0;-13.8232;-44.4586;3481;77;America/Sao_Paulo
2909208;Coronel João Sá;29;BA;Bahia;Nordeste;0;-10.2847;-37.9198;3483;75;America/Sao_Paulo
2909307;Correntina;29;BA;Bahia;Nordeste;0;-13.3477;-44.6333;3485;77;America/Sao_Paulo
2909406;Cotegipe;29;BA;Bahia;Nordeste;0;-12.0228;-44.2566;3487;77;America/Sao_Paulo
2909505;Cravolândia;29;BA;Bahia;Nordeste;0;-13.3531;-39.8031;3489;73;America/Sao_Paulo
2909604;Crisópolis;29;BA;Bahia;Nordeste;0;-11.5059;-38.1515;3491;75;America/Sao_Paulo
2909703;Cristópolis;29;BA;Bahia;Nordeste;0;-12.2249;-44.4214;3493;77;America/Sao_Paulo
2909802;Cruz das Almas;29;BA;Bahia;Nordeste;0;-12.6675;-39.1008;3495;75;America/Sao_Paulo
2909901;Curaçá;29;BA;Bahia;Nordeste;0;-8.98458;-39.8997;3497;74;America/Sao_Paulo
2910008;Dário Meira;29;BA;Bahia;Nordeste;0;-14.4229;-39.9031;3499;73;America/Sao_Paulo
2910057;Dias d'Ávila;29;BA;Bahia;Nordeste;0;-12.6187;-38.2926;3087;71;America/Sao_Paulo
2910107;Dom Basílio;29;BA;Bahia;Nordeste;0;-13.7565;-41.7677;3501;77;America/Sao_Paulo
2910206;Dom Macedo Costa;29;BA;Bahia;Nordeste;0;-12.9016;-39.1923;3503;75;America/Sao_Paulo
2910305;Elísio Medrado;29;BA;Bahia;Nordeste;0;-12.9417;-39.5191;3505;75;America/Sao_Paulo
2910404;Encruzilhada;29;BA;Bahia;Nordeste;0;-15.5302;-40.9124;3507;77;America/Sao_Paulo
2910503;Entre Rios;29;BA;Bahia;Nordeste;0;-11.9392;-38.0871;3509;75;America/Sao_Paulo
2910602;Esplanada;29;BA;Bahia;Nordeste;0;-11.7942;-37.9432;3511;75;America/Sao_Paulo
2910701;Euclides da Cunha;29;BA;Bahia;Nordeste;0;-10.5078;-39.0153;3513;75;America/Sao_Paulo
2910727;Eunápolis;29;BA;Bahia;Nordeste;0;-16.3715;-39.5821;3117;73;America/Sao_Paulo
2910750;Fátima;29;BA;Bahia;Nordeste;0;-10.616;-38.2239;3089;75;America/Sao_Paulo
2910776;Feira da Mata;29;BA;Bahia;Nordeste;0;-14.2044;-44.2744;3275;77;America/Sao_Paulo
2910800;Feira de Santana;29;BA;Bahia;Nordeste;0;-12.2664;-38.9663;3515;75;America/Sao_Paulo
2910859;Filadélfia;29;BA;Bahia;Nordeste;0;-10.7405;-40.1437;3091;74;America/Sao_Paulo
2910909;Firmino Alves;29;BA;Bahia;Nordeste;0;-14.9823;-39.9269;3517;73;America/Sao_Paulo
2911006;Floresta Azul;29;BA;Bahia;Nordeste;0;-14.8629;-39.6579;3519;73;America/Sao_Paulo
2911105;Formosa do Rio Preto;29;BA;Bahia;Nordeste;0;-11.0328;-45.193;3521;77;America/Sao_Paulo
2911204;Gandu;29;BA;Bahia;Nordeste;0;-13.7441;-39.4747;3523;73;America/Sao_Paulo
2911253;Gavião;29;BA;Bahia;Nordeste;0;-11.4688;-39.7757;3093;75;America/Sao_Paulo
2911303;Gentio do Ouro;29;BA;Bahia;Nordeste;0;-11.4342;-42.5077;3525;74;America/Sao_Paulo
2911402;Glória;29;BA;Bahia;Nordeste;0;-9.34382;-38.2544;3527;75;America/Sao_Paulo
2911501;Gongogi;29;BA;Bahia;Nordeste;0;-14.3195;-39.469;3529;73;America/Sao_Paulo
2911600;Governador Mangabeira;29;BA;Bahia;Nordeste;0;-12.5994;-39.0412;3531;75;America/Sao_Paulo
2911659;Guajeru;29;BA;Bahia;Nordeste;0;-14.5467;-41.9381;3095;77;America/Sao_Paulo
2911709;Guanambi;29;BA;Bahia;Nordeste;0;-14.2231;-42.7799;3533;77;America/Sao_Paulo
2911808;Guaratinga;29;BA;Bahia;Nordeste;0;-16.5833;-39.7847;3535;73;America/Sao_Paulo
2911857;Heliópolis;29;BA;Bahia;Nordeste;0;-10.6825;-38.2907;3097;75;America/Sao_Paulo
2911907;Iaçu;29;BA;Bahia;Nordeste;0;-12.7666;-40.2056;3537;75;America/Sao_Paulo
2912004;Ibiassucê;29;BA;Bahia;Nordeste;0;-14.2711;-42.257;3539;77;America/Sao_Paulo
2912103;Ibicaraí;29;BA;Bahia;Nordeste;0;-14.8579;-39.5914;3541;73;America/Sao_Paulo
2912202;Ibicoara;29;BA;Bahia;Nordeste;0;-13.4059;-41.284;3543;77;America/Sao_Paulo
2912301;Ibicuí;29;BA;Bahia;Nordeste;0;-14.845;-39.9879;3545;73;America/Sao_Paulo
2912400;Ibipeba;29;BA;Bahia;Nordeste;0;-11.6438;-42.0195;3547;74;America/Sao_Paulo
2912509;Ibipitanga;29;BA;Bahia;Nordeste;0;-12.8804;-42.4856;3551;77;America/Sao_Paulo
2912608;Ibiquera;29;BA;Bahia;Nordeste;0;-12.6444;-40.9338;3553;75;America/Sao_Paulo
2912707;Ibirapitanga;29;BA;Bahia;Nordeste;0;-14.1649;-39.3787;3555;73;America/Sao_Paulo
2912806;Ibirapuã;29;BA;Bahia;Nordeste;0;-17.6832;-40.1129;3557;73;America/Sao_Paulo
2912905;Ibirataia;29;BA;Bahia;Nordeste;0;-14.0643;-39.6459;3559;73;America/Sao_Paulo
2913002;Ibitiara;29;BA;Bahia;Nordeste;0;-12.6502;-42.2179;3561;77;America/Sao_Paulo
2913101;Ibititá;29;BA;Bahia;Nordeste;0;-11.5414;-41.9748;3563;74;America/Sao_Paulo
2913200;Ibotirama;29;BA;Bahia;Nordeste;0;-12.1779;-43.2167;3565;77;America/Sao_Paulo
2913309;Ichu;29;BA;Bahia;Nordeste;0;-11.7431;-39.1905;3567;75;America/Sao_Paulo
2913408;Igaporã;29;BA;Bahia;Nordeste;0;-13.774;-42.7155;3569;77;America/Sao_Paulo
2913457;Igrapiúna;29;BA;Bahia;Nordeste;0;-13.8295;-39.1361;3277;73;America/Sao_Paulo
2913507;Iguaí;29;BA;Bahia;Nordeste;0;-14.7528;-40.0894;3571;73;America/Sao_Paulo
2913606;Ilhéus;29;BA;Bahia;Nordeste;0;-14.793;-39.046;3573;73;America/Sao_Paulo
2913705;Inhambupe;29;BA;Bahia;Nordeste;0;-11.781;-38.355;3575;75;America/Sao_Paulo
2913804;Ipecaetá;29;BA;Bahia;Nordeste;0;-12.3028;-39.3069;3577;75;America/Sao_Paulo
2913903;Ipiaú;29;BA;Bahia;Nordeste;0;-14.1226;-39.7353;3579;73;America/Sao_Paulo
2914000;Ipirá;29;BA;Bahia;Nordeste;0;-12.1561;-39.7359;3581;75;America/Sao_Paulo
2914109;Ipupiara;29;BA;Bahia;Nordeste;0;-11.8219;-42.6179;3583;77;America/Sao_Paulo
2914208;Irajuba;29;BA;Bahia;Nordeste;0;-13.2563;-40.0848;3585;73;America/Sao_Paulo
2914307;Iramaia;29;BA;Bahia;Nordeste;0;-13.2902;-40.9595;3587;77;America/Sao_Paulo
2914406;Iraquara;29;BA;Bahia;Nordeste;0;-12.2429;-41.6155;3589;75;America/Sao_Paulo
2914505;Irará;29;BA;Bahia;Nordeste;0;-12.0504;-38.7631;3591;75;America/Sao_Paulo
2914604;Irecê;29;BA;Bahia;Nordeste;0;-11.3033;-41.8535;3593;74;America/Sao_Paulo
2914653;Itabela;29;BA;Bahia;Nordeste;0;-16.5732;-39.5593;3279;73;America/Sao_Paulo
2914703;Itaberaba;29;BA;Bahia;Nordeste;0;-12.5242;-40.3059;3595;75;America/Sao_Paulo
2914802;Itabuna;29;BA;Bahia;Nordeste;0;-14.7876;-39.2781;3597;73;America/Sao_Paulo
2914901;Itacaré;29;BA;Bahia;Nordeste;0;-14.2784;-38.9959;3599;73;America/Sao_Paulo
2915007;Itaeté;29;BA;Bahia;Nordeste;0;-12.9831;-40.9677;3601;75;America/Sao_Paulo
2915106;Itagi;29;BA;Bahia;Nordeste;0;-14.1615;-40.0131;3603;73;America/Sao_Paulo
2915205;Itagibá;29;BA;Bahia;Nordeste;0;-14.2782;-39.8449;3605;73;America/Sao_Paulo
2915304;Itagimirim;29;BA;Bahia;Nordeste;0;-16.0819;-39.6133;3607;73;America/Sao_Paulo
2915353;Itaguaçu da Bahia;29;BA;Bahia;Nordeste;0;-11.0147;-42.3997;3281;74;America/Sao_Paulo
2915403;Itaju do Colônia;29;BA;Bahia;Nordeste;0;-15.1366;-39.7283;3609;73;America/Sao_Paulo
2915502;Itajuípe;29;BA;Bahia;Nordeste;0;-14.6788;-39.3698;3611;73;America/Sao_Paulo
2915601;Itamaraju;29;BA;Bahia;Nordeste;0;-17.0378;-39.5386;3613;73;America/Sao_Paulo
2915700;Itamari;29;BA;Bahia;Nordeste;0;-13.7782;-39.683;3615;73;America/Sao_Paulo
2915809;Itambé;29;BA;Bahia;Nordeste;0;-15.2429;-40.63;3617;77;America/Sao_Paulo
2915908;Itanagra;29;BA;Bahia;Nordeste;0;-12.2614;-38.0436;3619;75;America/Sao_Paulo
2916005;Itanhém;29;BA;Bahia;Nordeste;0;-17.1642;-40.3321;3621;73;America/Sao_Paulo
2916104;Itaparica;29;BA;Bahia;Nordeste;0;-12.8932;-38.68;3623;71;America/Sao_Paulo
2916203;Itapé;29;BA;Bahia;Nordeste;0;-14.8876;-39.4239;3625;73;America/Sao_Paulo
2916302;Itapebi;29;BA;Bahia;Nordeste;0;-15.9551;-39.5329;3627;73;America/Sao_Paulo
2916401;Itapetinga;29;BA;Bahia;Nordeste;0;-15.2475;-40.2482;3629;77;America/Sao_Paulo
2916500;Itapicuru;29;BA;Bahia;Nordeste;0;-11.3088;-38.2262;3631;75;America/Sao_Paulo
2916609;Itapitanga;29;BA;Bahia;Nordeste;0;-14.4139;-39.5657;3633;73;America/Sao_Paulo
2916708;Itaquara;29;BA;Bahia;Nordeste;0;-13.4459;-39.9378;3635;73;America/Sao_Paulo
2916807;Itarantim;29;BA;Bahia;Nordeste;0;-15.6528;-40.065;3637;73;America/Sao_Paulo
2916856;Itatim;29;BA;Bahia;Nordeste;0;-12.7099;-39.6952;3283;75;America/Sao_Paulo
2916906;Itiruçu;29;BA;Bahia;Nordeste;0;-13.529;-40.1472;3639;73;America/Sao_Paulo
2917003;Itiúba;29;BA;Bahia;Nordeste;0;-10.6948;-39.8446;3641;74;America/Sao_Paulo
2917102;Itororó;29;BA;Bahia;Nordeste;0;-15.11;-40.0684;3643;73;America/Sao_Paulo
2917201;Ituaçu;29;BA;Bahia;Nordeste;0;-13.8107;-41.3003;3645;77;America/Sao_Paulo
2917300;Ituberá;29;BA;Bahia;Nordeste;0;-13.7249;-39.1481;3647;73;America/Sao_Paulo
2917334;Iuiú;29;BA;Bahia;Nordeste;0;-14.4054;-43.5595;3285;77;America/Sao_Paulo
2917359;Jaborandi;29;BA;Bahia;Nordeste;0;-13.6071;-44.4255;9859;77;America/Sao_Paulo
2917409;Jacaraci;29;BA;Bahia;Nordeste;0;-14.8541;-42.4329;3649;77;America/Sao_Paulo
2917508;Jacobina;29;BA;Bahia;Nordeste;0;-11.1812;-40.5117;3651;74;America/Sao_Paulo
2917607;Jaguaquara;29;BA;Bahia;Nordeste;0;-13.5248;-39.964;3653;73;America/Sao_Paulo
2917706;Jaguarari;29;BA;Bahia;Nordeste;0;-10.2569;-40.1999;3655;74;America/Sao_Paulo
2917805;Jaguaripe;29;BA;Bahia;Nordeste;0;-13.1109;-38.8939;3657;75;America/Sao_Paulo
2917904;Jandaíra;29;BA;Bahia;Nordeste;0;-11.5616;-37.7853;3659;75;America/Sao_Paulo
2918001;Jequié;29;BA;Bahia;Nordeste;0;-13.8509;-40.0877;3661;73;America/Sao_Paulo
2918100;Jeremoabo;29;BA;Bahia;Nordeste;0;-10.0685;-38.3471;3663;75;America/Sao_Paulo
2918209;Jiquiriçá;29;BA;Bahia;Nordeste;0;-13.2621;-39.5737;3665;75;America/Sao_Paulo
2918308;Jitaúna;29;BA;Bahia;Nordeste;0;-14.0131;-39.8969;3667;73;America/Sao_Paulo
2918357;João Dourado;29;BA;Bahia;Nordeste;0;-11.3486;-41.6548;3099;74;America/Sao_Paulo
2918407;Juazeiro;29;BA;Bahia;Nordeste;0;-9.41622;-40.5033;3669;74;America/Sao_Paulo
2918456;Jucuruçu;29;BA;Bahia;Nordeste;0;-16.8488;-40.1641;3287;73;America/Sao_Paulo
2918506;Jussara;29;BA;Bahia;Nordeste;0;-11.0431;-41.9702;3671;74;America/Sao_Paulo
2918555;Jussari;29;BA;Bahia;Nordeste;0;-15.192;-39.491;3069;73;America/Sao_Paulo
2918605;Jussiape;29;BA;Bahia;Nordeste;0;-13.5155;-41.5882;3673;77;America/Sao_Paulo
2918704;Lafaiete Coutinho;29;BA;Bahia;Nordeste;0;-13.6541;-40.2119;3675;73;America/Sao_Paulo
2918753;Lagoa Real;29;BA;Bahia;Nordeste;0;-14.0334;-42.1328;3289;77;America/Sao_Paulo
2918803;Laje;29;BA;Bahia;Nordeste;0;-13.1673;-39.4213;3677;75;America/Sao_Paulo
2918902;Lajedão;29;BA;Bahia;Nordeste;0;-17.6056;-40.3383;3679;73;America/Sao_Paulo
2919009;Lajedinho;29;BA;Bahia;Nordeste;0;-12.3529;-40.9048;3681;75;America/Sao_Paulo
2919058;Lajedo do Tabocal;29;BA;Bahia;Nordeste;0;-13.4663;-40.2204;3291;73;America/Sao_Paulo
2919108;Lamarão;29;BA;Bahia;Nordeste;0;-11.773;-38.887;3683;75;America/Sao_Paulo
2919157;Lapão;29;BA;Bahia;Nordeste;0;-11.3851;-41.8286;3973;74;America/Sao_Paulo
2919207;Lauro de Freitas;29;BA;Bahia;Nordeste;0;-12.8978;-38.321;3685;71;America/Sao_Paulo
2919306;Lençóis;29;BA;Bahia;Nordeste;0;-12.5616;-41.3928;3687;75;America/Sao_Paulo
2919405;Licínio de Almeida;29;BA;Bahia;Nordeste;0;-14.6842;-42.5095;3689;77;America/Sao_Paulo
2919504;Livramento de Nossa Senhora;29;BA;Bahia;Nordeste;0;-13.6369;-41.8432;3691;77;America/Sao_Paulo
2919553;Luís Eduardo Magalhães;29;BA;Bahia;Nordeste;0;-12.0956;-45.7866;1112;77;America/Sao_Paulo
2919603;Macajuba;29;BA;Bahia;Nordeste;0;-12.1326;-40.3571;3693;74;America/Sao_Paulo
2919702;Macarani;29;BA;Bahia;Nordeste;0;-15.5646;-40.4209;3695;77;America/Sao_Paulo
2919801;Macaúbas;29;BA;Bahia;Nordeste;0;-13.0186;-42.6945;3697;77;America/Sao_Paulo
2919900;Macururé;29;BA;Bahia;Nordeste;0;-9.16226;-39.0518;3699;75;America/Sao_Paulo
2919926;Madre de Deus;29;BA;Bahia;Nordeste;0;-12.7446;-38.6153;3293;71;America/Sao_Paulo
2919959;Maetinga;29;BA;Bahia;Nordeste;0;-14.6623;-41.4915;3975;77;America/Sao_Paulo
2920007;Maiquinique;29;BA;Bahia;Nordeste;0;-15.624;-40.2587;3701;77;America/Sao_Paulo
2920106;Mairi;29;BA;Bahia;Nordeste;0;-11.7107;-40.1437;3703;74;America/Sao_Paulo
2920205;Malhada;29;BA;Bahia;Nordeste;0;-14.3371;-43.7686;3705;77;America/Sao_Paulo
2920304;Malhada de Pedras;29;BA;Bahia;Nordeste;0;-14.3847;-41.8842;3707;77;America/Sao_Paulo
2920403;Manoel Vitorino;29;BA;Bahia;Nordeste;0;-14.1476;-40.2399;3709;73;America/Sao_Paulo
2920452;Mansidão;29;BA;Bahia;Nordeste;0;-10.7227;-44.0428;3977;77;America/Sao_Paulo
2920502;Maracás;29;BA;Bahia;Nordeste;0;-13.4355;-40.4323;3711;73;America/Sao_Paulo
2920601;Maragogipe;29;BA;Bahia;Nordeste;0;-12.776;-38.9175;3713;75;America/Sao_Paulo
2920700;Maraú;29;BA;Bahia;Nordeste;0;-14.1035;-39.0137;3715;73;America/Sao_Paulo
2920809;Marcionílio Souza;29;BA;Bahia;Nordeste;0;-13.0064;-40.5295;3717;75;America/Sao_Paulo
2920908;Mascote;29;BA;Bahia;Nordeste;0;-15.5542;-39.3016;3719;73;America/Sao_Paulo
2921005;Mata de São João;29;BA;Bahia;Nordeste;0;-12.5307;-38.3009;3721;71;America/Sao_Paulo
2921054;Matina;29;BA;Bahia;Nordeste;0;-13.9109;-42.8439;3295;77;America/Sao_Paulo
2921104;Medeiros Neto;29;BA;Bahia;Nordeste;0;-17.3707;-40.2238;3723;73;America/Sao_Paulo
2921203;Miguel Calmon;29;BA;Bahia;Nordeste;0;-11.4299;-40.6031;3725;74;America/Sao_Paulo
2921302;Milagres;29;BA;Bahia;Nordeste;0;-12.8646;-39.8611;3727;75;America/Sao_Paulo
2921401;Mirangaba;29;BA;Bahia;Nordeste;0;-10.961;-40.574;3729;74;America/Sao_Paulo
2921450;Mirante;29;BA;Bahia;Nordeste;0;-14.2385;-40.7718;3297;77;America/Sao_Paulo
2921500;Monte Santo;29;BA;Bahia;Nordeste;0;-10.4374;-39.3321;3731;75;America/Sao_Paulo
2921609;Morpará;29;BA;Bahia;Nordeste;0;-11.5569;-43.2766;3733;77;America/Sao_Paulo
2921708;Morro do Chapéu;29;BA;Bahia;Nordeste;0;-11.5488;-41.1565;3735;74;America/Sao_Paulo
2921807;Mortugaba;29;BA;Bahia;Nordeste;0;-15.0225;-42.3727;3737;77;America/Sao_Paulo
2921906;Mucugê;29;BA;Bahia;Nordeste;0;-13.0053;-41.3703;3739;75;America/Sao_Paulo
2922003;Mucuri;29;BA;Bahia;Nordeste;0;-18.0754;-39.5565;3741;73;America/Sao_Paulo
2922052;Mulungu do Morro;29;BA;Bahia;Nordeste;0;-11.9648;-41.6374;3299;74;America/Sao_Paulo
2922102;Mundo Novo;29;BA;Bahia;Nordeste;0;-11.8541;-40.4714;3743;74;America/Sao_Paulo
2922201;Muniz Ferreira;29;BA;Bahia;Nordeste;0;-13.0092;-39.1092;3745;75;America/Sao_Paulo
2922250;Muquém de São Francisco;29;BA;Bahia;Nordeste;0;-12.065;-43.5497;3005;77;America/Sao_Paulo
2922300;Muritiba;29;BA;Bahia;Nordeste;0;-12.6329;-38.9921;3747;75;America/Sao_Paulo
2922409;Mutuípe;29;BA;Bahia;Nordeste;0;-13.2284;-39.5044;3749;75;America/Sao_Paulo
2922508;Nazaré;29;BA;Bahia;Nordeste;0;-13.0235;-39.0108;3751;75;America/Sao_Paulo
2922607;Nilo Peçanha;29;BA;Bahia;Nordeste;0;-13.604;-39.1091;3753;73;America/Sao_Paulo
2922656;Nordestina;29;BA;Bahia;Nordeste;0;-10.8192;-39.4297;3979;75;America/Sao_Paulo
2922706;Nova Canaã;29;BA;Bahia;Nordeste;0;-14.7912;-40.1458;3755;73;America/Sao_Paulo
2922730;Nova Fátima;29;BA;Bahia;Nordeste;0;-11.6031;-39.6302;3007;75;America/Sao_Paulo
2922755;Nova Ibiá;29;BA;Bahia;Nordeste;0;-13.812;-39.6182;3009;73;America/Sao_Paulo
2922805;Nova Itarana;29;BA;Bahia;Nordeste;0;-13.0241;-40.0653;3757;73;America/Sao_Paulo
2922854;Nova Redenção;29;BA;Bahia;Nordeste;0;-12.815;-41.0748;3011;75;America/Sao_Paulo
2922904;Nova Soure;29;BA;Bahia;Nordeste;0;-11.2329;-38.4871;3759;75;America/Sao_Paulo
2923001;Nova Viçosa;29;BA;Bahia;Nordeste;0;-17.8926;-39.3743;3761;73;America/Sao_Paulo
2923035;Novo Horizonte;29;BA;Bahia;Nordeste;0;-12.8083;-42.1682;3013;77;America/Sao_Paulo
2923050;Novo Triunfo;29;BA;Bahia;Nordeste;0;-10.3182;-38.4014;3015;75;America/Sao_Paulo
2923100;Olindina;29;BA;Bahia;Nordeste;0;-11.3497;-38.3379;3763;75;America/Sao_Paulo
2923209;Oliveira dos Brejinhos;29;BA;Bahia;Nordeste;0;-12.3132;-42.8969;3765;77;America/Sao_Paulo
2923308;Ouriçangas;29;BA;Bahia;Nordeste;0;-12.0175;-38.6166;3767;75;America/Sao_Paulo
2923357;Ourolândia;29;BA;Bahia;Nordeste;0;-10.9578;-41.0756;3017;74;America/Sao_Paulo
2923407;Palmas de Monte Alto;29;BA;Bahia;Nordeste;0;-14.2676;-43.1609;3769;77;America/Sao_Paulo
2923506;Palmeiras;29;BA;Bahia;Nordeste;0;-12.5059;-41.5809;3771;75;America/Sao_Paulo
2923605;Paramirim;29;BA;Bahia;Nordeste;0;-13.4388;-42.2395;3773;77;America/Sao_Paulo
2923704;Paratinga;29;BA;Bahia;Nordeste;0;-12.687;-43.1798;3775;77;America/Sao_Paulo
2923803;Paripiranga;29;BA;Bahia;Nordeste;0;-10.6859;-37.8626;3777;75;America/Sao_Paulo
2923902;Pau Brasil;29;BA;Bahia;Nordeste;0;-15.4572;-39.6458;3779;73;America/Sao_Paulo
2924009;Paulo Afonso;29;BA;Bahia;Nordeste;0;-9.3983;-38.2216;3781;75;America/Sao_Paulo
2924058;Pé de Serra;29;BA;Bahia;Nordeste;0;-11.8313;-39.611;3981;75;America/Sao_Paulo
2924108;Pedrão;29;BA;Bahia;Nordeste;0;-12.1491;-38.6487;3783;75;America/Sao_Paulo
2924207;Pedro Alexandre;29;BA;Bahia;Nordeste;0;-10.012;-37.8932;3785;75;America/Sao_Paulo
2924306;Piatã;29;BA;Bahia;Nordeste;0;-13.1465;-41.7702;3787;77;America/Sao_Paulo
2924405;Pilão Arcado;29;BA;Bahia;Nordeste;0;-10.0051;-42.4936;3789;74;America/Sao_Paulo
2924504;Pindaí;29;BA;Bahia;Nordeste;0;-14.4921;-42.686;3791;77;America/Sao_Paulo
2924603;Pindobaçu;29;BA;Bahia;Nordeste;0;-10.7433;-40.3675;3793;74;America/Sao_Paulo
2924652;Pintadas;29;BA;Bahia;Nordeste;0;-11.8117;-39.9009;3983;75;America/Sao_Paulo
2924678;Piraí do Norte;29;BA;Bahia;Nordeste;0;-13.759;-39.3836;3019;73;America/Sao_Paulo
2924702;Piripá;29;BA;Bahia;Nordeste;0;-14.9444;-41.7168;3795;77;America/Sao_Paulo
2924801;Piritiba;29;BA;Bahia;Nordeste;0;-11.73;-40.5587;3797;74;America/Sao_Paulo
2924900;Planaltino;29;BA;Bahia;Nordeste;0;-13.2618;-40.3695;3799;73;America/Sao_Paulo
2925006;Planalto;29;BA;Bahia;Nordeste;0;-14.6654;-40.4718;3801;77;America/Sao_Paulo
2925105;Poções;29;BA;Bahia;Nordeste;0;-14.5234;-40.3634;3803;77;America/Sao_Paulo
2925204;Pojuca;29;BA;Bahia;Nordeste;0;-12.4303;-38.3374;3805;71;America/Sao_Paulo
2925253;Ponto Novo;29;BA;Bahia;Nordeste;0;-10.8653;-40.1311;3021;74;America/Sao_Paulo
2925303;Porto Seguro;29;BA;Bahia;Nordeste;0;-16.4435;-39.0643;3807;73;America/Sao_Paulo
2925402;Potiraguá;29;BA;Bahia;Nordeste;0;-15.5943;-39.8638;3809;73;America/Sao_Paulo
2925501;Prado;29;BA;Bahia;Nordeste;0;-17.3364;-39.2227;3811;73;America/Sao_Paulo
2925600;Presidente Dutra;29;BA;Bahia;Nordeste;0;-11.2923;-41.9843;3813;74;America/Sao_Paulo
2925709;Presidente Jânio Quadros;29;BA;Bahia;Nordeste;0;-14.6885;-41.6798;3815;77;America/Sao_Paulo
2925758;Presidente Tancredo Neves;29;BA;Bahia;Nordeste;0;-13.4471;-39.4203;3023;73;America/Sao_Paulo
2925808;Queimadas;29;BA;Bahia;Nordeste;0;-10.9736;-39.6293;3817;75;America/Sao_Paulo
2925907;Quijingue;29;BA;Bahia;Nordeste;0;-10.7505;-39.2137;3819;75;America/Sao_Paulo
2925931;Quixabeira;29;BA;Bahia;Nordeste;0;-11.4031;-40.12;3025;74;America/Sao_Paulo
2925956;Rafael Jambeiro;29;BA;Bahia;Nordeste;0;-12.4053;-39.5007;3985;75;America/Sao_Paulo
2926004;Remanso;29;BA;Bahia;Nordeste;0;-9.61944;-42.0848;3821;74;America/Sao_Paulo
2926103;Retirolândia;29;BA;Bahia;Nordeste;0;-11.4832;-39.4234;3823;75;America/Sao_Paulo
2926202;Riachão das Neves;29;BA;Bahia;Nordeste;0;-11.7508;-44.9143;3825;77;America/Sao_Paulo
2926301;Riachão do Jacuípe;29;BA;Bahia;Nordeste;0;-11.8067;-39.3818;3827;75;America/Sao_Paulo
2926400;Riacho de Santana;29;BA;Bahia;Nordeste;0;-13.6059;-42.9397;3829;77;America/Sao_Paulo
2926509;Ribeira do Amparo;29;BA;Bahia;Nordeste;0;-11.0421;-38.4242;3831;75;America/Sao_Paulo
2926608;Ribeira do Pombal;29;BA;Bahia;Nordeste;0;-10.8373;-38.5382;3833;75;America/Sao_Paulo
2926657;Ribeirão do Largo;29;BA;Bahia;Nordeste;0;-15.4508;-40.7441;3027;77;America/Sao_Paulo
2926707;Rio de Contas;29;BA;Bahia;Nordeste;0;-13.5852;-41.8048;3835;77;America/Sao_Paulo
2926806;Rio do Antônio;29;BA;Bahia;Nordeste;0;-14.4071;-42.0721;3837;77;America/Sao_Paulo
2926905;Rio do Pires;29;BA;Bahia;Nordeste;0;-13.1185;-42.2902;3839;77;America/Sao_Paulo
2927002;Rio Real;29;BA;Bahia;Nordeste;0;-11.4814;-37.9332;3841;75;America/Sao_Paulo
2927101;Rodelas;29;BA;Bahia;Nordeste;0;-8.85021;-38.78;3843;75;America/Sao_Paulo
2927200;Ruy Barbosa;29;BA;Bahia;Nordeste;0;-12.2816;-40.4931;3845;75;America/Sao_Paulo
2927309;Salinas da Margarida;29;BA;Bahia;Nordeste;0;-12.873;-38.7562;3847;75;America/Sao_Paulo
2927408;Salvador;29;BA;Bahia;Nordeste;1;-12.9718;-38.5011;3849;71;America/Sao_Paulo
2927507;Santa Bárbara;29;BA;Bahia;Nordeste;0;-11.9515;-38.9681;3851;75;America/Sao_Paulo
2927606;Santa Brígida;29;BA;Bahia;Nordeste;0;-9.73227;-38.1209;3853;75;America/Sao_Paulo
2927705;Santa Cruz Cabrália;29;BA;Bahia;Nordeste;0;-16.2825;-39.0295;3855;73;America/Sao_Paulo
2927804;Santa Cruz da Vitória;29;BA;Bahia;Nordeste;0;-14.964;-39.8115;3857;73;America/Sao_Paulo
2927903;Santa Inês;29;BA;Bahia;Nordeste;0;-13.2793;-39.814;3859;73;America/Sao_Paulo
2928000;Santaluz;29;BA;Bahia;Nordeste;0;-11.2508;-39.375;3861;75;America/Sao_Paulo
2928059;Santa Luzia;29;BA;Bahia;Nordeste;0;-15.4342;-39.3287;3987;73;America/Sao_Paulo
2928109;Santa Maria da Vitória;29;BA;Bahia;Nordeste;0;-13.3859;-44.2011;3863;77;America/Sao_Paulo
2928208;Santana;29;BA;Bahia;Nordeste;0;-12.9792;-44.0506;3865;77;America/Sao_Paulo
2928307;Santanópolis;29;BA;Bahia;Nordeste;0;-12.0311;-38.8694;3867;75;America/Sao_Paulo
2928406;Santa Rita de Cássia;29;BA;Bahia;Nordeste;0;-11.0063;-44.5255;3549;77;America/Sao_Paulo
2928505;Santa Teresinha;29;BA;Bahia;Nordeste;0;-12.7697;-39.5215;3869;75;America/Sao_Paulo
2928604;Santo Amaro;29;BA;Bahia;Nordeste;0;-12.5472;-38.7137;3871;75;America/Sao_Paulo
2928703;Santo Antônio de Jesus;29;BA;Bahia;Nordeste;0;-12.9614;-39.2584;3873;75;America/Sao_Paulo
2928802;Santo Estêvão;29;BA;Bahia;Nordeste;0;-12.428;-39.2505;3875;75;America/Sao_Paulo
2928901;São Desidério;29;BA;Bahia;Nordeste;0;-12.3572;-44.9769;3877;77;America/Sao_Paulo
2928950;São Domingos;29;BA;Bahia;Nordeste;0;-11.4649;-39.5268;3029;75;America/Sao_Paulo
2929008;São Félix;29;BA;Bahia;Nordeste;0;-12.6104;-38.9727;3879;75;America/Sao_Paulo
2929057;São Félix do Coribe;29;BA;Bahia;Nordeste;0;-13.4019;-44.1837;3031;77;America/Sao_Paulo
2929107;São Felipe;29;BA;Bahia;Nordeste;0;-12.8394;-39.0893;3881;75;America/Sao_Paulo
2929206;São Francisco do Conde;29;BA;Bahia;Nordeste;0;-12.6183;-38.6786;3883;71;America/Sao_Paulo
2929255;São Gabriel;29;BA;Bahia;Nordeste;0;-11.2175;-41.8843;3989;74;America/Sao_Paulo
2929305;São Gonçalo dos Campos;29;BA;Bahia;Nordeste;0;-12.4331;-38.9663;3885;75;America/Sao_Paulo
2929354;São José da Vitória;29;BA;Bahia;Nordeste;0;-15.0787;-39.3437;3035;73;America/Sao_Paulo
2929370;São José do Jacuípe;29;BA;Bahia;Nordeste;0;-11.4137;-39.8669;3033;74;America/Sao_Paulo
2929404;São Miguel das Matas;29;BA;Bahia;Nordeste;0;-13.0434;-39.4578;3887;75;America/Sao_Paulo
2929503;São Sebastião do Passé;29;BA;Bahia;Nordeste;0;-12.5123;-38.4905;3889;71;America/Sao_Paulo
2929602;Sapeaçu;29;BA;Bahia;Nordeste;0;-12.7208;-39.1824;3891;75;America/Sao_Paulo
2929701;Sátiro Dias;29;BA;Bahia;Nordeste;0;-11.5929;-38.5938;3893;75;America/Sao_Paulo
2929750;Saubara;29;BA;Bahia;Nordeste;0;-12.7387;-38.7625;3037;71;America/Sao_Paulo
2929800;Saúde;29;BA;Bahia;Nordeste;0;-10.9428;-40.4155;3895;74;America/Sao_Paulo
2929909;Seabra;29;BA;Bahia;Nordeste;0;-12.4169;-41.7722;3897;75;America/Sao_Paulo
2930006;Sebastião Laranjeiras;29;BA;Bahia;Nordeste;0;-14.571;-42.9434;3899;77;America/Sao_Paulo
2930105;Senhor do Bonfim;29;BA;Bahia;Nordeste;0;-10.4594;-40.1865;3901;74;America/Sao_Paulo
2930154;Serra do Ramalho;29;BA;Bahia;Nordeste;0;-13.5659;-43.5929;3039;77;America/Sao_Paulo
2930204;Sento Sé;29;BA;Bahia;Nordeste;0;-9.74138;-41.8786;3903;74;America/Sao_Paulo
2930303;Serra Dourada;29;BA;Bahia;Nordeste;0;-12.759;-43.9504;3905;77;America/Sao_Paulo
2930402;Serra Preta;29;BA;Bahia;Nordeste;0;-12.156;-39.3305;3907;75;America/Sao_Paulo
2930501;Serrinha;29;BA;Bahia;Nordeste;0;-11.6584;-39.01;3909;75;America/Sao_Paulo
2930600;Serrolândia;29;BA;Bahia;Nordeste;0;-11.4085;-40.2983;3911;74;America/Sao_Paulo
2930709;Simões Filho;29;BA;Bahia;Nordeste;0;-12.7866;-38.4029;3913;71;America/Sao_Paulo
2930758;Sítio do Mato;29;BA;Bahia;Nordeste;0;-13.0801;-43.4689;3041;77;America/Sao_Paulo
2930766;Sítio do Quinto;29;BA;Bahia;Nordeste;0;-10.3545;-38.2213;3043;75;America/Sao_Paulo
2930774;Sobradinho;29;BA;Bahia;Nordeste;0;-9.45024;-40.8145;3045;74;America/Sao_Paulo
2930808;Souto Soares;29;BA;Bahia;Nordeste;0;-12.088;-41.6427;3915;75;America/Sao_Paulo
2930907;Tabocas do Brejo Velho;29;BA;Bahia;Nordeste;0;-12.7026;-44.0075;3917;77;America/Sao_Paulo
2931004;Tanhaçu;29;BA;Bahia;Nordeste;0;-14.0197;-41.2473;3919;77;America/Sao_Paulo
2931053;Tanque Novo;29;BA;Bahia;Nordeste;0;-13.5485;-42.4934;3991;77;America/Sao_Paulo
2931103;Tanquinho;29;BA;Bahia;Nordeste;0;-11.968;-39.1033;3921;75;America/Sao_Paulo
2931202;Taperoá;29;BA;Bahia;Nordeste;0;-13.5321;-39.1009;3923;75;America/Sao_Paulo
2931301;Tapiramutá;29;BA;Bahia;Nordeste;0;-11.8475;-40.7927;3925;74;America/Sao_Paulo
2931350;Teixeira de Freitas;29;BA;Bahia;Nordeste;0;-17.5399;-39.74;3993;73;America/Sao_Paulo
2931400;Teodoro Sampaio;29;BA;Bahia;Nordeste;0;-12.295;-38.6347;3927;75;America/Sao_Paulo
2931509;Teofilândia;29;BA;Bahia;Nordeste;0;-11.4827;-38.9913;3929;75;America/Sao_Paulo
2931608;Teolândia;29;BA;Bahia;Nordeste;0;-13.5896;-39.484;3931;73;America/Sao_Paulo
2931707;Terra Nova;29;BA;Bahia;Nordeste;0;-12.3888;-38.6238;3933;75;America/Sao_Paulo
2931806;Tremedal;29;BA;Bahia;Nordeste;0;-14.9736;-41.4142;3935;77;America/Sao_Paulo
2931905;Tucano;29;BA;Bahia;Nordeste;0;-10.9584;-38.7894;3937;75;America/Sao_Paulo
2932002;Uauá;29;BA;Bahia;Nordeste;0;-9.83325;-39.4794;3939;74;America/Sao_Paulo
2932101;Ubaíra;29;BA;Bahia;Nordeste;0;-13.2714;-39.666;3941;75;America/Sao_Paulo
2932200;Ubaitaba;29;BA;Bahia;Nordeste;0;-14.303;-39.3222;3943;73;America/Sao_Paulo
2932309;Ubatã;29;BA;Bahia;Nordeste;0;-14.2063;-39.5207;3945;73;America/Sao_Paulo
2932408;Uibaí;29;BA;Bahia;Nordeste;0;-11.3394;-42.1354;3947;74;America/Sao_Paulo
2932457;Umburanas;29;BA;Bahia;Nordeste;0;-10.7339;-41.3234;3047;74;America/Sao_Paulo
2932507;Una;29;BA;Bahia;Nordeste;0;-15.2791;-39.0765;3949;73;America/Sao_Paulo
2932606;Urandi;29;BA;Bahia;Nordeste;0;-14.7678;-42.6498;3951;77;America/Sao_Paulo
2932705;Uruçuca;29;BA;Bahia;Nordeste;0;-14.5963;-39.2851;3953;73;America/Sao_Paulo
2932804;Utinga;29;BA;Bahia;Nordeste;0;-12.0783;-41.0954;3955;75;America/Sao_Paulo
2932903;Valença;29;BA;Bahia;Nordeste;0;-13.3669;-39.073;3957;75;America/Sao_Paulo
2933000;Valente;29;BA;Bahia;Nordeste;0;-11.4062;-39.457;3959;75;America/Sao_Paulo
2933059;Várzea da Roça;29;BA;Bahia;Nordeste;0;-11.6005;-40.1328;3997;74;America/Sao_Paulo
2933109;Várzea do Poço;29;BA;Bahia;Nordeste;0;-11.5273;-40.3149;3961;74;America/Sao_Paulo
2933158;Várzea Nova;29;BA;Bahia;Nordeste;0;-11.2557;-40.9432;3995;74;America/Sao_Paulo
2933174;Varzedo;29;BA;Bahia;Nordeste;0;-12.9672;-39.3919;3049;75;America/Sao_Paulo
2933208;Vera Cruz;29;BA;Bahia;Nordeste;0;-12.9568;-38.6153;3963;71;America/Sao_Paulo
2933257;Vereda;29;BA;Bahia;Nordeste;0;-17.2183;-40.0974;3051;73;America/Sao_Paulo
2933307;Vitória da Conquista;29;BA;Bahia;Nordeste;0;-14.8615;-40.8442;3965;77;America/Sao_Paulo
2933406;Wagner;29;BA;Bahia;Nordeste;0;-12.2819;-41.1715;3967;75;America/Sao_Paulo
2933455;Wanderley;29;BA;Bahia;Nordeste;0;-12.1144;-43.8958;3999;77;America/Sao_Paulo
2933505;Wenceslau Guimarães;29;BA;Bahia;Nordeste;0;-13.6908;-39.4762;3969;73;America/Sao_Paulo
2933604;Xique-Xique;29;BA;Bahia;Nordeste;0;-10.823;-42.7245;3971;74;America/Sao_Paulo
3100104;Abadia dos Dourados;31;MG;Minas Gerais;Sudeste;0;-18.4831;-47.3916;4001;34;America/Sao_Paulo
3100203;Abaeté;31;MG;Minas Gerais;Sudeste;0;-19.1551;-45.4444;4003;37;America/Sao_Paulo
3100302;Abre Campo;31;MG;Minas Gerais;Sudeste;0;-20.2996;-42.4743;4005;31;America/Sao_Paulo
3100401;Acaiaca;31;MG;Minas Gerais;Sudeste;0;-20.359;-43.1439;4007;31;America/Sao_Paulo
3100500;Açucena;31;MG;Minas Gerais;Sudeste;0;-19.0671;-42.5419;4009;33;America/Sao_Paulo
3100609;Água Boa;31;MG;Minas Gerais;Sudeste;0;-17.9914;-42.3806;4011;33;America/Sao_Paulo
3100708;Água Comprida;31;MG;Minas Gerais;Sudeste;0;-20.0576;-48.1069;4013;34;America/Sao_Paulo
3100807;Aguanil;31;MG;Minas Gerais;Sudeste;0;-20.9439;-45.3915;4015;35;America/Sao_Paulo
3100906;Águas Formosas;31;MG;Minas Gerais;Sudeste;0;-17.0802;-40.9384;4017;33;America/Sao_Paulo
3101003;Águas Vermelhas;31;MG;Minas Gerais;Sudeste;0;-15.7431;-41.4571;4019;33;America/Sao_Paulo
3101102;Aimorés;31;MG;Minas Gerais;Sudeste;0;-19.5007;-41.0746;4021;33;America/Sao_Paulo
3101201;Aiuruoca;31;MG;Minas Gerais;Sudeste;0;-21.9736;-44.6042;4023;35;America/Sao_Paulo
3101300;Alagoa;31;MG;Minas Gerais;Sudeste;0;-22.171;-44.6413;4025;35;America/Sao_Paulo
3101409;Albertina;31;MG;Minas Gerais;Sudeste;0;-22.2018;-46.6139;4027;35;America/Sao_Paulo
3101508;Além Paraíba;31;MG;Minas Gerais;Sudeste;0;-21.8797;-42.7176;4029;32;America/Sao_Paulo
3101607;Alfenas;31;MG;Minas Gerais;Sudeste;0;-21.4256;-45.9477;4031;35;America/Sao_Paulo
3101631;Alfredo Vasconcelos;31;MG;Minas Gerais;Sudeste;0;-21.1535;-43.7718;2681;32;America/Sao_Paulo
3101706;Almenara;31;MG;Minas Gerais;Sudeste;0;-16.1785;-40.6942;4033;33;America/Sao_Paulo
3101805;Alpercata;31;MG;Minas Gerais;Sudeste;0;-18.974;-41.97;4035;33;America/Sao_Paulo
3101904;Alpinópolis;31;MG;Minas Gerais;Sudeste;0;-20.8631;-46.3878;4037;35;America/Sao_Paulo
3102001;Alterosa;31;MG;Minas Gerais;Sudeste;0;-21.2488;-46.1387;4039;35;America/Sao_Paulo
3102050;Alto Caparaó;31;MG;Minas Gerais;Sudeste;0;-20.431;-41.8738;0564;32;America/Sao_Paulo
3102100;Alto Rio Doce;31;MG;Minas Gerais;Sudeste;0;-21.0281;-43.4067;4041;32;America/Sao_Paulo
3102209;Alvarenga;31;MG;Minas Gerais;Sudeste;0;-19.4174;-41.7317;4043;33;America/Sao_Paulo
3102308;Alvinópolis;31;MG;Minas Gerais;Sudeste;0;-20.1098;-43.0535;4045;31;America/Sao_Paulo
3102407;Alvorada de Minas;31;MG;Minas Gerais;Sudeste;0;-18.7334;-43.3638;4047;31;America/Sao_Paulo
3102506;Amparo do Serra;31;MG;Minas Gerais;Sudeste;0;-20.5051;-42.8009;4049;31;America/Sao_Paulo
3102605;Andradas;31;MG;Minas Gerais;Sudeste;0;-22.0695;-46.5724;4051;35;America/Sao_Paulo
3102704;Cachoeira de Pajeú;31;MG;Minas Gerais;Sudeste;0;-15.9688;-41.4948;4053;33;America/Sao_Paulo
3102803;Andrelândia;31;MG;Minas Gerais;Sudeste;0;-21.7411;-44.3117;4055;35;America/Sao_Paulo
3102852;Angelândia;31;MG;Minas Gerais;Sudeste;0;-17.7279;-42.2641;0566;33;America/Sao_Paulo
3102902;Antônio Carlos;31;MG;Minas Gerais;Sudeste;0;-21.321;-43.7451;4057;32;America/Sao_Paulo
3103009;Antônio Dias;31;MG;Minas Gerais;Sudeste;0;-19.6491;-42.8732;4059;31;America/Sao_Paulo
3103108;Antônio Prado de Minas;31;MG;Minas Gerais;Sudeste;0;-21.0192;-42.1109;4061;32;America/Sao_Paulo
3103207;Araçaí;31;MG;Minas Gerais;Sudeste;0;-19.1955;-44.2493;4063;31;America/Sao_Paulo
3103306;Aracitaba;31;MG;Minas Gerais;Sudeste;0;-21.3446;-43.3736;4065;32;America/Sao_Paulo
3103405;Araçuaí;31;MG;Minas Gerais;Sudeste;0;-16.8523;-42.0637;4067;33;America/Sao_Paulo
3103504;Araguari;31;MG;Minas Gerais;Sudeste;0;-18.6456;-48.1934;4069;34;America/Sao_Paulo
3103603;Arantina;31;MG;Minas Gerais;Sudeste;0;-21.9102;-44.2555;4071;32;America/Sao_Paulo
3103702;Araponga;31;MG;Minas Gerais;Sudeste;0;-20.6686;-42.5178;4073;31;America/Sao_Paulo
3103751;Araporã;31;MG;Minas Gerais;Sudeste;0;-18.4357;-49.1847;2903;34;America/Sao_Paulo
3103801;Arapuá;31;MG;Minas Gerais;Sudeste;0;-19.0268;-46.1484;4075;34;America/Sao_Paulo
3103900;Araújos;31;MG;Minas Gerais;Sudeste;0;-19.9405;-45.1671;4077;37;America/Sao_Paulo
3104007;Araxá;31;MG;Minas Gerais;Sudeste;0;-19.5902;-46.9438;4079;34;America/Sao_Paulo
3104106;Arceburgo;31;MG;Minas Gerais;Sudeste;0;-21.359;-46.9401;4081;35;America/Sao_Paulo
3104205;Arcos;31;MG;Minas Gerais;Sudeste;0;-20.2863;-45.5373;4083;37;America/Sao_Paulo
3104304;Areado;31;MG;Minas Gerais;Sudeste;0;-21.3572;-46.1421;4085;35;America/Sao_Paulo
3104403;Argirita;31;MG;Minas Gerais;Sudeste;0;-21.6083;-42.8292;4087;32;America/Sao_Paulo
3104452;Aricanduva;31;MG;Minas Gerais;Sudeste;0;-17.8666;-42.5533;0568;33;America/Sao_Paulo
3104502;Arinos;31;MG;Minas Gerais;Sudeste;0;-15.9187;-46.1043;4089;38;America/Sao_Paulo
3104601;Astolfo Dutra;31;MG;Minas Gerais;Sudeste;0;-21.3184;-42.8572;4091;32;America/Sao_Paulo
3104700;Ataléia;31;MG;Minas Gerais;Sudeste;0;-18.0438;-41.1149;4093;33;America/Sao_Paulo
3104809;Augusto de Lima;31;MG;Minas Gerais;Sudeste;0;-18.0997;-44.2655;4095;38;America/Sao_Paulo
3104908;Baependi;31;MG;Minas Gerais;Sudeste;0;-21.957;-44.8874;4097;35;America/Sao_Paulo
3105004;Baldim;31;MG;Minas Gerais;Sudeste;0;-19.2832;-43.9613;4099;31;America/Sao_Paulo
3105103;Bambuí;31;MG;Minas Gerais;Sudeste;0;-20.0166;-45.9754;4101;37;America/Sao_Paulo
3105202;Bandeira;31;MG;Minas Gerais;Sudeste;0;-15.8783;-40.5622;4103;33;America/Sao_Paulo
3105301;Bandeira do Sul;31;MG;Minas Gerais;Sudeste;0;-21.7308;-46.3833;4105;35;America/Sao_Paulo
3105400;Barão de Cocais;31;MG;Minas Gerais;Sudeste;0;-19.9389;-43.4755;4107;31;America/Sao_Paulo
3105509;Barão de Monte Alto;31;MG;Minas Gerais;Sudeste;0;-21.2444;-42.2372;4109;32;America/Sao_Paulo
3105608;Barbacena;31;MG;Minas Gerais;Sudeste;0;-21.2214;-43.7703;4111;32;America/Sao_Paulo
3105707;Barra Longa;31;MG;Minas Gerais;Sudeste;0;-20.2869;-43.0402;4113;31;America/Sao_Paulo
3105905;Barroso;31;MG;Minas Gerais;Sudeste;0;-21.1907;-43.972;4117;32;America/Sao_Paulo
3106002;Bela Vista de Minas;31;MG;Minas Gerais;Sudeste;0;-19.8302;-43.0922;4119;31;America/Sao_Paulo
3106101;Belmiro Braga;31;MG;Minas Gerais;Sudeste;0;-21.944;-43.4084;4121;32;America/Sao_Paulo
3106200;Belo Horizonte;31;MG;Minas Gerais;Sudeste;1;-19.9102;-43.9266;4123;31;America/Sao_Paulo
3106309;Belo Oriente;31;MG;Minas Gerais;Sudeste;0;-19.2199;-42.4828;4125;31;America/Sao_Paulo
3106408;Belo Vale;31;MG;Minas Gerais;Sudeste;0;-20.4077;-44.0275;4127;31;America/Sao_Paulo
3106507;Berilo;31;MG;Minas Gerais;Sudeste;0;-16.9567;-42.4606;4129;33;America/Sao_Paulo
3106606;Bertópolis;31;MG;Minas Gerais;Sudeste;0;-17.059;-40.58;4131;33;America/Sao_Paulo
3106655;Berizal;31;MG;Minas Gerais;Sudeste;0;-15.61;-41.7432;0570;38;America/Sao_Paulo
3106705;Betim;31;MG;Minas Gerais;Sudeste;0;-19.9668;-44.2008;4133;31;America/Sao_Paulo
3106804;Bias Fortes;31;MG;Minas Gerais;Sudeste;0;-21.602;-43.7574;4135;32;America/Sao_Paulo
3106903;Bicas;31;MG;Minas Gerais;Sudeste;0;-21.7232;-43.056;4137;32;America/Sao_Paulo
3107000;Biquinhas;31;MG;Minas Gerais;Sudeste;0;-18.7754;-45.4974;4139;37;America/Sao_Paulo
3107109;Boa Esperança;31;MG;Minas Gerais;Sudeste;0;-21.0927;-45.5612;4141;35;America/Sao_Paulo
3107208;Bocaina de Minas;31;MG;Minas Gerais;Sudeste;0;-22.1697;-44.3972;4143;32;America/Sao_Paulo
3107307;Bocaiúva;31;MG;Minas Gerais;Sudeste;0;-17.1135;-43.8104;4145;38;America/Sao_Paulo
3107406;Bom Despacho;31;MG;Minas Gerais;Sudeste;0;-19.7386;-45.2622;4147;37;America/Sao_Paulo
3107505;Bom Jardim de Minas;31;MG;Minas Gerais;Sudeste;0;-21.9479;-44.1885;4149;32;America/Sao_Paulo
3107604;Bom Jesus da Penha;31;MG;Minas Gerais;Sudeste;0;-21.0148;-46.5174;4151;35;America/Sao_Paulo
3107703;Bom Jesus do Amparo;31;MG;Minas Gerais;Sudeste;0;-19.7054;-43.4782;4153;31;America/Sao_Paulo
3107802;Bom Jesus do Galho;31;MG;Minas Gerais;Sudeste;0;-19.836;-42.3165;4155;33;America/Sao_Paulo
3107901;Bom Repouso;31;MG;Minas Gerais;Sudeste;0;-22.4675;-46.144;4157;35;America/Sao_Paulo
3108008;Bom Sucesso;31;MG;Minas Gerais;Sudeste;0;-21.0329;-44.7537;4159;35;America/Sao_Paulo
3108107;Bonfim;31;MG;Minas Gerais;Sudeste;0;-20.3302;-44.2366;4161;31;America/Sao_Paulo
3108206;Bonfinópolis de Minas;31;MG;Minas Gerais;Sudeste;0;-16.568;-45.9839;4163;38;America/Sao_Paulo
3108255;Bonito de Minas;31;MG;Minas Gerais;Sudeste;0;-15.3231;-44.7543;0572;38;America/Sao_Paulo
3108305;Borda da Mata;31;MG;Minas Gerais;Sudeste;0;-22.2707;-46.1653;4165;35;America/Sao_Paulo
3108404;Botelhos;31;MG;Minas Gerais;Sudeste;0;-21.6412;-46.391;4167;35;America/Sao_Paulo
3108503;Botumirim;31;MG;Minas Gerais;Sudeste;0;-16.8657;-43.0086;4169;38;America/Sao_Paulo
3108552;Brasilândia de Minas;31;MG;Minas Gerais;Sudeste;0;-16.9999;-46.0081;0574;38;America/Sao_Paulo
3108602;Brasília de Minas;31;MG;Minas Gerais;Sudeste;0;-16.2104;-44.4299;4171;38;America/Sao_Paulo
3108701;Brás Pires;31;MG;Minas Gerais;Sudeste;0;-20.8419;-43.2406;4173;32;America/Sao_Paulo
3108800;Braúnas;31;MG;Minas Gerais;Sudeste;0;-19.0562;-42.7099;4175;35;America/Sao_Paulo
3108909;Brazópolis;31;MG;Minas Gerais;Sudeste;0;-22.4743;-45.6166;4177;33;America/Sao_Paulo
3109006;Brumadinho;31;MG;Minas Gerais;Sudeste;0;-20.151;-44.2007;4179;31;America/Sao_Paulo
3109105;Bueno Brandão;31;MG;Minas Gerais;Sudeste;0;-22.4383;-46.3491;4181;35;America/Sao_Paulo
3109204;Buenópolis;31;MG;Minas Gerais;Sudeste;0;-17.8744;-44.1775;4183;38;America/Sao_Paulo
3109253;Bugre;31;MG;Minas Gerais;Sudeste;0;-19.4231;-42.2552;0576;33;America/Sao_Paulo
3109303;Buritis;31;MG;Minas Gerais;Sudeste;0;-15.6218;-46.4221;4185;38;America/Sao_Paulo
3109402;Buritizeiro;31;MG;Minas Gerais;Sudeste;0;-17.3656;-44.9606;4187;38;America/Sao_Paulo
3109451;Cabeceira Grande;31;MG;Minas Gerais;Sudeste;0;-16.0335;-47.0862;0578;38;America/Sao_Paulo
3109501;Cabo Verde;31;MG;Minas Gerais;Sudeste;0;-21.4699;-46.3919;4189;35;America/Sao_Paulo
3109600;Cachoeira da Prata;31;MG;Minas Gerais;Sudeste;0;-19.521;-44.4544;4191;31;America/Sao_Paulo
3109709;Cachoeira de Minas;31;MG;Minas Gerais;Sudeste;0;-22.3511;-45.7809;4193;35;America/Sao_Paulo
3109808;Cachoeira Dourada;31;MG;Minas Gerais;Sudeste;0;-18.5161;-49.5039;4195;34;America/Sao_Paulo
3109907;Caetanópolis;31;MG;Minas Gerais;Sudeste;0;-19.2971;-44.4189;4197;31;America/Sao_Paulo
3110004;Caeté;31;MG;Minas Gerais;Sudeste;0;-19.8826;-43.6704;4199;31;America/Sao_Paulo
3110103;Caiana;31;MG;Minas Gerais;Sudeste;0;-20.6956;-41.9292;4201;32;America/Sao_Paulo
3110202;Cajuri;31;MG;Minas Gerais;Sudeste;0;-20.7903;-42.7925;4203;31;America/Sao_Paulo
3110301;Caldas;31;MG;Minas Gerais;Sudeste;0;-21.9183;-46.3843;4205;35;America/Sao_Paulo
3110400;Camacho;31;MG;Minas Gerais;Sudeste;0;-20.6294;-45.1593;4207;37;America/Sao_Paulo
3110509;Camanducaia;31;MG;Minas Gerais;Sudeste;0;-22.7515;-46.1494;4209;35;America/Sao_Paulo
3110608;Cambuí;31;MG;Minas Gerais;Sudeste;0;-22.6115;-46.0572;4211;35;America/Sao_Paulo
3110707;Cambuquira;31;MG;Minas Gerais;Sudeste;0;-21.854;-45.2896;4213;35;America/Sao_Paulo
3110806;Campanário;31;MG;Minas Gerais;Sudeste;0;-18.2427;-41.7355;4215;33;America/Sao_Paulo
3110905;Campanha;31;MG;Minas Gerais;Sudeste;0;-21.836;-45.4004;4217;35;America/Sao_Paulo
3111002;Campestre;31;MG;Minas Gerais;Sudeste;0;-21.7079;-46.2381;4219;35;America/Sao_Paulo
3111101;Campina Verde;31;MG;Minas Gerais;Sudeste;0;-19.5382;-49.4862;4221;34;America/Sao_Paulo
3111150;Campo Azul;31;MG;Minas Gerais;Sudeste;0;-16.5028;-44.8096;0580;38;America/Sao_Paulo
3111200;Campo Belo;31;MG;Minas Gerais;Sudeste;0;-20.8932;-45.2699;4223;35;America/Sao_Paulo
3111309;Campo do Meio;31;MG;Minas Gerais;Sudeste;0;-21.1127;-45.8273;4225;35;America/Sao_Paulo
3111408;Campo Florido;31;MG;Minas Gerais;Sudeste;0;-19.7631;-48.5716;4227;34;America/Sao_Paulo
3111507;Campos Altos;31;MG;Minas Gerais;Sudeste;0;-19.6914;-46.1725;4229;37;America/Sao_Paulo
3111606;Campos Gerais;31;MG;Minas Gerais;Sudeste;0;-21.237;-45.7569;4231;35;America/Sao_Paulo
3111705;Canaã;31;MG;Minas Gerais;Sudeste;0;-20.6869;-42.6167;4233;31;America/Sao_Paulo
3111804;Canápolis;31;MG;Minas Gerais;Sudeste;0;-18.7212;-49.2035;4235;34;America/Sao_Paulo
3111903;Cana Verde;31;MG;Minas Gerais;Sudeste;0;-21.0232;-45.1801;4237;35;America/Sao_Paulo
3112000;Candeias;31;MG;Minas Gerais;Sudeste;0;-20.7692;-45.2765;4239;35;America/Sao_Paulo
3112059;Cantagalo;31;MG;Minas Gerais;Sudeste;0;-18.5248;-42.6223;0582;33;America/Sao_Paulo
3112109;Caparaó;31;MG;Minas Gerais;Sudeste;0;-20.5289;-41.9061;4241;32;America/Sao_Paulo
3112208;Capela Nova;31;MG;Minas Gerais;Sudeste;0;-20.9179;-43.622;4243;31;America/Sao_Paulo
3112307;Capelinha;31;MG;Minas Gerais;Sudeste;0;-17.6888;-42.5147;4245;33;America/Sao_Paulo
3112406;Capetinga;31;MG;Minas Gerais;Sudeste;0;-20.6163;-47.0571;4247;35;America/Sao_Paulo
3112505;Capim Branco;31;MG;Minas Gerais;Sudeste;0;-19.5471;-44.1304;4249;31;America/Sao_Paulo
3112604;Capinópolis;31;MG;Minas Gerais;Sudeste;0;-18.6862;-49.5706;4251;34;America/Sao_Paulo
3112653;Capitão Andrade;31;MG;Minas Gerais;Sudeste;0;-19.0748;-41.8614;2651;33;America/Sao_Paulo
3112703;Capitão Enéas;31;MG;Minas Gerais;Sudeste;0;-16.3265;-43.7084;4253;38;America/Sao_Paulo
3112802;Capitólio;31;MG;Minas Gerais;Sudeste;0;-20.6164;-46.0493;4255;37;America/Sao_Paulo
3112901;Caputira;31;MG;Minas Gerais;Sudeste;0;-20.1703;-42.2683;4257;31;America/Sao_Paulo
3113008;Caraí;31;MG;Minas Gerais;Sudeste;0;-17.1862;-41.7004;4259;33;America/Sao_Paulo
3113107;Caranaíba;31;MG;Minas Gerais;Sudeste;0;-20.8707;-43.7417;4261;31;America/Sao_Paulo
3113206;Carandaí;31;MG;Minas Gerais;Sudeste;0;-20.9566;-43.811;4263;32;America/Sao_Paulo
3113305;Carangola;31;MG;Minas Gerais;Sudeste;0;-20.7343;-42.0313;4265;32;America/Sao_Paulo
3113404;Caratinga;31;MG;Minas Gerais;Sudeste;0;-19.7868;-42.1292;4267;33;America/Sao_Paulo
3113503;Carbonita;31;MG;Minas Gerais;Sudeste;0;-17.5255;-43.0137;4269;38;America/Sao_Paulo
3113602;Careaçu;31;MG;Minas Gerais;Sudeste;0;-22.0424;-45.696;4271;35;America/Sao_Paulo
3113701;Carlos Chagas;31;MG;Minas Gerais;Sudeste;0;-17.6973;-40.7723;4273;33;America/Sao_Paulo
3113800;Carmésia;31;MG;Minas Gerais;Sudeste;0;-19.0877;-43.1382;4275;31;America/Sao_Paulo
3113909;Carmo da Cachoeira;31;MG;Minas Gerais;Sudeste;0;-21.4633;-45.2201;4277;35;America/Sao_Paulo
3114006;Carmo da Mata;31;MG;Minas Gerais;Sudeste;0;-20.5575;-44.8735;4279;37;America/Sao_Paulo
3114105;Carmo de Minas;31;MG;Minas Gerais;Sudeste;0;-22.1204;-45.1307;4281;35;America/Sao_Paulo
3114204;Carmo do Cajuru;31;MG;Minas Gerais;Sudeste;0;-20.1912;-44.7664;4283;37;America/Sao_Paulo
3114303;Carmo do Paranaíba;31;MG;Minas Gerais;Sudeste;0;-18.991;-46.3167;4285;34;America/Sao_Paulo
3114402;Carmo do Rio Claro;31;MG;Minas Gerais;Sudeste;0;-20.9736;-46.1149;4287;35;America/Sao_Paulo
3114501;Carmópolis de Minas;31;MG;Minas Gerais;Sudeste;0;-20.5396;-44.6336;4289;37;America/Sao_Paulo
3114550;Carneirinho;31;MG;Minas Gerais;Sudeste;0;-19.6987;-50.6894;2685;34;America/Sao_Paulo
3114600;Carrancas;31;MG;Minas Gerais;Sudeste;0;-21.4898;-44.6446;4291;35;America/Sao_Paulo
3114709;Carvalhópolis;31;MG;Minas Gerais;Sudeste;0;-21.7735;-45.8421;4293;35;America/Sao_Paulo
3114808;Carvalhos;31;MG;Minas Gerais;Sudeste;0;-22.0;-44.4632;4295;35;America/Sao_Paulo
3114907;Casa Grande;31;MG;Minas Gerais;Sudeste;0;-20.7925;-43.9343;4297;31;America/Sao_Paulo
3115003;Cascalho Rico;31;MG;Minas Gerais;Sudeste;0;-18.5772;-47.8716;4299;34;America/Sao_Paulo
3115102;Cássia;31;MG;Minas Gerais;Sudeste;0;-20.5831;-46.9201;4301;35;America/Sao_Paulo
3115201;Conceição da Barra de Minas;31;MG;Minas Gerais;Sudeste;0;-21.1316;-44.4729;4303;32;America/Sao_Paulo
3115300;Cataguases;31;MG;Minas Gerais;Sudeste;0;-21.3924;-42.6896;4305;32;America/Sao_Paulo
3115359;Catas Altas;31;MG;Minas Gerais;Sudeste;0;-20.0734;-43.4061;0584;31;America/Sao_Paulo
3115409;Catas Altas da Noruega;31;MG;Minas Gerais;Sudeste;0;-20.6901;-43.4939;4307;31;America/Sao_Paulo
3115458;Catuji;31;MG;Minas Gerais;Sudeste;0;-17.3018;-41.5276;2653;33;America/Sao_Paulo
3115474;Catuti;31;MG;Minas Gerais;Sudeste;0;-15.3616;-42.9627;0586;38;America/Sao_Paulo
3115508;Caxambu;31;MG;Minas Gerais;Sudeste;0;-21.9753;-44.9319;4309;35;America/Sao_Paulo
3115607;Cedro do Abaeté;31;MG;Minas Gerais;Sudeste;0;-19.1458;-45.712;4311;37;America/Sao_Paulo
3115706;Central de Minas;31;MG;Minas Gerais;Sudeste;0;-18.7612;-41.3143;4313;33;America/Sao_Paulo
3115805;Centralina;31;MG;Minas Gerais;Sudeste;0;-18.5852;-49.2014;4315;34;America/Sao_Paulo
3115904;Chácara;31;MG;Minas Gerais;Sudeste;0;-21.6733;-43.215;4317;32;America/Sao_Paulo
3116001;Chalé;31;MG;Minas Gerais;Sudeste;0;-20.0453;-41.6897;4319;33;America/Sao_Paulo
3116100;Chapada do Norte;31;MG;Minas Gerais;Sudeste;0;-17.0881;-42.5392;4321;33;America/Sao_Paulo
3116159;Chapada Gaúcha;31;MG;Minas Gerais;Sudeste;0;-15.3014;-45.6116;0588;38;America/Sao_Paulo
3116209;Chiador;31;MG;Minas Gerais;Sudeste;0;-21.9996;-43.0617;4323;32;America/Sao_Paulo
3116308;Cipotânea;31;MG;Minas Gerais;Sudeste;0;-20.9026;-43.3629;4325;32;America/Sao_Paulo
3116407;Claraval;31;MG;Minas Gerais;Sudeste;0;-20.397;-47.2768;4327;34;America/Sao_Paulo
3116506;Claro dos Poções;31;MG;Minas Gerais;Sudeste;0;-17.082;-44.2061;4329;38;America/Sao_Paulo
3116605;Cláudio;31;MG;Minas Gerais;Sudeste;0;-20.4437;-44.7673;4331;37;America/Sao_Paulo
3116704;Coimbra;31;MG;Minas Gerais;Sudeste;0;-20.8535;-42.8008;4333;32;America/Sao_Paulo
3116803;Coluna;31;MG;Minas Gerais;Sudeste;0;-18.2311;-42.8352;4335;33;America/Sao_Paulo
3116902;Comendador Gomes;31;MG;Minas Gerais;Sudeste;0;-19.6973;-49.0789;4337;34;America/Sao_Paulo
3117009;Comercinho;31;MG;Minas Gerais;Sudeste;0;-16.2963;-41.7945;4339;33;America/Sao_Paulo
3117108;Conceição da Aparecida;31;MG;Minas Gerais;Sudeste;0;-21.096;-46.2049;4341;35;America/Sao_Paulo
3117207;Conceição das Pedras;31;MG;Minas Gerais;Sudeste;0;-22.1576;-45.4562;4343;35;America/Sao_Paulo
3117306;Conceição das Alagoas;31;MG;Minas Gerais;Sudeste;0;-19.9172;-48.3839;4345;34;America/Sao_Paulo
3117405;Conceição de Ipanema;31;MG;Minas Gerais;Sudeste;0;-19.9326;-41.6908;4347;33;America/Sao_Paulo
3117504;Conceição do Mato Dentro;31;MG;Minas Gerais;Sudeste;0;-19.0344;-43.4221;4349;31;America/Sao_Paulo
3117603;Conceição do Pará;31;MG;Minas Gerais;Sudeste;0;-19.7456;-44.8945;4351;37;America/Sao_Paulo
3117702;Conceição do Rio Verde;31;MG;Minas Gerais;Sudeste;0;-21.8778;-45.087;4353;35;America/Sao_Paulo
3117801;Conceição dos Ouros;31;MG;Minas Gerais;Sudeste;0;-22.4078;-45.7996;4355;35;America/Sao_Paulo
3117836;Cônego Marinho;31;MG;Minas Gerais;Sudeste;0;-15.2892;-44.4181;0590;38;America/Sao_Paulo
3117876;Confins;31;MG;Minas Gerais;Sudeste;0;-19.6282;-43.9931;0592;31;America/Sao_Paulo
3117900;Congonhal;31;MG;Minas Gerais;Sudeste;0;-22.1488;-46.043;4357;35;America/Sao_Paulo
3118007;Congonhas;31;MG;Minas Gerais;Sudeste;0;-20.4958;-43.851;4359;31;America/Sao_Paulo
3118106;Congonhas do Norte;31;MG;Minas Gerais;Sudeste;0;-18.8021;-43.6767;4361;31;America/Sao_Paulo
3118205;Conquista;31;MG;Minas Gerais;Sudeste;0;-19.9312;-47.5492;4363;34;America/Sao_Paulo
3118304;Conselheiro Lafaiete;31;MG;Minas Gerais;Sudeste;0;-20.6634;-43.7846;4365;31;America/Sao_Paulo
3118403;Conselheiro Pena;31;MG;Minas Gerais;Sudeste;0;-19.1789;-41.4736;4367;33;America/Sao_Paulo
3118502;Consolação;31;MG;Minas Gerais;Sudeste;0;-22.5493;-45.9255;4369;35;America/Sao_Paulo
3118601;Contagem;31;MG;Minas Gerais;Sudeste;0;-19.9321;-44.0539;4371;31;America/Sao_Paulo
3118700;Coqueiral;31;MG;Minas Gerais;Sudeste;0;-21.1858;-45.4366;4373;35;America/Sao_Paulo
3118809;Coração de Jesus;31;MG;Minas Gerais;Sudeste;0;-16.6841;-44.3635;4375;38;America/Sao_Paulo
3118908;Cordisburgo;31;MG;Minas Gerais;Sudeste;0;-19.1224;-44.3224;4377;31;America/Sao_Paulo
3119005;Cordislândia;31;MG;Minas Gerais;Sudeste;0;-21.7891;-45.6999;4379;35;America/Sao_Paulo
3119104;Corinto;31;MG;Minas Gerais;Sudeste;0;-18.369;-44.4542;4381;38;America/Sao_Paulo
3119203;Coroaci;31;MG;Minas Gerais;Sudeste;0;-18.6156;-42.2791;4383;33;America/Sao_Paulo
3119302;Coromandel;31;MG;Minas Gerais;Sudeste;0;-18.4734;-47.1933;4385;34;America/Sao_Paulo
3119401;Coronel Fabriciano;31;MG;Minas Gerais;Sudeste;0;-19.5179;-42.6276;4387;31;America/Sao_Paulo
3119500;Coronel Murta;31;MG;Minas Gerais;Sudeste;0;-16.6148;-42.184;4389;33;America/Sao_Paulo
3119609;Coronel Pacheco;31;MG;Minas Gerais;Sudeste;0;-21.5898;-43.256;4391;32;America/Sao_Paulo
3119708;Coronel Xavier Chaves;31;MG;Minas Gerais;Sudeste;0;-21.0277;-44.2206;4393;32;America/Sao_Paulo
3119807;Córrego Danta;31;MG;Minas Gerais;Sudeste;0;-19.8198;-45.9032;4395;37;America/Sao_Paulo
3119906;Córrego do Bom Jesus;31;MG;Minas Gerais;Sudeste;0;-22.6269;-46.0241;4397;35;America/Sao_Paulo
3119955;Córrego Fundo;31;MG;Minas Gerais;Sudeste;0;-20.4474;-45.5617;0594;37;America/Sao_Paulo
3120003;Córrego Novo;31;MG;Minas Gerais;Sudeste;0;-19.8361;-42.3988;4399;33;America/Sao_Paulo
3120102;Couto de Magalhães de Minas;31;MG;Minas Gerais;Sudeste;0;-18.0727;-43.4648;4401;38;America/Sao_Paulo
3120151;Crisólita;31;MG;Minas Gerais;Sudeste;0;-17.2381;-40.9184;0596;33;America/Sao_Paulo
3120201;Cristais;31;MG;Minas Gerais;Sudeste;0;-20.8733;-45.5167;4403;35;America/Sao_Paulo
3120300;Cristália;31;MG;Minas Gerais;Sudeste;0;-16.716;-42.8571;4405;38;America/Sao_Paulo
3120409;Cristiano Otoni;31;MG;Minas Gerais;Sudeste;0;-20.8324;-43.8166;4407;31;America/Sao_Paulo
3120508;Cristina;31;MG;Minas Gerais;Sudeste;0;-22.208;-45.2673;4409;35;America/Sao_Paulo
3120607;Crucilândia;31;MG;Minas Gerais;Sudeste;0;-20.3923;-44.3334;4411;31;America/Sao_Paulo
3120706;Cruzeiro da Fortaleza;31;MG;Minas Gerais;Sudeste;0;-18.944;-46.6669;4413;34;America/Sao_Paulo
3120805;Cruzília;31;MG;Minas Gerais;Sudeste;0;-21.84;-44.8067;4415;35;America/Sao_Paulo
3120839;Cuparaque;31;MG;Minas Gerais;Sudeste;0;-18.9648;-41.0986;0598;33;America/Sao_Paulo
3120870;Curral de Dentro;31;MG;Minas Gerais;Sudeste;0;-15.9327;-41.8557;0600;33;America/Sao_Paulo
3120904;Curvelo;31;MG;Minas Gerais;Sudeste;0;-18.7527;-44.4303;4417;38;America/Sao_Paulo
3121001;Datas;31;MG;Minas Gerais;Sudeste;0;-18.4478;-43.6591;4419;38;America/Sao_Paulo
3121100;Delfim Moreira;31;MG;Minas Gerais;Sudeste;0;-22.5036;-45.2792;4421;35;America/Sao_Paulo
3121209;Delfinópolis;31;MG;Minas Gerais;Sudeste;0;-20.3468;-46.8456;4423;35;America/Sao_Paulo
3121258;Delta;31;MG;Minas Gerais;Sudeste;0;-19.9721;-47.7841;0602;34;America/Sao_Paulo
3121308;Descoberto;31;MG;Minas Gerais;Sudeste;0;-21.46;-42.9618;4425;32;America/Sao_Paulo
3121407;Desterro de Entre Rios;31;MG;Minas Gerais;Sudeste;0;-20.665;-44.3334;4427;31;America/Sao_Paulo
3121506;Desterro do Melo;31;MG;Minas Gerais;Sudeste;0;-21.143;-43.5178;4429;32;America/Sao_Paulo
3121605;Diamantina;31;MG;Minas Gerais;Sudeste;0;-18.2413;-43.6031;4431;38;America/Sao_Paulo
3121704;Diogo de Vasconcelos;31;MG;Minas Gerais;Sudeste;0;-20.4879;-43.1953;4433;31;America/Sao_Paulo
3121803;Dionísio;31;MG;Minas Gerais;Sudeste;0;-19.8433;-42.7701;4435;31;America/Sao_Paulo
3121902;Divinésia;31;MG;Minas Gerais;Sudeste;0;-20.9917;-43.0003;4437;32;America/Sao_Paulo
3122009;Divino;31;MG;Minas Gerais;Sudeste;0;-20.6134;-42.1438;4439;32;America/Sao_Paulo
3122108;Divino das Laranjeiras;31;MG;Minas Gerais;Sudeste;0;-18.7755;-41.4781;4441;33;America/Sao_Paulo
3122207;Divinolândia de Minas;31;MG;Minas Gerais;Sudeste;0;-18.8004;-42.6103;4443;33;America/Sao_Paulo
3122306;Divinópolis;31;MG;Minas Gerais;Sudeste;0;-20.1446;-44.8912;4445;37;America/Sao_Paulo
3122355;Divisa Alegre;31;MG;Minas Gerais;Sudeste;0;-15.7221;-41.3463;0604;33;America/Sao_Paulo
3122405;Divisa Nova;31;MG;Minas Gerais;Sudeste;0;-21.5092;-46.1904;4447;35;America/Sao_Paulo
3122454;Divisópolis;31;MG;Minas Gerais;Sudeste;0;-15.7254;-40.9997;2657;33;America/Sao_Paulo
3122470;Dom Bosco;31;MG;Minas Gerais;Sudeste;0;-16.652;-46.2597;0606;38;America/Sao_Paulo
3122504;Dom Cavati;31;MG;Minas Gerais;Sudeste;0;-19.3735;-42.1121;4449;33;America/Sao_Paulo
3122603;Dom Joaquim;31;MG;Minas Gerais;Sudeste;0;-18.961;-43.2544;4451;31;America/Sao_Paulo
3122702;Dom Silvério;31;MG;Minas Gerais;Sudeste;0;-20.1627;-42.9627;4453;31;America/Sao_Paulo
3122801;Dom Viçoso;31;MG;Minas Gerais;Sudeste;0;-22.2511;-45.1643;4455;35;America/Sao_Paulo
3122900;Dona Eusébia;31;MG;Minas Gerais;Sudeste;0;-21.319;-42.807;4457;32;America/Sao_Paulo
3123007;Dores de Campos;31;MG;Minas Gerais;Sudeste;0;-21.1139;-44.0207;4459;32;America/Sao_Paulo
3123106;Dores de Guanhães;31;MG;Minas Gerais;Sudeste;0;-19.0516;-42.9254;4461;33;America/Sao_Paulo
3123205;Dores do Indaiá;31;MG;Minas Gerais;Sudeste;0;-19.4628;-45.5927;4463;37;America/Sao_Paulo
3123304;Dores do Turvo;31;MG;Minas Gerais;Sudeste;0;-20.9785;-43.1834;4465;32;America/Sao_Paulo
3123403;Doresópolis;31;MG;Minas Gerais;Sudeste;0;-20.2868;-45.9007;4467;37;America/Sao_Paulo
3123502;Douradoquara;31;MG;Minas Gerais;Sudeste;0;-18.4338;-47.5993;4469;34;America/Sao_Paulo
3123528;Durandé;31;MG;Minas Gerais;Sudeste;0;-20.2058;-41.7977;2675;33;America/Sao_Paulo
3123601;Elói Mendes;31;MG;Minas Gerais;Sudeste;0;-21.6088;-45.5691;4471;35;America/Sao_Paulo
3123700;Engenheiro Caldas;31;MG;Minas Gerais;Sudeste;0;-19.2065;-42.0503;4473;33;America/Sao_Paulo
3123809;Engenheiro Navarro;31;MG;Minas Gerais;Sudeste;0;-17.2831;-43.947;4475;38;America/Sao_Paulo
3123858;Entre Folhas;31;MG;Minas Gerais;Sudeste;0;-19.6218;-42.2306;2663;33;America/Sao_Paulo
3123908;Entre Rios de Minas;31;MG;Minas Gerais;Sudeste;0;-20.6706;-44.0654;4477;31;America/Sao_Paulo
3124005;Ervália;31;MG;Minas Gerais;Sudeste;0;-20.8403;-42.6544;4479;32;America/Sao_Paulo
3124104;Esmeraldas;31;MG;Minas Gerais;Sudeste;0;-19.764;-44.3065;4481;31;America/Sao_Paulo
3124203;Espera Feliz;31;MG;Minas Gerais;Sudeste;0;-20.6508;-41.9119;4483;32;America/Sao_Paulo
3124302;Espinosa;31;MG;Minas Gerais;Sudeste;0;-14.9249;-42.809;4485;38;America/Sao_Paulo
3124401;Espírito Santo do Dourado;31;MG;Minas Gerais;Sudeste;0;-22.0454;-45.9548;4487;35;America/Sao_Paulo
3124500;Estiva;31;MG;Minas Gerais;Sudeste;0;-22.4577;-46.0191;4489;35;America/Sao_Paulo
3124609;Estrela Dalva;31;MG;Minas Gerais;Sudeste;0;-21.7412;-42.4574;4491;32;America/Sao_Paulo
3124708;Estrela do Indaiá;31;MG;Minas Gerais;Sudeste;0;-19.5169;-45.7859;4493;37;America/Sao_Paulo
3124807;Estrela do Sul;31;MG;Minas Gerais;Sudeste;0;-18.7399;-47.6956;4495;34;America/Sao_Paulo
3124906;Eugenópolis;31;MG;Minas Gerais;Sudeste;0;-21.1002;-42.1878;4497;32;America/Sao_Paulo
3125002;Ewbank da Câmara;31;MG;Minas Gerais;Sudeste;0;-21.5498;-43.5068;4499;32;America/Sao_Paulo
3125101;Extrema;31;MG;Minas Gerais;Sudeste;0;-22.854;-46.3178;4501;35;America/Sao_Paulo
3125200;Fama;31;MG;Minas Gerais;Sudeste;0;-21.4089;-45.8286;4503;35;America/Sao_Paulo
3125309;Faria Lemos;31;MG;Minas Gerais;Sudeste;0;-20.8097;-42.0213;4505;32;America/Sao_Paulo
3125408;Felício dos Santos;31;MG;Minas Gerais;Sudeste;0;-18.0755;-43.2422;4507;38;America/Sao_Paulo
3125507;São Gonçalo do Rio Preto;31;MG;Minas Gerais;Sudeste;0;-18.0025;-43.3854;4509;38;America/Sao_Paulo
3125606;Felisburgo;31;MG;Minas Gerais;Sudeste;0;-16.6348;-40.7605;4511;33;America/Sao_Paulo
3125705;Felixlândia;31;MG;Minas Gerais;Sudeste;0;-18.7507;-44.9004;4513;38;America/Sao_Paulo
3125804;Fernandes Tourinho;31;MG;Minas Gerais;Sudeste;0;-19.1541;-42.0803;4515;33;America/Sao_Paulo
3125903;Ferros;31;MG;Minas Gerais;Sudeste;0;-19.2343;-43.0192;4517;31;America/Sao_Paulo
3125952;Fervedouro;31;MG;Minas Gerais;Sudeste;0;-20.726;-42.279;2683;32;America/Sao_Paulo
3126000;Florestal;31;MG;Minas Gerais;Sudeste;0;-19.888;-44.4318;4519;31;America/Sao_Paulo
3126109;Formiga;31;MG;Minas Gerais;Sudeste;0;-20.4618;-45.4268;4521;37;America/Sao_Paulo
3126208;Formoso;31;MG;Minas Gerais;Sudeste;0;-14.9446;-46.2371;4523;38;America/Sao_Paulo
3126307;Fortaleza de Minas;31;MG;Minas Gerais;Sudeste;0;-20.8508;-46.712;4525;35;America/Sao_Paulo
3126406;Fortuna de Minas;31;MG;Minas Gerais;Sudeste;0;-19.5578;-44.4472;4527;31;America/Sao_Paulo
3126505;Francisco Badaró;31;MG;Minas Gerais;Sudeste;0;-16.9883;-42.3568;4529;33;America/Sao_Paulo
3126604;Francisco Dumont;31;MG;Minas Gerais;Sudeste;0;-17.3107;-44.2317;4531;38;America/Sao_Paulo
3126703;Francisco Sá;31;MG;Minas Gerais;Sudeste;0;-16.4827;-43.4896;4533;38;America/Sao_Paulo
3126752;Franciscópolis;31;MG;Minas Gerais;Sudeste;0;-17.9578;-42.0094;0608;33;America/Sao_Paulo
3126802;Frei Gaspar;31;MG;Minas Gerais;Sudeste;0;-18.0709;-41.4325;4535;33;America/Sao_Paulo
3126901;Frei Inocêncio;31;MG;Minas Gerais;Sudeste;0;-18.5556;-41.9121;4537;33;America/Sao_Paulo
3126950;Frei Lagonegro;31;MG;Minas Gerais;Sudeste;0;-18.1751;-42.7617;0610;33;America/Sao_Paulo
3127008;Fronteira;31;MG;Minas Gerais;Sudeste;0;-20.2748;-49.1984;4539;34;America/Sao_Paulo
3127057;Fronteira dos Vales;31;MG;Minas Gerais;Sudeste;0;-16.8898;-40.923;4935;33;America/Sao_Paulo
3127073;Fruta de Leite;31;MG;Minas Gerais;Sudeste;0;-16.1225;-42.5288;0612;38;America/Sao_Paulo
3127107;Frutal;31;MG;Minas Gerais;Sudeste;0;-20.0259;-48.9355;4541;34;America/Sao_Paulo
3127206;Funilândia;31;MG;Minas Gerais;Sudeste;0;-19.3661;-44.061;4543;31;America/Sao_Paulo
3127305;Galiléia;31;MG;Minas Gerais;Sudeste;0;-19.0005;-41.5387;4545;33;America/Sao_Paulo
3127339;Gameleiras;31;MG;Minas Gerais;Sudeste;0;-15.0829;-43.125;0614;38;America/Sao_Paulo
3127354;Glaucilândia;31;MG;Minas Gerais;Sudeste;0;-16.8481;-43.692;0616;38;America/Sao_Paulo
3127370;Goiabeira;31;MG;Minas Gerais;Sudeste;0;-18.9807;-41.2235;0618;33;America/Sao_Paulo
3127388;Goianá;31;MG;Minas Gerais;Sudeste;0;-21.536;-43.1957;0620;32;America/Sao_Paulo
3127404;Gonçalves;31;MG;Minas Gerais;Sudeste;0;-22.6545;-45.8556;4547;35;America/Sao_Paulo
3127503;Gonzaga;31;MG;Minas Gerais;Sudeste;0;-18.8196;-42.4769;4549;33;America/Sao_Paulo
3127602;Gouveia;31;MG;Minas Gerais;Sudeste;0;-18.4519;-43.7423;4551;38;America/Sao_Paulo
3127701;Governador Valadares;31;MG;Minas Gerais;Sudeste;0;-18.8545;-41.9555;4553;33;America/Sao_Paulo
3127800;Grão Mogol;31;MG;Minas Gerais;Sudeste;0;-16.5662;-42.8923;4555;38;America/Sao_Paulo
3127909;Grupiara;31;MG;Minas Gerais;Sudeste;0;-18.5003;-47.7318;4557;34;America/Sao_Paulo
3128006;Guanhães;31;MG;Minas Gerais;Sudeste;0;-18.7713;-42.9312;4559;33;America/Sao_Paulo
3128105;Guapé;31;MG;Minas Gerais;Sudeste;0;-20.7631;-45.9152;4561;35;America/Sao_Paulo
3128204;Guaraciaba;31;MG;Minas Gerais;Sudeste;0;-20.5716;-43.0094;4563;31;America/Sao_Paulo
3128253;Guaraciama;31;MG;Minas Gerais;Sudeste;0;-17.0142;-43.6675;0622;38;America/Sao_Paulo
3128303;Guaranésia;31;MG;Minas Gerais;Sudeste;0;-21.3009;-46.7964;4565;35;America/Sao_Paulo
3128402;Guarani;31;MG;Minas Gerais;Sudeste;0;-21.3563;-43.0328;4567;32;America/Sao_Paulo
3128501;Guarará;31;MG;Minas Gerais;Sudeste;0;-21.7304;-43.0334;4569;32;America/Sao_Paulo
3128600;Guarda-Mor;31;MG;Minas Gerais;Sudeste;0;-17.7673;-47.0998;4571;38;America/Sao_Paulo
3128709;Guaxupé;31;MG;Minas Gerais;Sudeste;0;-21.305;-46.7081;4573;35;America/Sao_Paulo
3128808;Guidoval;31;MG;Minas Gerais;Sudeste;0;-21.155;-42.7887;4575;32;America/Sao_Paulo
3128907;Guimarânia;31;MG;Minas Gerais;Sudeste;0;-18.8425;-46.7901;4577;34;America/Sao_Paulo
3129004;Guiricema;31;MG;Minas Gerais;Sudeste;0;-21.0098;-42.7207;4579;32;America/Sao_Paulo
3129103;Gurinhatã;31;MG;Minas Gerais;Sudeste;0;-19.2143;-49.7876;4581;34;America/Sao_Paulo
3129202;Heliodora;31;MG;Minas Gerais;Sudeste;0;-22.0644;-45.5453;4583;35;America/Sao_Paulo
3129301;Iapu;31;MG;Minas Gerais;Sudeste;0;-19.4387;-42.2147;4585;33;America/Sao_Paulo
3129400;Ibertioga;31;MG;Minas Gerais;Sudeste;0;-21.433;-43.9639;4587;32;America/Sao_Paulo
3129509;Ibiá;31;MG;Minas Gerais;Sudeste;0;-19.4749;-46.5474;4589;34;America/Sao_Paulo
3129608;Ibiaí;31;MG;Minas Gerais;Sudeste;0;-16.8591;-44.9046;4591;38;America/Sao_Paulo
3129657;Ibiracatu;31;MG;Minas Gerais;Sudeste;0;-15.6605;-44.1667;0624;38;America/Sao_Paulo
3129707;Ibiraci;31;MG;Minas Gerais;Sudeste;0;-20.4611;-47.1222;4593;35;America/Sao_Paulo
3129806;Ibirité;31;MG;Minas Gerais;Sudeste;0;-20.0252;-44.0569;4595;31;America/Sao_Paulo
3129905;Ibitiúra de Minas;31;MG;Minas Gerais;Sudeste;0;-22.0604;-46.4368;4597;35;America/Sao_Paulo
3130002;Ibituruna;31;MG;Minas Gerais;Sudeste;0;-21.1541;-44.7479;4599;35;America/Sao_Paulo
3130051;Icaraí de Minas;31;MG;Minas Gerais;Sudeste;0;-16.214;-44.9034;2693;38;America/Sao_Paulo
3130101;Igarapé;31;MG;Minas Gerais;Sudeste;0;-20.0707;-44.2994;4601;31;America/Sao_Paulo
3130200;Igaratinga;31;MG;Minas Gerais;Sudeste;0;-19.9476;-44.7063;4603;37;America/Sao_Paulo
3130309;Iguatama;31;MG;Minas Gerais;Sudeste;0;-20.1776;-45.7111;4605;37;America/Sao_Paulo
3130408;Ijaci;31;MG;Minas Gerais;Sudeste;0;-21.1738;-44.9233;4607;35;America/Sao_Paulo
3130507;Ilicínea;31;MG;Minas Gerais;Sudeste;0;-20.9402;-45.8308;4609;35;America/Sao_Paulo
3130556;Imbé de Minas;31;MG;Minas Gerais;Sudeste;0;-19.6017;-41.9695;0626;33;America/Sao_Paulo
3130606;Inconfidentes;31;MG;Minas Gerais;Sudeste;0;-22.3136;-46.3264;4611;35;America/Sao_Paulo
3130655;Indaiabira;31;MG;Minas Gerais;Sudeste;0;-15.4911;-42.2005;0628;38;America/Sao_Paulo
3130705;Indianópolis;31;MG;Minas Gerais;Sudeste;0;-19.0341;-47.9155;4613;34;America/Sao_Paulo
3130804;Ingaí;31;MG;Minas Gerais;Sudeste;0;-21.4024;-44.9152;4615;35;America/Sao_Paulo
3130903;Inhapim;31;MG;Minas Gerais;Sudeste;0;-19.5476;-42.1147;4617;33;America/Sao_Paulo
3131000;Inhaúma;31;MG;Minas Gerais;Sudeste;0;-19.4898;-44.3934;4619;31;America/Sao_Paulo
3131109;Inimutaba;31;MG;Minas Gerais;Sudeste;0;-18.7271;-44.3584;4621;38;America/Sao_Paulo
3131158;Ipaba;31;MG;Minas Gerais;Sudeste;0;-19.4158;-42.4139;2665;31;America/Sao_Paulo
3131208;Ipanema;31;MG;Minas Gerais;Sudeste;0;-19.7992;-41.7164;4623;33;America/Sao_Paulo
3131307;Ipatinga;31;MG;Minas Gerais;Sudeste;0;-19.4703;-42.5476;4625;31;America/Sao_Paulo
3131406;Ipiaçu;31;MG;Minas Gerais;Sudeste;0;-18.6927;-49.9436;4627;34;America/Sao_Paulo
3131505;Ipuiúna;31;MG;Minas Gerais;Sudeste;0;-22.1013;-46.1915;4629;35;America/Sao_Paulo
3131604;Iraí de Minas;31;MG;Minas Gerais;Sudeste;0;-18.9819;-47.461;4631;34;America/Sao_Paulo
3131703;Itabira;31;MG;Minas Gerais;Sudeste;0;-19.6239;-43.2312;4633;31;America/Sao_Paulo
3131802;Itabirinha;31;MG;Minas Gerais;Sudeste;0;-18.5712;-41.234;4635;33;America/Sao_Paulo
3131901;Itabirito;31;MG;Minas Gerais;Sudeste;0;-20.2501;-43.8038;4637;31;America/Sao_Paulo
3132008;Itacambira;31;MG;Minas Gerais;Sudeste;0;-17.0625;-43.3069;4639;38;America/Sao_Paulo
3132107;Itacarambi;31;MG;Minas Gerais;Sudeste;0;-15.089;-44.095;4641;38;America/Sao_Paulo
3132206;Itaguara;31;MG;Minas Gerais;Sudeste;0;-20.3947;-44.4875;4643;31;America/Sao_Paulo
3132305;Itaipé;31;MG;Minas Gerais;Sudeste;0;-17.4014;-41.6697;4645;33;America/Sao_Paulo
3132404;Itajubá;31;MG;Minas Gerais;Sudeste;0;-22.4225;-45.4598;4647;35;America/Sao_Paulo
3132503;Itamarandiba;31;MG;Minas Gerais;Sudeste;0;-17.8552;-42.8561;4649;38;America/Sao_Paulo
3132602;Itamarati de Minas;31;MG;Minas Gerais;Sudeste;0;-21.4179;-42.813;4651;32;America/Sao_Paulo
3132701;Itambacuri;31;MG;Minas Gerais;Sudeste;0;-18.035;-41.683;4653;33;America/Sao_Paulo
3132800;Itambé do Mato Dentro;31;MG;Minas Gerais;Sudeste;0;-19.4158;-43.3182;4655;31;America/Sao_Paulo
3132909;Itamogi;31;MG;Minas Gerais;Sudeste;0;-21.0758;-47.046;4657;35;America/Sao_Paulo
3133006;Itamonte;31;MG;Minas Gerais;Sudeste;0;-22.2859;-44.868;4659;35;America/Sao_Paulo
3133105;Itanhandu;31;MG;Minas Gerais;Sudeste;0;-22.2942;-44.9382;4661;35;America/Sao_Paulo
3133204;Itanhomi;31;MG;Minas Gerais;Sudeste;0;-19.1736;-41.863;4663;33;America/Sao_Paulo
3133303;Itaobim;31;MG;Minas Gerais;Sudeste;0;-16.5571;-41.5017;4665;33;America/Sao_Paulo
3133402;Itapagipe;31;MG;Minas Gerais;Sudeste;0;-19.9062;-49.3781;4667;34;America/Sao_Paulo
3133501;Itapecerica;31;MG;Minas Gerais;Sudeste;0;-20.4704;-45.127;4669;37;America/Sao_Paulo
3133600;Itapeva;31;MG;Minas Gerais;Sudeste;0;-22.7665;-46.2241;4671;35;America/Sao_Paulo
3133709;Itatiaiuçu;31;MG;Minas Gerais;Sudeste;0;-20.1983;-44.4211;4673;31;America/Sao_Paulo
3133758;Itaú de Minas;31;MG;Minas Gerais;Sudeste;0;-20.7375;-46.7525;5731;35;America/Sao_Paulo
3133808;Itaúna;31;MG;Minas Gerais;Sudeste;0;-20.0818;-44.5801;4675;37;America/Sao_Paulo
3133907;Itaverava;31;MG;Minas Gerais;Sudeste;0;-20.6769;-43.6141;4677;31;America/Sao_Paulo
3134004;Itinga;31;MG;Minas Gerais;Sudeste;0;-16.61;-41.7672;4679;33;America/Sao_Paulo
3134103;Itueta;31;MG;Minas Gerais;Sudeste;0;-19.3999;-41.1746;4681;33;America/Sao_Paulo
3134202;Ituiutaba;31;MG;Minas Gerais;Sudeste;0;-18.9772;-49.4639;4683;34;America/Sao_Paulo
3134301;Itumirim;31;MG;Minas Gerais;Sudeste;0;-21.3171;-44.8724;4685;35;America/Sao_Paulo
3134400;Iturama;31;MG;Minas Gerais;Sudeste;0;-19.7276;-50.1966;4687;34;America/Sao_Paulo
3134509;Itutinga;31;MG;Minas Gerais;Sudeste;0;-21.3;-44.6567;4689;35;America/Sao_Paulo
3134608;Jaboticatubas;31;MG;Minas Gerais;Sudeste;0;-19.5119;-43.7373;4691;31;America/Sao_Paulo
3134707;Jacinto;31;MG;Minas Gerais;Sudeste;0;-16.1428;-40.295;4693;33;America/Sao_Paulo
3134806;Jacuí;31;MG;Minas Gerais;Sudeste;0;-21.0137;-46.7359;4695;35;America/Sao_Paulo
3134905;Jacutinga;31;MG;Minas Gerais;Sudeste;0;-22.286;-46.6166;4697;35;America/Sao_Paulo
3135001;Jaguaraçu;31;MG;Minas Gerais;Sudeste;0;-19.647;-42.7498;4699;31;America/Sao_Paulo
3135050;Jaíba;31;MG;Minas Gerais;Sudeste;0;-15.3432;-43.6688;2893;38;America/Sao_Paulo
3135076;Jampruca;31;MG;Minas Gerais;Sudeste;0;-18.461;-41.809;2655;33;America/Sao_Paulo
3135100;Janaúba;31;MG;Minas Gerais;Sudeste;0;-15.8022;-43.3132;4701;38;America/Sao_Paulo
3135209;Januária;31;MG;Minas Gerais;Sudeste;0;-15.4802;-44.3639;4703;38;America/Sao_Paulo
3135308;Japaraíba;31;MG;Minas Gerais;Sudeste;0;-20.1442;-45.5015;4705;37;America/Sao_Paulo
3135357;Japonvar;31;MG;Minas Gerais;Sudeste;0;-15.9891;-44.2758;0630;38;America/Sao_Paulo
3135407;Jeceaba;31;MG;Minas Gerais;Sudeste;0;-20.5339;-43.9894;4707;31;America/Sao_Paulo
3135456;Jenipapo de Minas;31;MG;Minas Gerais;Sudeste;0;-17.0831;-42.2589;0632;33;America/Sao_Paulo
3135506;Jequeri;31;MG;Minas Gerais;Sudeste;0;-20.4542;-42.6651;4709;31;America/Sao_Paulo
3135605;Jequitaí;31;MG;Minas Gerais;Sudeste;0;-17.229;-44.4376;4711;38;America/Sao_Paulo
3135704;Jequitibá;31;MG;Minas Gerais;Sudeste;0;-19.2345;-44.0304;4713;31;America/Sao_Paulo
3135803;Jequitinhonha;31;MG;Minas Gerais;Sudeste;0;-16.4375;-41.0117;4715;33;America/Sao_Paulo
3135902;Jesuânia;31;MG;Minas Gerais;Sudeste;0;-21.9887;-45.2911;4717;35;America/Sao_Paulo
3136009;Joaíma;31;MG;Minas Gerais;Sudeste;0;-16.6522;-41.0229;4719;33;America/Sao_Paulo
3136108;Joanésia;31;MG;Minas Gerais;Sudeste;0;-19.1729;-42.6775;4721;33;America/Sao_Paulo
3136207;João Monlevade;31;MG;Minas Gerais;Sudeste;0;-19.8126;-43.1735;4723;31;America/Sao_Paulo
3136306;João Pinheiro;31;MG;Minas Gerais;Sudeste;0;-17.7398;-46.1715;4725;38;America/Sao_Paulo
3136405;Joaquim Felício;31;MG;Minas Gerais;Sudeste;0;-17.758;-44.1643;4727;38;America/Sao_Paulo
3136504;Jordânia;31;MG;Minas Gerais;Sudeste;0;-15.9009;-40.1841;4729;33;America/Sao_Paulo
3136520;José Gonçalves de Minas;31;MG;Minas Gerais;Sudeste;0;-16.9053;-42.6014;0634;33;America/Sao_Paulo
3136553;José Raydan;31;MG;Minas Gerais;Sudeste;0;-18.2195;-42.4946;0636;33;America/Sao_Paulo
3136579;Josenópolis;31;MG;Minas Gerais;Sudeste;0;-16.5417;-42.5151;0638;38;America/Sao_Paulo
3136603;Nova União;31;MG;Minas Gerais;Sudeste;0;-19.6876;-43.583;4731;31;America/Sao_Paulo
3136652;Juatuba;31;MG;Minas Gerais;Sudeste;0;-19.9448;-44.3451;2691;31;America/Sao_Paulo
3136702;Juiz de Fora;31;MG;Minas Gerais;Sudeste;0;-21.7595;-43.3398;4733;32;America/Sao_Paulo
3136801;Juramento;31;MG;Minas Gerais;Sudeste;0;-16.8473;-43.5865;4735;38;America/Sao_Paulo
3136900;Juruaia;31;MG;Minas Gerais;Sudeste;0;-21.2493;-46.5735;4737;35;America/Sao_Paulo
3136959;Juvenília;31;MG;Minas Gerais;Sudeste;0;-14.2662;-44.1597;0640;38;America/Sao_Paulo
3137007;Ladainha;31;MG;Minas Gerais;Sudeste;0;-17.6279;-41.7488;4739;33;America/Sao_Paulo
3137106;Lagamar;31;MG;Minas Gerais;Sudeste;0;-18.1759;-46.8063;4741;34;America/Sao_Paulo
3137205;Lagoa da Prata;31;MG;Minas Gerais;Sudeste;0;-20.0237;-45.5401;4743;37;America/Sao_Paulo
3137304;Lagoa dos Patos;31;MG;Minas Gerais;Sudeste;0;-16.978;-44.5754;4745;38;America/Sao_Paulo
3137403;Lagoa Dourada;31;MG;Minas Gerais;Sudeste;0;-20.9139;-44.0797;4747;32;America/Sao_Paulo
3137502;Lagoa Formosa;31;MG;Minas Gerais;Sudeste;0;-18.7715;-46.4012;4749;34;America/Sao_Paulo
3137536;Lagoa Grande;31;MG;Minas Gerais;Sudeste;0;-17.8323;-46.5165;2905;34;America/Sao_Paulo
3137601;Lagoa Santa;31;MG;Minas Gerais;Sudeste;0;-19.6397;-43.8932;4751;31;America/Sao_Paulo
3137700;Lajinha;31;MG;Minas Gerais;Sudeste;0;-20.1539;-41.6228;4753;33;America/Sao_Paulo
3137809;Lambari;31;MG;Minas Gerais;Sudeste;0;-21.9671;-45.3498;4755;35;America/Sao_Paulo
3137908;Lamim;31;MG;Minas Gerais;Sudeste;0;-20.79;-43.4706;4757;31;America/Sao_Paulo
3138005;Laranjal;31;MG;Minas Gerais;Sudeste;0;-21.3715;-42.4732;4759;32;America/Sao_Paulo
3138104;Lassance;31;MG;Minas Gerais;Sudeste;0;-17.887;-44.5735;4761;38;America/Sao_Paulo
3138203;Lavras;31;MG;Minas Gerais;Sudeste;0;-21.248;-45.0009;4763;35;America/Sao_Paulo
3138302;Leandro Ferreira;31;MG;Minas Gerais;Sudeste;0;-19.7193;-45.0279;4765;37;America/Sao_Paulo
3138351;Leme do Prado;31;MG;Minas Gerais;Sudeste;0;-17.0793;-42.6936;0642;33;America/Sao_Paulo
3138401;Leopoldina;31;MG;Minas Gerais;Sudeste;0;-21.5296;-42.6421;4767;32;America/Sao_Paulo
3138500;Liberdade;31;MG;Minas Gerais;Sudeste;0;-22.0275;-44.3208;4769;32;America/Sao_Paulo
3138609;Lima Duarte;31;MG;Minas Gerais;Sudeste;0;-21.8386;-43.7934;4771;32;America/Sao_Paulo
3138625;Limeira do Oeste;31;MG;Minas Gerais;Sudeste;0;-19.5512;-50.5815;2687;34;America/Sao_Paulo
3138658;Lontra;31;MG;Minas Gerais;Sudeste;0;-15.9013;-44.306;2695;38;America/Sao_Paulo
3138674;Luisburgo;31;MG;Minas Gerais;Sudeste;0;-20.4468;-42.0976;0644;33;America/Sao_Paulo
3138682;Luislândia;31;MG;Minas Gerais;Sudeste;0;-16.1095;-44.5886;0646;38;America/Sao_Paulo
3138708;Luminárias;31;MG;Minas Gerais;Sudeste;0;-21.5145;-44.9034;4773;35;America/Sao_Paulo
3138807;Luz;31;MG;Minas Gerais;Sudeste;0;-19.7911;-45.6794;4775;37;America/Sao_Paulo
3138906;Machacalis;31;MG;Minas Gerais;Sudeste;0;-17.0723;-40.7245;4777;33;America/Sao_Paulo
3139003;Machado;31;MG;Minas Gerais;Sudeste;0;-21.6778;-45.9219;4779;35;America/Sao_Paulo
3139102;Madre de Deus de Minas;31;MG;Minas Gerais;Sudeste;0;-21.483;-44.3287;4781;32;America/Sao_Paulo
3139201;Malacacheta;31;MG;Minas Gerais;Sudeste;0;-17.8456;-42.0769;4783;33;America/Sao_Paulo
3139250;Mamonas;31;MG;Minas Gerais;Sudeste;0;-15.0479;-42.9469;2895;38;America/Sao_Paulo
3139300;Manga;31;MG;Minas Gerais;Sudeste;0;-14.7529;-43.9391;4785;38;America/Sao_Paulo
3139409;Manhuaçu;31;MG;Minas Gerais;Sudeste;0;-20.2572;-42.028;4787;33;America/Sao_Paulo
3139508;Manhumirim;31;MG;Minas Gerais;Sudeste;0;-20.3591;-41.9589;4789;33;America/Sao_Paulo
3139607;Mantena;31;MG;Minas Gerais;Sudeste;0;-18.7761;-40.9874;4791;33;America/Sao_Paulo
3139706;Maravilhas;31;MG;Minas Gerais;Sudeste;0;-19.5076;-44.6779;4793;37;America/Sao_Paulo
3139805;Mar de Espanha;31;MG;Minas Gerais;Sudeste;0;-21.8707;-43.0062;4795;32;America/Sao_Paulo
3139904;Maria da Fé;31;MG;Minas Gerais;Sudeste;0;-22.3044;-45.3773;4797;35;America/Sao_Paulo
3140001;Mariana;31;MG;Minas Gerais;Sudeste;0;-20.3765;-43.414;4799;31;America/Sao_Paulo
3140100;Marilac;31;MG;Minas Gerais;Sudeste;0;-18.5079;-42.0822;4801;33;America/Sao_Paulo
3140159;Mário Campos;31;MG;Minas Gerais;Sudeste;0;-20.0582;-44.1883;0648;31;America/Sao_Paulo
3140209;Maripá de Minas;31;MG;Minas Gerais;Sudeste;0;-21.6979;-42.9546;4803;32;America/Sao_Paulo
3140308;Marliéria;31;MG;Minas Gerais;Sudeste;0;-19.7096;-42.7327;4805;31;America/Sao_Paulo
3140407;Marmelópolis;31;MG;Minas Gerais;Sudeste;0;-22.447;-45.1645;4807;35;America/Sao_Paulo
3140506;Martinho Campos;31;MG;Minas Gerais;Sudeste;0;-19.3306;-45.2434;4809;37;America/Sao_Paulo
3140530;Martins Soares;31;MG;Minas Gerais;Sudeste;0;-20.2546;-41.8786;0650;33;America/Sao_Paulo
3140555;Mata Verde;31;MG;Minas Gerais;Sudeste;0;-15.6869;-40.7366;2659;33;America/Sao_Paulo
3140605;Materlândia;31;MG;Minas Gerais;Sudeste;0;-18.4699;-43.0579;4811;33;America/Sao_Paulo
3140704;Mateus Leme;31;MG;Minas Gerais;Sudeste;0;-19.9794;-44.4318;4813;31;America/Sao_Paulo
3140803;Matias Barbosa;31;MG;Minas Gerais;Sudeste;0;-21.869;-43.3135;4815;32;America/Sao_Paulo
3140852;Matias Cardoso;31;MG;Minas Gerais;Sudeste;0;-14.8563;-43.9146;2897;38;America/Sao_Paulo
3140902;Matipó;31;MG;Minas Gerais;Sudeste;0;-20.2873;-42.3401;4817;31;America/Sao_Paulo
3141009;Mato Verde;31;MG;Minas Gerais;Sudeste;0;-15.3944;-42.86;4819;38;America/Sao_Paulo
3141108;Matozinhos;31;MG;Minas Gerais;Sudeste;0;-19.5543;-44.0868;4821;31;America/Sao_Paulo
3141207;Matutina;31;MG;Minas Gerais;Sudeste;0;-19.2179;-45.9664;4823;34;America/Sao_Paulo
3141306;Medeiros;31;MG;Minas Gerais;Sudeste;0;-19.9865;-46.2181;4825;37;America/Sao_Paulo
3141405;Medina;31;MG;Minas Gerais;Sudeste;0;-16.2245;-41.4728;4827;33;America/Sao_Paulo
3141504;Mendes Pimentel;31;MG;Minas Gerais;Sudeste;0;-18.6631;-41.4052;4829;33;America/Sao_Paulo
3141603;Mercês;31;MG;Minas Gerais;Sudeste;0;-21.1976;-43.3337;4831;32;America/Sao_Paulo
3141702;Mesquita;31;MG;Minas Gerais;Sudeste;0;-19.224;-42.6079;4833;33;America/Sao_Paulo
3141801;Minas Novas;31;MG;Minas Gerais;Sudeste;0;-17.2156;-42.5884;4835;33;America/Sao_Paulo
3141900;Minduri;31;MG;Minas Gerais;Sudeste;0;-21.6797;-44.6051;4837;35;America/Sao_Paulo
3142007;Mirabela;31;MG;Minas Gerais;Sudeste;0;-16.256;-44.1602;4839;38;America/Sao_Paulo
3142106;Miradouro;31;MG;Minas Gerais;Sudeste;0;-20.8899;-42.3458;4841;32;America/Sao_Paulo
3142205;Miraí;31;MG;Minas Gerais;Sudeste;0;-21.2021;-42.6122;4843;32;America/Sao_Paulo
3142254;Miravânia;31;MG;Minas Gerais;Sudeste;0;-14.7348;-44.4092;0652;38;America/Sao_Paulo
3142304;Moeda;31;MG;Minas Gerais;Sudeste;0;-20.3399;-44.0509;4845;31;America/Sao_Paulo
3142403;Moema;31;MG;Minas Gerais;Sudeste;0;-19.8387;-45.4127;4847;37;America/Sao_Paulo
3142502;Monjolos;31;MG;Minas Gerais;Sudeste;0;-18.3245;-44.118;4849;38;America/Sao_Paulo
3142601;Monsenhor Paulo;31;MG;Minas Gerais;Sudeste;0;-21.7579;-45.5391;4851;35;America/Sao_Paulo
3142700;Montalvânia;31;MG;Minas Gerais;Sudeste;0;-14.4197;-44.3719;4853;38;America/Sao_Paulo
3142809;Monte Alegre de Minas;31;MG;Minas Gerais;Sudeste;0;-18.869;-48.881;4855;34;America/Sao_Paulo
3142908;Monte Azul;31;MG;Minas Gerais;Sudeste;0;-15.1514;-42.8718;4857;38;America/Sao_Paulo
3143005;Monte Belo;31;MG;Minas Gerais;Sudeste;0;-21.3271;-46.3635;4859;35;America/Sao_Paulo
3143104;Monte Carmelo;31;MG;Minas Gerais;Sudeste;0;-18.7302;-47.4912;4861;34;America/Sao_Paulo
3143153;Monte Formoso;31;MG;Minas Gerais;Sudeste;0;-16.8691;-41.2473;0654;33;America/Sao_Paulo
3143203;Monte Santo de Minas;31;MG;Minas Gerais;Sudeste;0;-21.1873;-46.9753;4863;35;America/Sao_Paulo
3143302;Montes Claros;31;MG;Minas Gerais;Sudeste;0;-16.7282;-43.8578;4865;38;America/Sao_Paulo
3143401;Monte Sião;31;MG;Minas Gerais;Sudeste;0;-22.4335;-46.573;4867;35;America/Sao_Paulo
3143450;Montezuma;31;MG;Minas Gerais;Sudeste;0;-15.1702;-42.4941;2697;38;America/Sao_Paulo
3143500;Morada Nova de Minas;31;MG;Minas Gerais;Sudeste;0;-18.5998;-45.3584;4869;37;America/Sao_Paulo
3143609;Morro da Garça;31;MG;Minas Gerais;Sudeste;0;-18.5356;-44.601;4871;38;America/Sao_Paulo
3143708;Morro do Pilar;31;MG;Minas Gerais;Sudeste;0;-19.2236;-43.3795;4873;31;America/Sao_Paulo
3143807;Munhoz;31;MG;Minas Gerais;Sudeste;0;-22.6092;-46.362;4875;35;America/Sao_Paulo
3143906;Muriaé;31;MG;Minas Gerais;Sudeste;0;-21.13;-42.3693;4877;32;America/Sao_Paulo
3144003;Mutum;31;MG;Minas Gerais;Sudeste;0;-19.8121;-41.4407;4879;33;America/Sao_Paulo
3144102;Muzambinho;31;MG;Minas Gerais;Sudeste;0;-21.3692;-46.5213;4881;35;America/Sao_Paulo
3144201;Nacip Raydan;31;MG;Minas Gerais;Sudeste;0;-18.4544;-42.2481;4883;33;America/Sao_Paulo
3144300;Nanuque;31;MG;Minas Gerais;Sudeste;0;-17.8481;-40.3533;4885;33;America/Sao_Paulo
3144359;Naque;31;MG;Minas Gerais;Sudeste;0;-19.2291;-42.3312;0656;33;America/Sao_Paulo
3144375;Natalândia;31;MG;Minas Gerais;Sudeste;0;-16.5021;-46.4874;0658;38;America/Sao_Paulo
3144409;Natércia;31;MG;Minas Gerais;Sudeste;0;-22.1158;-45.5123;4887;35;America/Sao_Paulo
3144508;Nazareno;31;MG;Minas Gerais;Sudeste;0;-21.2168;-44.6138;4889;35;America/Sao_Paulo
3144607;Nepomuceno;31;MG;Minas Gerais;Sudeste;0;-21.2324;-45.235;4891;35;America/Sao_Paulo
3144656;Ninheira;31;MG;Minas Gerais;Sudeste;0;-15.3148;-41.7564;0660;38;America/Sao_Paulo
3144672;Nova Belém;31;MG;Minas Gerais;Sudeste;0;-18.4925;-41.1107;0662;33;America/Sao_Paulo
3144706;Nova Era;31;MG;Minas Gerais;Sudeste;0;-19.7577;-43.0333;4893;31;America/Sao_Paulo
3144805;Nova Lima;31;MG;Minas Gerais;Sudeste;0;-19.9758;-43.8509;4895;31;America/Sao_Paulo
3144904;Nova Módica;31;MG;Minas Gerais;Sudeste;0;-18.4417;-41.4984;4897;33;America/Sao_Paulo
3145000;Nova Ponte;31;MG;Minas Gerais;Sudeste;0;-19.1461;-47.6779;4899;34;America/Sao_Paulo
3145059;Nova Porteirinha;31;MG;Minas Gerais;Sudeste;0;-15.7993;-43.2941;0664;38;America/Sao_Paulo
3145109;Nova Resende;31;MG;Minas Gerais;Sudeste;0;-21.1286;-46.4157;4901;35;America/Sao_Paulo
3145208;Nova Serrana;31;MG;Minas Gerais;Sudeste;0;-19.8713;-44.9847;4903;37;America/Sao_Paulo
3145307;Novo Cruzeiro;31;MG;Minas Gerais;Sudeste;0;-17.4654;-41.8826;4905;33;America/Sao_Paulo
3145356;Novo Oriente de Minas;31;MG;Minas Gerais;Sudeste;0;-17.4089;-41.2194;0666;33;America/Sao_Paulo
3145372;Novorizonte;31;MG;Minas Gerais;Sudeste;0;-16.0162;-42.4044;0668;38;America/Sao_Paulo
3145406;Olaria;31;MG;Minas Gerais;Sudeste;0;-21.8598;-43.9356;4907;32;America/Sao_Paulo
3145455;Olhos d'Água;31;MG;Minas Gerais;Sudeste;0;-17.3982;-43.5719;0670;38;America/Sao_Paulo
3145505;Olímpio Noronha;31;MG;Minas Gerais;Sudeste;0;-22.0685;-45.2657;4909;35;America/Sao_Paulo
3145604;Oliveira;31;MG;Minas Gerais;Sudeste;0;-20.6982;-44.829;4911;37;America/Sao_Paulo
3145703;Oliveira Fortes;31;MG;Minas Gerais;Sudeste;0;-21.3401;-43.4499;4913;32;America/Sao_Paulo
3145802;Onça de Pitangui;31;MG;Minas Gerais;Sudeste;0;-19.7276;-44.8058;4915;37;America/Sao_Paulo
3145851;Oratórios;31;MG;Minas Gerais;Sudeste;0;-20.4298;-42.7977;0672;31;America/Sao_Paulo
3145877;Orizânia;31;MG;Minas Gerais;Sudeste;0;-20.5142;-42.1991;0674;32;America/Sao_Paulo
3145901;Ouro Branco;31;MG;Minas Gerais;Sudeste;0;-20.5263;-43.6962;4917;31;America/Sao_Paulo
3146008;Ouro Fino;31;MG;Minas Gerais;Sudeste;0;-22.2779;-46.3716;4919;35;America/Sao_Paulo
3146107;Ouro Preto;31;MG;Minas Gerais;Sudeste;0;-20.3796;-43.512;4921;31;America/Sao_Paulo
3146206;Ouro Verde de Minas;31;MG;Minas Gerais;Sudeste;0;-18.0719;-41.2734;4923;33;America/Sao_Paulo
3146255;Padre Carvalho;31;MG;Minas Gerais;Sudeste;0;-16.3646;-42.5088;0676;38;America/Sao_Paulo
3146305;Padre Paraíso;31;MG;Minas Gerais;Sudeste;0;-17.0758;-41.4821;4925;33;America/Sao_Paulo
3146404;Paineiras;31;MG;Minas Gerais;Sudeste;0;-18.8993;-45.5321;4927;37;America/Sao_Paulo
3146503;Pains;31;MG;Minas Gerais;Sudeste;0;-20.3705;-45.6627;4929;37;America/Sao_Paulo
3146552;Pai Pedro;31;MG;Minas Gerais;Sudeste;0;-15.5271;-43.07;0678;38;America/Sao_Paulo
3146602;Paiva;31;MG;Minas Gerais;Sudeste;0;-21.2913;-43.4088;4931;32;America/Sao_Paulo
3146701;Palma;31;MG;Minas Gerais;Sudeste;0;-21.3748;-42.3123;4933;32;America/Sao_Paulo
3146750;Palmópolis;31;MG;Minas Gerais;Sudeste;0;-16.7364;-40.4296;2661;33;America/Sao_Paulo
3146909;Papagaios;31;MG;Minas Gerais;Sudeste;0;-19.4419;-44.7468;4937;37;America/Sao_Paulo
3147006;Paracatu;31;MG;Minas Gerais;Sudeste;0;-17.2252;-46.8711;4939;38;America/Sao_Paulo
3147105;Pará de Minas;31;MG;Minas Gerais;Sudeste;0;-19.8534;-44.6114;4941;37;America/Sao_Paulo
3147204;Paraguaçu;31;MG;Minas Gerais;Sudeste;0;-21.5465;-45.7374;4943;35;America/Sao_Paulo
3147303;Paraisópolis;31;MG;Minas Gerais;Sudeste;0;-22.5539;-45.7803;4945;35;America/Sao_Paulo
3147402;Paraopeba;31;MG;Minas Gerais;Sudeste;0;-19.2732;-44.4044;4947;31;America/Sao_Paulo
3147501;Passabém;31;MG;Minas Gerais;Sudeste;0;-19.3509;-43.1383;4949;31;America/Sao_Paulo
3147600;Passa Quatro;31;MG;Minas Gerais;Sudeste;0;-22.3871;-44.9709;4951;35;America/Sao_Paulo
3147709;Passa Tempo;31;MG;Minas Gerais;Sudeste;0;-20.6539;-44.4926;4953;37;America/Sao_Paulo
3147808;Passa-Vinte;31;MG;Minas Gerais;Sudeste;0;-22.2097;-44.2344;4955;32;America/Sao_Paulo
3147907;Passos;31;MG;Minas Gerais;Sudeste;0;-20.7193;-46.609;4957;35;America/Sao_Paulo
3147956;Patis;31;MG;Minas Gerais;Sudeste;0;-16.0773;-44.0787;0680;38;America/Sao_Paulo
3148004;Patos de Minas;31;MG;Minas Gerais;Sudeste;0;-18.5699;-46.5013;4959;34;America/Sao_Paulo
3148103;Patrocínio;31;MG;Minas Gerais;Sudeste;0;-18.9379;-46.9934;4961;34;America/Sao_Paulo
3148202;Patrocínio do Muriaé;31;MG;Minas Gerais;Sudeste;0;-21.1544;-42.2125;4963;32;America/Sao_Paulo
3148301;Paula Cândido;31;MG;Minas Gerais;Sudeste;0;-20.8754;-42.9752;4965;32;America/Sao_Paulo
3148400;Paulistas;31;MG;Minas Gerais;Sudeste;0;-18.4276;-42.8628;4967;33;America/Sao_Paulo
3148509;Pavão;31;MG;Minas Gerais;Sudeste;0;-17.4267;-41.0035;4969;33;America/Sao_Paulo
3148608;Peçanha;31;MG;Minas Gerais;Sudeste;0;-18.5441;-42.5583;4971;33;America/Sao_Paulo
3148707;Pedra Azul;31;MG;Minas Gerais;Sudeste;0;-16.0086;-41.2909;4973;33;America/Sao_Paulo
3148756;Pedra Bonita;31;MG;Minas Gerais;Sudeste;0;-20.5219;-42.3304;0682;31;America/Sao_Paulo
3148806;Pedra do Anta;31;MG;Minas Gerais;Sudeste;0;-20.5968;-42.7123;4975;31;America/Sao_Paulo
3148905;Pedra do Indaiá;31;MG;Minas Gerais;Sudeste;0;-20.2563;-45.2107;4977;37;America/Sao_Paulo
3149002;Pedra Dourada;31;MG;Minas Gerais;Sudeste;0;-20.8266;-42.1515;4979;32;America/Sao_Paulo
3149101;Pedralva;31;MG;Minas Gerais;Sudeste;0;-22.2386;-45.4654;4981;35;America/Sao_Paulo
3149150;Pedras de Maria da Cruz;31;MG;Minas Gerais;Sudeste;0;-15.6032;-44.391;2899;38;America/Sao_Paulo
3149200;Pedrinópolis;31;MG;Minas Gerais;Sudeste;0;-19.2241;-47.4579;4983;34;America/Sao_Paulo
3149309;Pedro Leopoldo;31;MG;Minas Gerais;Sudeste;0;-19.6308;-44.0383;4985;31;America/Sao_Paulo
3149408;Pedro Teixeira;31;MG;Minas Gerais;Sudeste;0;-21.7076;-43.743;4987;32;America/Sao_Paulo
3149507;Pequeri;31;MG;Minas Gerais;Sudeste;0;-21.8341;-43.1145;4989;32;America/Sao_Paulo
3149606;Pequi;31;MG;Minas Gerais;Sudeste;0;-19.6284;-44.6604;4991;37;America/Sao_Paulo
3149705;Perdigão;31;MG;Minas Gerais;Sudeste;0;-19.9411;-45.078;4993;37;America/Sao_Paulo
3149804;Perdizes;31;MG;Minas Gerais;Sudeste;0;-19.3434;-47.2963;4995;34;America/Sao_Paulo
3149903;Perdões;31;MG;Minas Gerais;Sudeste;0;-21.0932;-45.0896;4997;35;America/Sao_Paulo
3149952;Periquito;31;MG;Minas Gerais;Sudeste;0;-19.1573;-42.2333;0684;33;America/Sao_Paulo
3150000;Pescador;31;MG;Minas Gerais;Sudeste;0;-18.357;-41.6006;4999;33;America/Sao_Paulo
3150109;Piau;31;MG;Minas Gerais;Sudeste;0;-21.5096;-43.313;5001;32;America/Sao_Paulo
3150158;Piedade de Caratinga;31;MG;Minas Gerais;Sudeste;0;-19.7593;-42.0756;0686;33;America/Sao_Paulo
3150208;Piedade de Ponte Nova;31;MG;Minas Gerais;Sudeste;0;-20.2438;-42.7379;5003;31;America/Sao_Paulo
3150307;Piedade do Rio Grande;31;MG;Minas Gerais;Sudeste;0;-21.469;-44.1938;5005;32;America/Sao_Paulo
3150406;Piedade dos Gerais;31;MG;Minas Gerais;Sudeste;0;-20.4715;-44.2243;5007;31;America/Sao_Paulo
3150505;Pimenta;31;MG;Minas Gerais;Sudeste;0;-20.4827;-45.8049;5009;37;America/Sao_Paulo
3150539;Pingo-d'Água;31;MG;Minas Gerais;Sudeste;0;-19.7287;-42.4095;0688;33;America/Sao_Paulo
3150570;Pintópolis;31;MG;Minas Gerais;Sudeste;0;-16.0572;-45.1402;0690;38;America/Sao_Paulo
3150604;Piracema;31;MG;Minas Gerais;Sudeste;0;-20.5089;-44.4783;5011;37;America/Sao_Paulo
3150703;Pirajuba;31;MG;Minas Gerais;Sudeste;0;-19.9092;-48.7027;5013;34;America/Sao_Paulo
3150802;Piranga;31;MG;Minas Gerais;Sudeste;0;-20.6834;-43.2967;5015;31;America/Sao_Paulo
3150901;Piranguçu;31;MG;Minas Gerais;Sudeste;0;-22.5249;-45.4945;5017;35;America/Sao_Paulo
3151008;Piranguinho;31;MG;Minas Gerais;Sudeste;0;-22.395;-45.5324;5019;35;America/Sao_Paulo
3151107;Pirapetinga;31;MG;Minas Gerais;Sudeste;0;-21.6554;-42.3434;5021;32;America/Sao_Paulo
3151206;Pirapora;31;MG;Minas Gerais;Sudeste;0;-17.3392;-44.934;5023;38;America/Sao_Paulo
3151305;Piraúba;31;MG;Minas Gerais;Sudeste;0;-21.2825;-43.0172;5025;32;America/Sao_Paulo
3151404;Pitangui;31;MG;Minas Gerais;Sudeste;0;-19.6741;-44.8964;5027;37;America/Sao_Paulo
3151503;Piumhi;31;MG;Minas Gerais;Sudeste;0;-20.4762;-45.9589;5029;37;America/Sao_Paulo
3151602;Planura;31;MG;Minas Gerais;Sudeste;0;-20.1376;-48.7;5031;34;America/Sao_Paulo
3151701;Poço Fundo;31;MG;Minas Gerais;Sudeste;0;-21.78;-45.9658;5033;35;America/Sao_Paulo
3151800;Poços de Caldas;31;MG;Minas Gerais;Sudeste;0;-21.78;-46.5692;5035;35;America/Sao_Paulo
3151909;Pocrane;31;MG;Minas Gerais;Sudeste;0;-19.6208;-41.6334;5037;33;America/Sao_Paulo
3152006;Pompéu;31;MG;Minas Gerais;Sudeste;0;-19.2257;-45.0141;5039;37;America/Sao_Paulo
3152105;Ponte Nova;31;MG;Minas Gerais;Sudeste;0;-20.4111;-42.8978;5041;31;America/Sao_Paulo
3152131;Ponto Chique;31;MG;Minas Gerais;Sudeste;0;-16.6282;-45.0588;0692;38;America/Sao_Paulo
3152170;Ponto dos Volantes;31;MG;Minas Gerais;Sudeste;0;-16.7473;-41.5025;0694;33;America/Sao_Paulo
3152204;Porteirinha;31;MG;Minas Gerais;Sudeste;0;-15.7404;-43.0281;5043;38;America/Sao_Paulo
3152303;Porto Firme;31;MG;Minas Gerais;Sudeste;0;-20.6642;-43.0834;5045;31;America/Sao_Paulo
3152402;Poté;31;MG;Minas Gerais;Sudeste;0;-17.8077;-41.786;5047;33;America/Sao_Paulo
3152501;Pouso Alegre;31;MG;Minas Gerais;Sudeste;0;-22.2266;-45.9389;5049;35;America/Sao_Paulo
3152600;Pouso Alto;31;MG;Minas Gerais;Sudeste;0;-22.1964;-44.9748;5051;35;America/Sao_Paulo
3152709;Prados;31;MG;Minas Gerais;Sudeste;0;-21.0597;-44.0778;5053;32;America/Sao_Paulo
3152808;Prata;31;MG;Minas Gerais;Sudeste;0;-19.3086;-48.9276;5055;34;America/Sao_Paulo
3152907;Pratápolis;31;MG;Minas Gerais;Sudeste;0;-20.7411;-46.8624;5057;35;America/Sao_Paulo
3153004;Pratinha;31;MG;Minas Gerais;Sudeste;0;-19.739;-46.3755;5059;34;America/Sao_Paulo
3153103;Presidente Bernardes;31;MG;Minas Gerais;Sudeste;0;-20.7656;-43.1895;5061;32;America/Sao_Paulo
3153202;Presidente Juscelino;31;MG;Minas Gerais;Sudeste;0;-18.6401;-44.06;5063;38;America/Sao_Paulo
3153301;Presidente Kubitschek;31;MG;Minas Gerais;Sudeste;0;-18.6193;-43.5628;5065;38;America/Sao_Paulo
3153400;Presidente Olegário;31;MG;Minas Gerais;Sudeste;0;-18.4096;-46.4165;5067;34;America/Sao_Paulo
3153509;Alto Jequitibá;31;MG;Minas Gerais;Sudeste;0;-20.4208;-41.967;5069;33;America/Sao_Paulo
3153608;Prudente de Morais;31;MG;Minas Gerais;Sudeste;0;-19.4742;-44.1591;5071;31;America/Sao_Paulo
3153707;Quartel Geral;31;MG;Minas Gerais;Sudeste;0;-19.2703;-45.5569;5073;37;America/Sao_Paulo
3153806;Queluzito;31;MG;Minas Gerais;Sudeste;0;-20.7416;-43.8851;5075;31;America/Sao_Paulo
3153905;Raposos;31;MG;Minas Gerais;Sudeste;0;-19.9636;-43.8079;5077;31;America/Sao_Paulo
3154002;Raul Soares;31;MG;Minas Gerais;Sudeste;0;-20.1061;-42.4502;5079;33;America/Sao_Paulo
3154101;Recreio;31;MG;Minas Gerais;Sudeste;0;-21.5289;-42.4676;5081;32;America/Sao_Paulo
3154150;Reduto;31;MG;Minas Gerais;Sudeste;0;-20.2401;-41.9848;0696;33;America/Sao_Paulo
3154200;Resende Costa;31;MG;Minas Gerais;Sudeste;0;-20.9171;-44.2407;5083;32;America/Sao_Paulo
3154309;Resplendor;31;MG;Minas Gerais;Sudeste;0;-19.3194;-41.2462;5085;33;America/Sao_Paulo
3154408;Ressaquinha;31;MG;Minas Gerais;Sudeste;0;-21.0642;-43.7598;5087;32;America/Sao_Paulo
3154457;Riachinho;31;MG;Minas Gerais;Sudeste;0;-16.2258;-45.9888;2901;38;America/Sao_Paulo
3154507;Riacho dos Machados;31;MG;Minas Gerais;Sudeste;0;-16.0091;-43.0488;5089;38;America/Sao_Paulo
3154606;Ribeirão das Neves;31;MG;Minas Gerais;Sudeste;0;-19.7621;-44.0844;5091;31;America/Sao_Paulo
3154705;Ribeirão Vermelho;31;MG;Minas Gerais;Sudeste;0;-21.1879;-45.0637;5093;35;America/Sao_Paulo
3154804;Rio Acima;31;MG;Minas Gerais;Sudeste;0;-20.0876;-43.7878;5095;31;America/Sao_Paulo
3154903;Rio Casca;31;MG;Minas Gerais;Sudeste;0;-20.2285;-42.6462;5097;31;America/Sao_Paulo
3155009;Rio Doce;31;MG;Minas Gerais;Sudeste;0;-20.2412;-42.8995;5099;31;America/Sao_Paulo
3155108;Rio do Prado;31;MG;Minas Gerais;Sudeste;0;-16.6056;-40.5714;5101;33;America/Sao_Paulo
3155207;Rio Espera;31;MG;Minas Gerais;Sudeste;0;-20.855;-43.4721;5103;31;America/Sao_Paulo
3155306;Rio Manso;31;MG;Minas Gerais;Sudeste;0;-20.2666;-44.3069;5105;31;America/Sao_Paulo
3155405;Rio Novo;31;MG;Minas Gerais;Sudeste;0;-21.4649;-43.1168;5107;32;America/Sao_Paulo
3155504;Rio Paranaíba;31;MG;Minas Gerais;Sudeste;0;-19.1861;-46.2455;5109;34;America/Sao_Paulo
3155603;Rio Pardo de Minas;31;MG;Minas Gerais;Sudeste;0;-15.616;-42.5405;5111;38;America/Sao_Paulo
3155702;Rio Piracicaba;31;MG;Minas Gerais;Sudeste;0;-19.9284;-43.1829;5113;31;America/Sao_Paulo
3155801;Rio Pomba;31;MG;Minas Gerais;Sudeste;0;-21.2712;-43.1696;5115;32;America/Sao_Paulo
3155900;Rio Preto;31;MG;Minas Gerais;Sudeste;0;-22.0861;-43.8293;5117;32;America/Sao_Paulo
3156007;Rio Vermelho;31;MG;Minas Gerais;Sudeste;0;-18.2922;-43.0018;5119;33;America/Sao_Paulo
3156106;Ritápolis;31;MG;Minas Gerais;Sudeste;0;-21.0276;-44.3204;5121;32;America/Sao_Paulo
3156205;Rochedo de Minas;31;MG;Minas Gerais;Sudeste;0;-21.6284;-43.0165;5123;32;America/Sao_Paulo
3156304;Rodeiro;31;MG;Minas Gerais;Sudeste;0;-21.2035;-42.8586;5125;32;America/Sao_Paulo
3156403;Romaria;31;MG;Minas Gerais;Sudeste;0;-18.8838;-47.5782;5127;34;America/Sao_Paulo
3156452;Rosário da Limeira;31;MG;Minas Gerais;Sudeste;0;-20.9812;-42.5112;0698;32;America/Sao_Paulo
3156502;Rubelita;31;MG;Minas Gerais;Sudeste;0;-16.4053;-42.261;5129;38;America/Sao_Paulo
3156601;Rubim;31;MG;Minas Gerais;Sudeste;0;-16.3775;-40.5397;5131;33;America/Sao_Paulo
3156700;Sabará;31;MG;Minas Gerais;Sudeste;0;-19.884;-43.8263;5133;31;America/Sao_Paulo
3156809;Sabinópolis;31;MG;Minas Gerais;Sudeste;0;-18.6653;-43.0752;5135;33;America/Sao_Paulo
3156908;Sacramento;31;MG;Minas Gerais;Sudeste;0;-19.8622;-47.4508;5137;34;America/Sao_Paulo
3157005;Salinas;31;MG;Minas Gerais;Sudeste;0;-16.1753;-42.2964;5139;38;America/Sao_Paulo
3157104;Salto da Divisa;31;MG;Minas Gerais;Sudeste;0;-16.0063;-39.9391;5141;33;America/Sao_Paulo
3157203;Santa Bárbara;31;MG;Minas Gerais;Sudeste;0;-19.9604;-43.4101;5143;31;America/Sao_Paulo
3157252;Santa Bárbara do Leste;31;MG;Minas Gerais;Sudeste;0;-19.9753;-42.1457;2667;33;America/Sao_Paulo
3157278;Santa Bárbara do Monte Verde;31;MG;Minas Gerais;Sudeste;0;-21.9592;-43.7027;0700;32;America/Sao_Paulo
3157302;Santa Bárbara do Tugúrio;31;MG;Minas Gerais;Sudeste;0;-21.2431;-43.5607;5145;32;America/Sao_Paulo
3157336;Santa Cruz de Minas;31;MG;Minas Gerais;Sudeste;0;-21.1241;-44.2202;0702;32;America/Sao_Paulo
3157377;Santa Cruz de Salinas;31;MG;Minas Gerais;Sudeste;0;-16.0967;-41.7418;0704;38;America/Sao_Paulo
3157401;Santa Cruz do Escalvado;31;MG;Minas Gerais;Sudeste;0;-20.2372;-42.8169;5147;31;America/Sao_Paulo
3157500;Santa Efigênia de Minas;31;MG;Minas Gerais;Sudeste;0;-18.8235;-42.4388;5149;33;America/Sao_Paulo
3157609;Santa Fé de Minas;31;MG;Minas Gerais;Sudeste;0;-16.6859;-45.4102;5151;38;America/Sao_Paulo
3157658;Santa Helena de Minas;31;MG;Minas Gerais;Sudeste;0;-16.9707;-40.6727;0706;33;America/Sao_Paulo
3157708;Santa Juliana;31;MG;Minas Gerais;Sudeste;0;-19.3108;-47.5322;5153;34;America/Sao_Paulo
3157807;Santa Luzia;31;MG;Minas Gerais;Sudeste;0;-19.7548;-43.8497;5155;31;America/Sao_Paulo
3157906;Santa Margarida;31;MG;Minas Gerais;Sudeste;0;-20.3839;-42.2519;5157;31;America/Sao_Paulo
3158003;Santa Maria de Itabira;31;MG;Minas Gerais;Sudeste;0;-19.4431;-43.1064;5159;31;America/Sao_Paulo
3158102;Santa Maria do Salto;31;MG;Minas Gerais;Sudeste;0;-16.2479;-40.1512;5161;33;America/Sao_Paulo
3158201;Santa Maria do Suaçuí;31;MG;Minas Gerais;Sudeste;0;-18.1896;-42.4139;5163;33;America/Sao_Paulo
3158300;Santana da Vargem;31;MG;Minas Gerais;Sudeste;0;-21.2449;-45.5005;5165;35;America/Sao_Paulo
3158409;Santana de Cataguases;31;MG;Minas Gerais;Sudeste;0;-21.2893;-42.5524;5167;32;America/Sao_Paulo
3158508;Santana de Pirapama;31;MG;Minas Gerais;Sudeste;0;-18.9962;-44.0409;5169;31;America/Sao_Paulo
3158607;Santana do Deserto;31;MG;Minas Gerais;Sudeste;0;-21.9512;-43.1583;5171;32;America/Sao_Paulo
3158706;Santana do Garambéu;31;MG;Minas Gerais;Sudeste;0;-21.5983;-44.105;5173;32;America/Sao_Paulo
3158805;Santana do Jacaré;31;MG;Minas Gerais;Sudeste;0;-20.9007;-45.1285;5175;35;America/Sao_Paulo
3158904;Santana do Manhuaçu;31;MG;Minas Gerais;Sudeste;0;-20.1031;-41.9278;5177;33;America/Sao_Paulo
3158953;Santana do Paraíso;31;MG;Minas Gerais;Sudeste;0;-19.3661;-42.5446;2673;31;America/Sao_Paulo
3159001;Santana do Riacho;31;MG;Minas Gerais;Sudeste;0;-19.1662;-43.722;5179;31;America/Sao_Paulo
3159100;Santana dos Montes;31;MG;Minas Gerais;Sudeste;0;-20.7868;-43.6949;5181;31;America/Sao_Paulo
3159209;Santa Rita de Caldas;31;MG;Minas Gerais;Sudeste;0;-22.0292;-46.3385;5183;35;America/Sao_Paulo
3159308;Santa Rita de Jacutinga;31;MG;Minas Gerais;Sudeste;0;-22.1474;-44.0977;5185;32;America/Sao_Paulo
3159357;Santa Rita de Minas;31;MG;Minas Gerais;Sudeste;0;-19.876;-42.1363;2669;33;America/Sao_Paulo
3159407;Santa Rita de Ibitipoca;31;MG;Minas Gerais;Sudeste;0;-21.5658;-43.9163;5187;32;America/Sao_Paulo
3159506;Santa Rita do Itueto;31;MG;Minas Gerais;Sudeste;0;-19.3576;-41.3821;5189;33;America/Sao_Paulo
3159605;Santa Rita do Sapucaí;31;MG;Minas Gerais;Sudeste;0;-22.2461;-45.7034;5191;35;America/Sao_Paulo
3159704;Santa Rosa da Serra;31;MG;Minas Gerais;Sudeste;0;-19.5186;-45.9611;5193;34;America/Sao_Paulo
3159803;Santa Vitória;31;MG;Minas Gerais;Sudeste;0;-18.8414;-50.1208;5195;34;America/Sao_Paulo
3159902;Santo Antônio do Amparo;31;MG;Minas Gerais;Sudeste;0;-20.943;-44.9176;5197;35;America/Sao_Paulo
3160009;Santo Antônio do Aventureiro;31;MG;Minas Gerais;Sudeste;0;-21.7606;-42.8115;5199;32;America/Sao_Paulo
3160108;Santo Antônio do Grama;31;MG;Minas Gerais;Sudeste;0;-20.3185;-42.6047;5201;31;America/Sao_Paulo
3160207;Santo Antônio do Itambé;31;MG;Minas Gerais;Sudeste;0;-18.4609;-43.3006;5203;33;America/Sao_Paulo
3160306;Santo Antônio do Jacinto;31;MG;Minas Gerais;Sudeste;0;-16.5332;-40.1817;5205;33;America/Sao_Paulo
3160405;Santo Antônio do Monte;31;MG;Minas Gerais;Sudeste;0;-20.085;-45.2947;5207;37;America/Sao_Paulo
3160454;Santo Antônio do Retiro;31;MG;Minas Gerais;Sudeste;0;-15.3393;-42.6171;0708;38;America/Sao_Paulo
3160504;Santo Antônio do Rio Abaixo;31;MG;Minas Gerais;Sudeste;0;-19.2374;-43.2604;5209;31;America/Sao_Paulo
3160603;Santo Hipólito;31;MG;Minas Gerais;Sudeste;0;-18.2968;-44.2229;5211;38;America/Sao_Paulo
3160702;Santos Dumont;31;MG;Minas Gerais;Sudeste;0;-21.4634;-43.5499;5213;32;America/Sao_Paulo
3160801;São Bento Abade;31;MG;Minas Gerais;Sudeste;0;-21.5839;-45.0699;5215;35;America/Sao_Paulo
3160900;São Brás do Suaçuí;31;MG;Minas Gerais;Sudeste;0;-20.6242;-43.9515;5217;31;America/Sao_Paulo
3160959;São Domingos das Dores;31;MG;Minas Gerais;Sudeste;0;-19.5246;-42.0106;0710;33;America/Sao_Paulo
3161007;São Domingos do Prata;31;MG;Minas Gerais;Sudeste;0;-19.8678;-42.971;5219;31;America/Sao_Paulo
3161056;São Félix de Minas;31;MG;Minas Gerais;Sudeste;0;-18.5959;-41.4889;0712;33;America/Sao_Paulo
3161106;São Francisco;31;MG;Minas Gerais;Sudeste;0;-15.9514;-44.8593;5221;38;America/Sao_Paulo
3161205;São Francisco de Paula;31;MG;Minas Gerais;Sudeste;0;-20.7036;-44.9838;5223;37;America/Sao_Paulo
3161304;São Francisco de Sales;31;MG;Minas Gerais;Sudeste;0;-19.8611;-49.7727;5225;34;America/Sao_Paulo
3161403;São Francisco do Glória;31;MG;Minas Gerais;Sudeste;0;-20.7923;-42.2673;5227;32;America/Sao_Paulo
3161502;São Geraldo;31;MG;Minas Gerais;Sudeste;0;-20.9252;-42.8364;5229;32;America/Sao_Paulo
3161601;São Geraldo da Piedade;31;MG;Minas Gerais;Sudeste;0;-18.8411;-42.2867;5231;33;America/Sao_Paulo
3161650;São Geraldo do Baixio;31;MG;Minas Gerais;Sudeste;0;-18.9097;-41.363;0714;33;America/Sao_Paulo
3161700;São Gonçalo do Abaeté;31;MG;Minas Gerais;Sudeste;0;-18.3315;-45.8265;5233;38;America/Sao_Paulo
3161809;São Gonçalo do Pará;31;MG;Minas Gerais;Sudeste;0;-19.9822;-44.8593;5235;37;America/Sao_Paulo
3161908;São Gonçalo do Rio Abaixo;31;MG;Minas Gerais;Sudeste;0;-19.8221;-43.366;5237;31;America/Sao_Paulo
3162005;São Gonçalo do Sapucaí;31;MG;Minas Gerais;Sudeste;0;-21.8932;-45.5893;5239;35;America/Sao_Paulo
3162104;São Gotardo;31;MG;Minas Gerais;Sudeste;0;-19.3087;-46.0465;5241;34;America/Sao_Paulo
3162203;São João Batista do Glória;31;MG;Minas Gerais;Sudeste;0;-20.635;-46.508;5243;35;America/Sao_Paulo
3162252;São João da Lagoa;31;MG;Minas Gerais;Sudeste;0;-16.8455;-44.3507;0716;38;America/Sao_Paulo
3162302;São João da Mata;31;MG;Minas Gerais;Sudeste;0;-21.928;-45.9297;5245;35;America/Sao_Paulo
3162401;São João da Ponte;31;MG;Minas Gerais;Sudeste;0;-15.9271;-44.0096;5247;38;America/Sao_Paulo
3162450;São João das Missões;31;MG;Minas Gerais;Sudeste;0;-14.8859;-44.0922;0718;38;America/Sao_Paulo
3162500;São João del Rei;31;MG;Minas Gerais;Sudeste;0;-21.1311;-44.2526;5249;32;America/Sao_Paulo
3162559;São João do Manhuaçu;31;MG;Minas Gerais;Sudeste;0;-20.3933;-42.1533;2677;33;America/Sao_Paulo
3162575;São João do Manteninha;31;MG;Minas Gerais;Sudeste;0;-18.723;-41.1628;2679;33;America/Sao_Paulo
3162609;São João do Oriente;31;MG;Minas Gerais;Sudeste;0;-19.3384;-42.1575;5251;33;America/Sao_Paulo
3162658;São João do Pacuí;31;MG;Minas Gerais;Sudeste;0;-16.5373;-44.5134;0720;38;America/Sao_Paulo
3162708;São João do Paraíso;31;MG;Minas Gerais;Sudeste;0;-15.3168;-42.0213;5253;38;America/Sao_Paulo
3162807;São João Evangelista;31;MG;Minas Gerais;Sudeste;0;-18.548;-42.7655;5255;33;America/Sao_Paulo
3162906;São João Nepomuceno;31;MG;Minas Gerais;Sudeste;0;-21.5381;-43.0069;5257;32;America/Sao_Paulo
3162922;São Joaquim de Bicas;31;MG;Minas Gerais;Sudeste;0;-20.048;-44.2749;0722;31;America/Sao_Paulo
3162948;São José da Barra;31;MG;Minas Gerais;Sudeste;0;-20.7178;-46.313;0724;35;America/Sao_Paulo
3162955;São José da Lapa;31;MG;Minas Gerais;Sudeste;0;-19.6971;-43.9586;2649;31;America/Sao_Paulo
3163003;São José da Safira;31;MG;Minas Gerais;Sudeste;0;-18.3243;-42.1431;5259;33;America/Sao_Paulo
3163102;São José da Varginha;31;MG;Minas Gerais;Sudeste;0;-19.7006;-44.556;5261;37;America/Sao_Paulo
3163201;São José do Alegre;31;MG;Minas Gerais;Sudeste;0;-22.3243;-45.5258;5263;35;America/Sao_Paulo
3163300;São José do Divino;31;MG;Minas Gerais;Sudeste;0;-18.4793;-41.3907;5265;33;America/Sao_Paulo
3163409;São José do Goiabal;31;MG;Minas Gerais;Sudeste;0;-19.9214;-42.7035;5267;31;America/Sao_Paulo
3163508;São José do Jacuri;31;MG;Minas Gerais;Sudeste;0;-18.281;-42.6729;5269;33;America/Sao_Paulo
3163607;São José do Mantimento;31;MG;Minas Gerais;Sudeste;0;-20.0058;-41.7486;5271;33;America/Sao_Paulo
3163706;São Lourenço;31;MG;Minas Gerais;Sudeste;0;-22.1166;-45.0506;5273;35;America/Sao_Paulo
3163805;São Miguel do Anta;31;MG;Minas Gerais;Sudeste;0;-20.7067;-42.7174;5275;31;America/Sao_Paulo
3163904;São Pedro da União;31;MG;Minas Gerais;Sudeste;0;-21.131;-46.6123;5277;35;America/Sao_Paulo
3164001;São Pedro dos Ferros;31;MG;Minas Gerais;Sudeste;0;-20.1732;-42.5251;5279;33;America/Sao_Paulo
3164100;São Pedro do Suaçuí;31;MG;Minas Gerais;Sudeste;0;-18.3609;-42.5981;5281;33;America/Sao_Paulo
3164209;São Romão;31;MG;Minas Gerais;Sudeste;0;-16.3641;-45.0749;5283;38;America/Sao_Paulo
3164308;São Roque de Minas;31;MG;Minas Gerais;Sudeste;0;-20.249;-46.3639;5285;37;America/Sao_Paulo
3164407;São Sebastião da Bela Vista;31;MG;Minas Gerais;Sudeste;0;-22.1583;-45.7546;5287;35;America/Sao_Paulo
3164431;São Sebastião da Vargem Alegre;31;MG;Minas Gerais;Sudeste;0;-19.7477;-43.3679;0726;32;America/Sao_Paulo
3164472;São Sebastião do Anta;31;MG;Minas Gerais;Sudeste;0;-19.5064;-41.985;0728;33;America/Sao_Paulo
3164506;São Sebastião do Maranhão;31;MG;Minas Gerais;Sudeste;0;-18.0873;-42.5659;5289;33;America/Sao_Paulo
3164605;São Sebastião do Oeste;31;MG;Minas Gerais;Sudeste;0;-20.2758;-45.0063;5291;37;America/Sao_Paulo
3164704;São Sebastião do Paraíso;31;MG;Minas Gerais;Sudeste;0;-20.9167;-46.9837;5293;35;America/Sao_Paulo
3164803;São Sebastião do Rio Preto;31;MG;Minas Gerais;Sudeste;0;-19.2959;-43.1757;5295;31;America/Sao_Paulo
3164902;São Sebastião do Rio Verde;31;MG;Minas Gerais;Sudeste;0;-22.2183;-44.9761;5297;35;America/Sao_Paulo
3165008;São Tiago;31;MG;Minas Gerais;Sudeste;0;-20.9075;-44.5098;5299;32;America/Sao_Paulo
3165107;São Tomás de Aquino;31;MG;Minas Gerais;Sudeste;0;-20.7791;-47.0962;5301;35;America/Sao_Paulo
3165206;São Thomé das Letras;31;MG;Minas Gerais;Sudeste;0;-21.7218;-44.9849;5303;35;America/Sao_Paulo
3165305;São Vicente de Minas;31;MG;Minas Gerais;Sudeste;0;-21.7042;-44.4431;5305;35;America/Sao_Paulo
3165404;Sapucaí-Mirim;31;MG;Minas Gerais;Sudeste;0;-22.7409;-45.738;5307;35;America/Sao_Paulo
3165503;Sardoá;31;MG;Minas Gerais;Sudeste;0;-18.7828;-42.3629;5309;33;America/Sao_Paulo
3165537;Sarzedo;31;MG;Minas Gerais;Sudeste;0;-20.0367;-44.1446;0730;31;America/Sao_Paulo
3165552;Setubinha;31;MG;Minas Gerais;Sudeste;0;-17.6002;-42.1587;0732;33;America/Sao_Paulo
3165560;Sem-Peixe;31;MG;Minas Gerais;Sudeste;0;-20.1008;-42.8483;0734;31;America/Sao_Paulo
3165578;Senador Amaral;31;MG;Minas Gerais;Sudeste;0;-22.5869;-46.1763;2689;35;America/Sao_Paulo
3165602;Senador Cortes;31;MG;Minas Gerais;Sudeste;0;-21.7986;-42.9424;5311;32;America/Sao_Paulo
3165701;Senador Firmino;31;MG;Minas Gerais;Sudeste;0;-20.9158;-43.0904;5313;32;America/Sao_Paulo
3165800;Senador José Bento;31;MG;Minas Gerais;Sudeste;0;-22.1633;-46.1792;5315;35;America/Sao_Paulo
3165909;Senador Modestino Gonçalves;31;MG;Minas Gerais;Sudeste;0;-17.9465;-43.2172;5317;38;America/Sao_Paulo
3166006;Senhora de Oliveira;31;MG;Minas Gerais;Sudeste;0;-20.7972;-43.3394;5319;31;America/Sao_Paulo
3166105;Senhora do Porto;31;MG;Minas Gerais;Sudeste;0;-18.8909;-43.0799;5321;33;America/Sao_Paulo
3166204;Senhora dos Remédios;31;MG;Minas Gerais;Sudeste;0;-21.0351;-43.5812;5323;32;America/Sao_Paulo
3166303;Sericita;31;MG;Minas Gerais;Sudeste;0;-20.4748;-42.4828;5325;31;America/Sao_Paulo
3166402;Seritinga;31;MG;Minas Gerais;Sudeste;0;-21.9134;-44.518;5327;35;America/Sao_Paulo
3166501;Serra Azul de Minas;31;MG;Minas Gerais;Sudeste;0;-18.3602;-43.1675;5329;38;America/Sao_Paulo
3166600;Serra da Saudade;31;MG;Minas Gerais;Sudeste;0;-19.4447;-45.795;5331;37;America/Sao_Paulo
3166709;Serra dos Aimorés;31;MG;Minas Gerais;Sudeste;0;-17.7872;-40.2453;5333;33;America/Sao_Paulo
3166808;Serra do Salitre;31;MG;Minas Gerais;Sudeste;0;-19.1083;-46.6961;5335;34;America/Sao_Paulo
3166907;Serrania;31;MG;Minas Gerais;Sudeste;0;-21.5441;-46.0417;5337;35;America/Sao_Paulo
3166956;Serranópolis de Minas;31;MG;Minas Gerais;Sudeste;0;-15.8176;-42.8732;0736;38;America/Sao_Paulo
3167004;Serranos;31;MG;Minas Gerais;Sudeste;0;-21.8857;-44.5125;5339;35;America/Sao_Paulo
3167103;Serro;31;MG;Minas Gerais;Sudeste;0;-18.5991;-43.3744;5341;38;America/Sao_Paulo
3167202;Sete Lagoas;31;MG;Minas Gerais;Sudeste;0;-19.4569;-44.2413;5343;31;America/Sao_Paulo
3167301;Silveirânia;31;MG;Minas Gerais;Sudeste;0;-21.1615;-43.2128;5345;32;America/Sao_Paulo
3167400;Silvianópolis;31;MG;Minas Gerais;Sudeste;0;-22.0274;-45.8385;5347;35;America/Sao_Paulo
3167509;Simão Pereira;31;MG;Minas Gerais;Sudeste;0;-21.964;-43.3088;5349;32;America/Sao_Paulo
3167608;Simonésia;31;MG;Minas Gerais;Sudeste;0;-20.1341;-42.0091;5351;33;America/Sao_Paulo
3167707;Sobrália;31;MG;Minas Gerais;Sudeste;0;-19.2345;-42.0998;5353;33;America/Sao_Paulo
3167806;Soledade de Minas;31;MG;Minas Gerais;Sudeste;0;-22.0554;-45.0464;5355;35;America/Sao_Paulo
3167905;Tabuleiro;31;MG;Minas Gerais;Sudeste;0;-21.3632;-43.2381;5357;32;America/Sao_Paulo
3168002;Taiobeiras;31;MG;Minas Gerais;Sudeste;0;-15.8106;-42.2259;5359;38;America/Sao_Paulo
3168051;Taparuba;31;MG;Minas Gerais;Sudeste;0;-19.7621;-41.608;0738;33;America/Sao_Paulo
3168101;Tapira;31;MG;Minas Gerais;Sudeste;0;-19.9166;-46.8264;5361;34;America/Sao_Paulo
3168200;Tapiraí;31;MG;Minas Gerais;Sudeste;0;-19.8936;-46.0221;5363;37;America/Sao_Paulo
3168309;Taquaraçu de Minas;31;MG;Minas Gerais;Sudeste;0;-19.6652;-43.6922;5365;31;America/Sao_Paulo
3168408;Tarumirim;31;MG;Minas Gerais;Sudeste;0;-19.2835;-42.0097;5367;33;America/Sao_Paulo
3168507;Teixeiras;31;MG;Minas Gerais;Sudeste;0;-20.6561;-42.8564;5369;31;America/Sao_Paulo
3168606;Teófilo Otoni;31;MG;Minas Gerais;Sudeste;0;-17.8595;-41.5087;5371;33;America/Sao_Paulo
3168705;Timóteo;31;MG;Minas Gerais;Sudeste;0;-19.5811;-42.6471;5373;31;America/Sao_Paulo
3168804;Tiradentes;31;MG;Minas Gerais;Sudeste;0;-21.1102;-44.1744;5375;32;America/Sao_Paulo
3168903;Tiros;31;MG;Minas Gerais;Sudeste;0;-19.0037;-45.9626;5377;34;America/Sao_Paulo
3169000;Tocantins;31;MG;Minas Gerais;Sudeste;0;-21.1774;-43.0127;5379;32;America/Sao_Paulo
3169059;Tocos do Moji;31;MG;Minas Gerais;Sudeste;0;-22.3698;-46.0971;0740;35;America/Sao_Paulo
3169109;Toledo;31;MG;Minas Gerais;Sudeste;0;-22.7421;-46.3728;5381;35;America/Sao_Paulo
3169208;Tombos;31;MG;Minas Gerais;Sudeste;0;-20.9086;-42.0228;5383;32;America/Sao_Paulo
3169307;Três Corações;31;MG;Minas Gerais;Sudeste;0;-21.6921;-45.2511;5385;35;America/Sao_Paulo
3169356;Três Marias;31;MG;Minas Gerais;Sudeste;0;-18.2048;-45.2473;4115;38;America/Sao_Paulo
3169406;Três Pontas;31;MG;Minas Gerais;Sudeste;0;-21.3694;-45.5109;5387;35;America/Sao_Paulo
3169505;Tumiritinga;31;MG;Minas Gerais;Sudeste;0;-18.9844;-41.6527;5389;33;America/Sao_Paulo
3169604;Tupaciguara;31;MG;Minas Gerais;Sudeste;0;-18.5866;-48.6985;5391;34;America/Sao_Paulo
3169703;Turmalina;31;MG;Minas Gerais;Sudeste;0;-17.2828;-42.7285;5393;38;America/Sao_Paulo
3169802;Turvolândia;31;MG;Minas Gerais;Sudeste;0;-21.8733;-45.7859;5395;35;America/Sao_Paulo
3169901;Ubá;31;MG;Minas Gerais;Sudeste;0;-21.1204;-42.9359;5397;32;America/Sao_Paulo
3170008;Ubaí;31;MG;Minas Gerais;Sudeste;0;-16.2885;-44.7783;5399;38;America/Sao_Paulo
3170057;Ubaporanga;31;MG;Minas Gerais;Sudeste;0;-19.6351;-42.1059;2671;33;America/Sao_Paulo
3170107;Uberaba;31;MG;Minas Gerais;Sudeste;0;-19.7472;-47.9381;5401;34;America/Sao_Paulo
3170206;Uberlândia;31;MG;Minas Gerais;Sudeste;0;-18.9141;-48.2749;5403;34;America/Sao_Paulo
3170305;Umburatiba;31;MG;Minas Gerais;Sudeste;0;-17.2548;-40.5779;5405;33;America/Sao_Paulo
3170404;Unaí;31;MG;Minas Gerais;Sudeste;0;-16.3592;-46.9022;5407;38;America/Sao_Paulo
3170438;União de Minas;31;MG;Minas Gerais;Sudeste;0;-19.5299;-50.338;0742;34;America/Sao_Paulo
3170479;Uruana de Minas;31;MG;Minas Gerais;Sudeste;0;-16.0634;-46.2443;0744;38;America/Sao_Paulo
3170503;Urucânia;31;MG;Minas Gerais;Sudeste;0;-20.3521;-42.737;5409;31;America/Sao_Paulo
3170529;Urucuia;31;MG;Minas Gerais;Sudeste;0;-16.1244;-45.7352;2699;38;America/Sao_Paulo
3170578;Vargem Alegre;31;MG;Minas Gerais;Sudeste;0;-19.5988;-42.2949;0746;33;America/Sao_Paulo
3170602;Vargem Bonita;31;MG;Minas Gerais;Sudeste;0;-20.3333;-46.3688;5411;37;America/Sao_Paulo
3170651;Vargem Grande do Rio Pardo;31;MG;Minas Gerais;Sudeste;0;-15.3987;-42.3085;0748;38;America/Sao_Paulo
3170701;Varginha;31;MG;Minas Gerais;Sudeste;0;-21.5556;-45.4364;5413;35;America/Sao_Paulo
3170750;Varjão de Minas;31;MG;Minas Gerais;Sudeste;0;-18.3741;-46.0313;0750;38;America/Sao_Paulo
3170800;Várzea da Palma;31;MG;Minas Gerais;Sudeste;0;-17.5944;-44.7226;5415;38;America/Sao_Paulo
3170909;Varzelândia;31;MG;Minas Gerais;Sudeste;0;-15.6992;-44.0278;5417;38;America/Sao_Paulo
3171006;Vazante;31;MG;Minas Gerais;Sudeste;0;-17.9827;-46.9088;5419;34;America/Sao_Paulo
3171030;Verdelândia;31;MG;Minas Gerais;Sudeste;0;-15.5845;-43.6121;0752;38;America/Sao_Paulo
3171071;Veredinha;31;MG;Minas Gerais;Sudeste;0;-17.3974;-42.7307;0754;38;America/Sao_Paulo
3171105;Veríssimo;31;MG;Minas Gerais;Sudeste;0;-19.6657;-48.3118;5423;34;America/Sao_Paulo
3171154;Vermelho Novo;31;MG;Minas Gerais;Sudeste;0;-20.0406;-42.2688;0756;33;America/Sao_Paulo
3171204;Vespasiano;31;MG;Minas Gerais;Sudeste;0;-19.6883;-43.9239;5425;31;America/Sao_Paulo
3171303;Viçosa;31;MG;Minas Gerais;Sudeste;0;-20.7559;-42.8742;5427;31;America/Sao_Paulo
3171402;Vieiras;31;MG;Minas Gerais;Sudeste;0;-20.867;-42.2401;5429;32;America/Sao_Paulo
3171501;Mathias Lobato;31;MG;Minas Gerais;Sudeste;0;-18.59;-41.9166;5431;33;America/Sao_Paulo
3171600;Virgem da Lapa;31;MG;Minas Gerais;Sudeste;0;-16.807;-42.3431;5433;33;America/Sao_Paulo
3171709;Virgínia;31;MG;Minas Gerais;Sudeste;0;-22.3264;-45.0965;5435;35;America/Sao_Paulo
3171808;Virginópolis;31;MG;Minas Gerais;Sudeste;0;-18.8154;-42.7015;5437;33;America/Sao_Paulo
3171907;Virgolândia;31;MG;Minas Gerais;Sudeste;0;-18.4738;-42.3067;5439;33;America/Sao_Paulo
3172004;Visconde do Rio Branco;31;MG;Minas Gerais;Sudeste;0;-21.0127;-42.8361;5441;32;America/Sao_Paulo
3172103;Volta Grande;31;MG;Minas Gerais;Sudeste;0;-21.7671;-42.5375;5443;32;America/Sao_Paulo
3172202;Wenceslau Braz;31;MG;Minas Gerais;Sudeste;0;-22.5368;-45.3626;5421;35;America/Sao_Paulo
3200102;Afonso Cláudio;32;ES;Espírito Santo;Sudeste;0;-20.0778;-41.1261;5601;27;America/Sao_Paulo
3200136;Águia Branca;32;ES;Espírito Santo;Sudeste;0;-18.9846;-40.7437;5733;27;America/Sao_Paulo
3200169;Água Doce do Norte;32;ES;Espírito Santo;Sudeste;0;-18.5482;-40.9854;5717;27;America/Sao_Paulo
3200201;Alegre;32;ES;Espírito Santo;Sudeste;0;-20.758;-41.5382;5603;28;America/Sao_Paulo
3200300;Alfredo Chaves;32;ES;Espírito Santo;Sudeste;0;-20.6396;-40.7543;5605;27;America/Sao_Paulo
3200359;Alto Rio Novo;32;ES;Espírito Santo;Sudeste;0;-19.0618;-41.0209;5719;27;America/Sao_Paulo
3200409;Anchieta;32;ES;Espírito Santo;Sudeste;0;-20.7955;-40.6425;5607;28;America/Sao_Paulo
3200508;Apiacá;32;ES;Espírito Santo;Sudeste;0;-21.1523;-41.5693;5609;28;America/Sao_Paulo
3200607;Aracruz;32;ES;Espírito Santo;Sudeste;0;-19.82;-40.2764;5611;27;America/Sao_Paulo
3200706;Atilio Vivacqua;32;ES;Espírito Santo;Sudeste;0;-20.913;-41.1986;5613;28;America/Sao_Paulo
3200805;Baixo Guandu;32;ES;Espírito Santo;Sudeste;0;-19.5213;-41.0109;5615;27;America/Sao_Paulo
3200904;Barra de São Francisco;32;ES;Espírito Santo;Sudeste;0;-18.7548;-40.8965;5617;27;America/Sao_Paulo
3201001;Boa Esperança;32;ES;Espírito Santo;Sudeste;0;-18.5395;-40.3025;5619;27;America/Sao_Paulo
3201100;Bom Jesus do Norte;32;ES;Espírito Santo;Sudeste;0;-21.1173;-41.6731;5621;28;America/Sao_Paulo
3201159;Brejetuba;32;ES;Espírito Santo;Sudeste;0;-20.1395;-41.2954;0758;27;America/Sao_Paulo
3201209;Cachoeiro de Itapemirim;32;ES;Espírito Santo;Sudeste;0;-20.8462;-41.1198;5623;28;America/Sao_Paulo
3201308;Cariacica;32;ES;Espírito Santo;Sudeste;0;-20.2632;-40.4165;5625;27;America/Sao_Paulo
3201407;Castelo;32;ES;Espírito Santo;Sudeste;0;-20.6033;-41.2031;5627;28;America/Sao_Paulo
3201506;Colatina;32;ES;Espírito Santo;Sudeste;0;-19.5493;-40.6269;5629;27;America/Sao_Paulo
3201605;Conceição da Barra;32;ES;Espírito Santo;Sudeste;0;-18.5883;-39.7362;5631;27;America/Sao_Paulo
3201704;Conceição do Castelo;32;ES;Espírito Santo;Sudeste;0;-20.3639;-41.2417;5633;28;America/Sao_Paulo
3201803;Divino de São Lourenço;32;ES;Espírito Santo;Sudeste;0;-20.6229;-41.6937;5635;28;America/Sao_Paulo
3201902;Domingos Martins;32;ES;Espírito Santo;Sudeste;0;-20.3603;-40.6594;5637;27;America/Sao_Paulo
3202009;Dores do Rio Preto;32;ES;Espírito Santo;Sudeste;0;-20.6931;-41.8405;5639;28;America/Sao_Paulo
3202108;Ecoporanga;32;ES;Espírito Santo;Sudeste;0;-18.3702;-40.836;5641;27;America/Sao_Paulo
3202207;Fundão;32;ES;Espírito Santo;Sudeste;0;-19.937;-40.4078;5643;27;America/Sao_Paulo
3202256;Governador Lindenberg;32;ES;Espírito Santo;Sudeste;0;-19.1864;-40.4473;1114;27;America/Sao_Paulo
3202306;Guaçuí;32;ES;Espírito Santo;Sudeste;0;-20.7668;-41.6734;5645;28;America/Sao_Paulo
3202405;Guarapari;32;ES;Espírito Santo;Sudeste;0;-20.6772;-40.5093;5647;27;America/Sao_Paulo
3202454;Ibatiba;32;ES;Espírito Santo;Sudeste;0;-20.2347;-41.5087;5709;28;America/Sao_Paulo
3202504;Ibiraçu;32;ES;Espírito Santo;Sudeste;0;-19.8366;-40.3732;5649;27;America/Sao_Paulo
3202553;Ibitirama;32;ES;Espírito Santo;Sudeste;0;-20.5466;-41.6667;6011;28;America/Sao_Paulo
3202603;Iconha;32;ES;Espírito Santo;Sudeste;0;-20.7913;-40.8132;5651;28;America/Sao_Paulo
3202652;Irupi;32;ES;Espírito Santo;Sudeste;0;-20.3501;-41.6444;2931;28;America/Sao_Paulo
3202702;Itaguaçu;32;ES;Espírito Santo;Sudeste;0;-19.8018;-40.8601;5653;27;America/Sao_Paulo
3202801;Itapemirim;32;ES;Espírito Santo;Sudeste;0;-21.0095;-40.8307;5655;28;America/Sao_Paulo
3202900;Itarana;32;ES;Espírito Santo;Sudeste;0;-19.875;-40.8753;5657;27;America/Sao_Paulo
3203007;Iúna;32;ES;Espírito Santo;Sudeste;0;-20.3531;-41.5334;5659;28;America/Sao_Paulo
3203056;Jaguaré;32;ES;Espírito Santo;Sudeste;0;-18.907;-40.0759;5713;27;America/Sao_Paulo
3203106;Jerônimo Monteiro;32;ES;Espírito Santo;Sudeste;0;-20.7994;-41.3948;5661;28;America/Sao_Paulo
3203130;João Neiva;32;ES;Espírito Santo;Sudeste;0;-19.7577;-40.386;5721;27;America/Sao_Paulo
3203163;Laranja da Terra;32;ES;Espírito Santo;Sudeste;0;-19.8994;-41.0621;5723;27;America/Sao_Paulo
3203205;Linhares;32;ES;Espírito Santo;Sudeste;0;-19.3946;-40.0643;5663;27;America/Sao_Paulo
3203304;Mantenópolis;32;ES;Espírito Santo;Sudeste;0;-18.8594;-41.124;5665;27;America/Sao_Paulo
3203320;Marataízes;32;ES;Espírito Santo;Sudeste;0;-21.0398;-40.8384;0760;28;America/Sao_Paulo
3203346;Marechal Floriano;32;ES;Espírito Santo;Sudeste;0;-20.4159;-40.67;2929;27;America/Sao_Paulo
3203353;Marilândia;32;ES;Espírito Santo;Sudeste;0;-19.4114;-40.5456;5707;27;America/Sao_Paulo
3203403;Mimoso do Sul;32;ES;Espírito Santo;Sudeste;0;-21.0628;-41.3615;5667;28;America/Sao_Paulo
3203502;Montanha;32;ES;Espírito Santo;Sudeste;0;-18.1303;-40.3668;5669;27;America/Sao_Paulo
3203601;Mucurici;32;ES;Espírito Santo;Sudeste;0;-18.0965;-40.52;5671;27;America/Sao_Paulo
3203700;Muniz Freire;32;ES;Espírito Santo;Sudeste;0;-20.4652;-41.4156;5673;28;America/Sao_Paulo
3203809;Muqui;32;ES;Espírito Santo;Sudeste;0;-20.9509;-41.346;5675;28;America/Sao_Paulo
3203908;Nova Venécia;32;ES;Espírito Santo;Sudeste;0;-18.715;-40.4053;5677;27;America/Sao_Paulo
3204005;Pancas;32;ES;Espírito Santo;Sudeste;0;-19.2229;-40.8534;5679;27;America/Sao_Paulo
3204054;Pedro Canário;32;ES;Espírito Santo;Sudeste;0;-18.3004;-39.9574;5715;27;America/Sao_Paulo
3204104;Pinheiros;32;ES;Espírito Santo;Sudeste;0;-18.4141;-40.2171;5681;27;America/Sao_Paulo
3204203;Piúma;32;ES;Espírito Santo;Sudeste;0;-20.8334;-40.7268;5683;28;America/Sao_Paulo
3204252;Ponto Belo;32;ES;Espírito Santo;Sudeste;0;-18.1253;-40.5458;0762;27;America/Sao_Paulo
3204302;Presidente Kennedy;32;ES;Espírito Santo;Sudeste;0;-21.0964;-41.0468;5685;28;America/Sao_Paulo
3204351;Rio Bananal;32;ES;Espírito Santo;Sudeste;0;-19.2719;-40.3366;5711;27;America/Sao_Paulo
3204401;Rio Novo do Sul;32;ES;Espírito Santo;Sudeste;0;-20.8556;-40.9388;5687;28;America/Sao_Paulo
3204500;Santa Leopoldina;32;ES;Espírito Santo;Sudeste;0;-20.0999;-40.527;5689;27;America/Sao_Paulo
3204559;Santa Maria de Jetibá;32;ES;Espírito Santo;Sudeste;0;-20.0253;-40.7439;5725;27;America/Sao_Paulo
3204609;Santa Teresa;32;ES;Espírito Santo;Sudeste;0;-19.9363;-40.5979;5691;27;America/Sao_Paulo
3204658;São Domingos do Norte;32;ES;Espírito Santo;Sudeste;0;-19.1452;-40.6281;2933;27;America/Sao_Paulo
3204708;São Gabriel da Palha;32;ES;Espírito Santo;Sudeste;0;-19.0182;-40.5365;5693;27;America/Sao_Paulo
3204807;São José do Calçado;32;ES;Espírito Santo;Sudeste;0;-21.0274;-41.6636;5695;28;America/Sao_Paulo
3204906;São Mateus;32;ES;Espírito Santo;Sudeste;0;-18.7214;-39.8579;5697;27;America/Sao_Paulo
3204955;São Roque do Canaã;32;ES;Espírito Santo;Sudeste;0;-19.7411;-40.6526;0764;27;America/Sao_Paulo
3205002;Serra;32;ES;Espírito Santo;Sudeste;0;-20.121;-40.3074;5699;27;America/Sao_Paulo
3205010;Sooretama;32;ES;Espírito Santo;Sudeste;0;-19.1897;-40.0974;0766;27;America/Sao_Paulo
3205036;Vargem Alta;32;ES;Espírito Santo;Sudeste;0;-20.669;-41.0179;5727;28;America/Sao_Paulo
3205069;Venda Nova do Imigrante;32;ES;Espírito Santo;Sudeste;0;-20.327;-41.1355;5729;28;America/Sao_Paulo
3205101;Viana;32;ES;Espírito Santo;Sudeste;0;-20.3825;-40.4933;5701;27;America/Sao_Paulo
3205150;Vila Pavão;32;ES;Espírito Santo;Sudeste;0;-18.6091;-40.609;2935;27;America/Sao_Paulo
3205176;Vila Valério;32;ES;Espírito Santo;Sudeste;0;-18.9958;-40.3849;0768;27;America/Sao_Paulo
3205200;Vila Velha;32;ES;Espírito Santo;Sudeste;0;-20.3417;-40.2875;5703;27;America/Sao_Paulo
3205309;Vitória;32;ES;Espírito Santo;Sudeste;1;-20.3155;-40.3128;5705;27;America/Sao_Paulo
3300100;Angra dos Reis;33;RJ;Rio de Janeiro;Sudeste;0;-23.0011;-44.3196;5801;24;America/Sao_Paulo
3300159;Aperibé;33;RJ;Rio de Janeiro;Sudeste;0;-21.6252;-42.1017;2919;22;America/Sao_Paulo
3300209;Araruama;33;RJ;Rio de Janeiro;Sudeste;0;-22.8697;-42.3326;5803;22;America/Sao_Paulo
3300225;Areal;33;RJ;Rio de Janeiro;Sudeste;0;-22.2283;-43.1118;2925;24;America/Sao_Paulo
3300233;Armação dos Búzios;33;RJ;Rio de Janeiro;Sudeste;0;-22.7528;-41.8846;0770;22;America/Sao_Paulo
3300258;Arraial do Cabo;33;RJ;Rio de Janeiro;Sudeste;0;-22.9774;-42.0267;5927;22;America/Sao_Paulo
3300308;Barra do Piraí;33;RJ;Rio de Janeiro;Sudeste;0;-22.4715;-43.8269;5805;24;America/Sao_Paulo
3300407;Barra Mansa;33;RJ;Rio de Janeiro;Sudeste;0;-22.5481;-44.1752;5807;24;America/Sao_Paulo
3300456;Belford Roxo;33;RJ;Rio de Janeiro;Sudeste;0;-22.764;-43.3992;2909;21;America/Sao_Paulo
3300506;Bom Jardim;33;RJ;Rio de Janeiro;Sudeste;0;-22.1545;-42.4251;5809;22;America/Sao_Paulo
3300605;Bom Jesus do Itabapoana;33;RJ;Rio de Janeiro;Sudeste;0;-21.1449;-41.6822;5811;22;America/Sao_Paulo
3300704;Cabo Frio;33;RJ;Rio de Janeiro;Sudeste;0;-22.8894;-42.0286;5813;22;America/Sao_Paulo
3300803;Cachoeiras de Macacu;33;RJ;Rio de Janeiro;Sudeste;0;-22.4658;-42.6523;5815;21;America/Sao_Paulo
3300902;Cambuci;33;RJ;Rio de Janeiro;Sudeste;0;-21.5691;-41.9187;5817;22;America/Sao_Paulo
3300936;Carapebus;33;RJ;Rio de Janeiro;Sudeste;0;-22.1821;-41.663;0772;22;America/Sao_Paulo
3300951;Comendador Levy Gasparian;33;RJ;Rio de Janeiro;Sudeste;0;-22.0404;-43.214;2927;24;America/Sao_Paulo
3301009;Campos dos Goytacazes;33;RJ;Rio de Janeiro;Sudeste;0;-21.7622;-41.3181;5819;22;America/Sao_Paulo
3301108;Cantagalo;33;RJ;Rio de Janeiro;Sudeste;0;-21.9797;-42.3664;5821;22;America/Sao_Paulo
3301157;Cardoso Moreira;33;RJ;Rio de Janeiro;Sudeste;0;-21.4846;-41.6165;2915;22;America/Sao_Paulo
3301207;Carmo;33;RJ;Rio de Janeiro;Sudeste;0;-21.931;-42.6046;5823;22;America/Sao_Paulo
3301306;Casimiro de Abreu;33;RJ;Rio de Janeiro;Sudeste;0;-22.4812;-42.2066;5825;22;America/Sao_Paulo
3301405;Conceição de Macabu;33;RJ;Rio de Janeiro;Sudeste;0;-22.0834;-41.8719;5827;22;America/Sao_Paulo
3301504;Cordeiro;33;RJ;Rio de Janeiro;Sudeste;0;-22.0267;-42.3648;5829;22;America/Sao_Paulo
3301603;Duas Barras;33;RJ;Rio de Janeiro;Sudeste;0;-22.0536;-42.5232;5831;22;America/Sao_Paulo
3301702;Duque de Caxias;33;RJ;Rio de Janeiro;Sudeste;0;-22.7858;-43.3049;5833;21;America/Sao_Paulo
3301801;Engenheiro Paulo de Frontin;33;RJ;Rio de Janeiro;Sudeste;0;-22.5498;-43.6827;5835;24;America/Sao_Paulo
3301850;Guapimirim;33;RJ;Rio de Janeiro;Sudeste;0;-22.5347;-42.9895;2907;21;America/Sao_Paulo
3301876;Iguaba Grande;33;RJ;Rio de Janeiro;Sudeste;0;-22.8495;-42.2299;0774;22;America/Sao_Paulo
3301900;Itaboraí;33;RJ;Rio de Janeiro;Sudeste;0;-22.7565;-42.8639;5837;21;America/Sao_Paulo
3302007;Itaguaí;33;RJ;Rio de Janeiro;Sudeste;0;-22.8636;-43.7798;5839;21;America/Sao_Paulo
3302056;Italva;33;RJ;Rio de Janeiro;Sudeste;0;-21.4296;-41.7014;5929;22;America/Sao_Paulo
3302106;Itaocara;33;RJ;Rio de Janeiro;Sudeste;0;-21.6748;-42.0758;5841;22;America/Sao_Paulo
3302205;Itaperuna;33;RJ;Rio de Janeiro;Sudeste;0;-21.1997;-41.8799;5843;22;America/Sao_Paulo
3302254;Itatiaia;33;RJ;Rio de Janeiro;Sudeste;0;-22.4897;-44.5675;6003;24;America/Sao_Paulo
3302270;Japeri;33;RJ;Rio de Janeiro;Sudeste;0;-22.6435;-43.6602;2913;21;America/Sao_Paulo
3302304;Laje do Muriaé;33;RJ;Rio de Janeiro;Sudeste;0;-21.2091;-42.1271;5845;22;America/Sao_Paulo
3302403;Macaé;33;RJ;Rio de Janeiro;Sudeste;0;-22.3768;-41.7848;5847;22;America/Sao_Paulo
3302452;Macuco;33;RJ;Rio de Janeiro;Sudeste;0;-21.9813;-42.2533;0776;22;America/Sao_Paulo
3302502;Magé;33;RJ;Rio de Janeiro;Sudeste;0;-22.6632;-43.0315;5849;21;America/Sao_Paulo
3302601;Mangaratiba;33;RJ;Rio de Janeiro;Sudeste;0;-22.9594;-44.0409;5851;21;America/Sao_Paulo
3302700;Maricá;33;RJ;Rio de Janeiro;Sudeste;0;-22.9354;-42.8246;5853;21;America/Sao_Paulo
3302809;Mendes;33;RJ;Rio de Janeiro;Sudeste;0;-22.5245;-43.7312;5855;24;America/Sao_Paulo
3302858;Mesquita;33;RJ;Rio de Janeiro;Sudeste;0;-22.8028;-43.4601;1116;21;America/Sao_Paulo
3302908;Miguel Pereira;33;RJ;Rio de Janeiro;Sudeste;0;-22.4572;-43.4803;5857;24;America/Sao_Paulo
3303005;Miracema;33;RJ;Rio de Janeiro;Sudeste;0;-21.4148;-42.1938;5859;22;America/Sao_Paulo
3303104;Natividade;33;RJ;Rio de Janeiro;Sudeste;0;-21.039;-41.9697;5861;22;America/Sao_Paulo
3303203;Nilópolis;33;RJ;Rio de Janeiro;Sudeste;0;-22.8057;-43.4233;5863;21;America/Sao_Paulo
3303302;Niterói;33;RJ;Rio de Janeiro;Sudeste;0;-22.8832;-43.1034;5865;21;America/Sao_Paulo
3303401;Nova Friburgo;33;RJ;Rio de Janeiro;Sudeste;0;-22.2932;-42.5377;5867;22;America/Sao_Paulo
3303500;Nova Iguaçu;33;RJ;Rio de Janeiro;Sudeste;0;-22.7556;-43.4603;5869;21;America/Sao_Paulo
3303609;Paracambi;33;RJ;Rio de Janeiro;Sudeste;0;-22.6078;-43.7108;5871;21;America/Sao_Paulo
3303708;Paraíba do Sul;33;RJ;Rio de Janeiro;Sudeste;0;-22.1585;-43.304;5873;24;America/Sao_Paulo
3303807;Paraty;33;RJ;Rio de Janeiro;Sudeste;0;-23.2221;-44.7175;5875;24;America/Sao_Paulo
3303856;Paty do Alferes;33;RJ;Rio de Janeiro;Sudeste;0;-22.4309;-43.4285;6005;24;America/Sao_Paulo
3303906;Petrópolis;33;RJ;Rio de Janeiro;Sudeste;0;-22.52;-43.1926;5877;24;America/Sao_Paulo
3303955;Pinheiral;33;RJ;Rio de Janeiro;Sudeste;0;-22.5172;-44.0022;0778;24;America/Sao_Paulo
3304003;Piraí;33;RJ;Rio de Janeiro;Sudeste;0;-22.6215;-43.9081;5879;24;America/Sao_Paulo
3304102;Porciúncula;33;RJ;Rio de Janeiro;Sudeste;0;-20.9632;-42.0465;5881;22;America/Sao_Paulo
3304110;Porto Real;33;RJ;Rio de Janeiro;Sudeste;0;-22.4175;-44.2952;0780;24;America/Sao_Paulo
3304128;Quatis;33;RJ;Rio de Janeiro;Sudeste;0;-22.4045;-44.2597;2923;24;America/Sao_Paulo
3304144;Queimados;33;RJ;Rio de Janeiro;Sudeste;0;-22.7102;-43.5518;2911;21;America/Sao_Paulo
3304151;Quissamã;33;RJ;Rio de Janeiro;Sudeste;0;-22.1031;-41.4693;6007;22;America/Sao_Paulo
3304201;Resende;33;RJ;Rio de Janeiro;Sudeste;0;-22.4705;-44.4509;5883;24;America/Sao_Paulo
3304300;Rio Bonito;33;RJ;Rio de Janeiro;Sudeste;0;-22.7181;-42.6276;5885;21;America/Sao_Paulo
3304409;Rio Claro;33;RJ;Rio de Janeiro;Sudeste;0;-22.72;-44.1419;5887;24;America/Sao_Paulo
3304508;Rio das Flores;33;RJ;Rio de Janeiro;Sudeste;0;-22.1692;-43.5856;5889;24;America/Sao_Paulo
3304524;Rio das Ostras;33;RJ;Rio de Janeiro;Sudeste;0;-22.5174;-41.9475;2921;22;America/Sao_Paulo
3304557;Rio de Janeiro;33;RJ;Rio de Janeiro;Sudeste;1;-22.9129;-43.2003;6001;21;America/Sao_Paulo
3304607;Santa Maria Madalena;33;RJ;Rio de Janeiro;Sudeste;0;-21.9547;-42.0098;5891;22;America/Sao_Paulo
3304706;Santo Antônio de Pádua;33;RJ;Rio de Janeiro;Sudeste;0;-21.541;-42.1832;5893;22;America/Sao_Paulo
3304755;São Francisco de Itabapoana;33;RJ;Rio de Janeiro;Sudeste;0;-21.4702;-41.1091;0782;22;America/Sao_Paulo
3304805;São Fidélis;33;RJ;Rio de Janeiro;Sudeste;0;-21.6551;-41.756;5895;22;America/Sao_Paulo
3304904;São Gonçalo;33;RJ;Rio de Janeiro;Sudeste;0;-22.8268;-43.0634;5897;21;America/Sao_Paulo
3305000;São João da Barra;33;RJ;Rio de Janeiro;Sudeste;0;-21.638;-41.0446;5899;22;America/Sao_Paulo
3305109;São João de Meriti;33;RJ;Rio de Janeiro;Sudeste;0;-22.8058;-43.3729;5901;21;America/Sao_Paulo
3305133;São José de Ubá;33;RJ;Rio de Janeiro;Sudeste;0;-21.3661;-41.9511;0784;22;America/Sao_Paulo
3305158;São José do Vale do Rio Preto;33;RJ;Rio de Janeiro;Sudeste;0;-22.1525;-42.9327;6009;24;America/Sao_Paulo
3305208;São Pedro da Aldeia;33;RJ;Rio de Janeiro;Sudeste;0;-22.8429;-42.1026;5903;22;America/Sao_Paulo
3305307;São Sebastião do Alto;33;RJ;Rio de Janeiro;Sudeste;0;-21.9578;-42.1328;5905;22;America/Sao_Paulo
3305406;Sapucaia;33;RJ;Rio de Janeiro;Sudeste;0;-21.9949;-42.9142;5907;24;America/Sao_Paulo
3305505;Saquarema;33;RJ;Rio de Janeiro;Sudeste;0;-22.9292;-42.5099;5909;22;America/Sao_Paulo
3305554;Seropédica;33;RJ;Rio de Janeiro;Sudeste;0;-22.7526;-43.7155;0786;21;America/Sao_Paulo
3305604;Silva Jardim;33;RJ;Rio de Janeiro;Sudeste;0;-22.6574;-42.3961;5911;22;America/Sao_Paulo
3305703;Sumidouro;33;RJ;Rio de Janeiro;Sudeste;0;-22.0485;-42.6761;5913;22;America/Sao_Paulo
3305752;Tanguá;33;RJ;Rio de Janeiro;Sudeste;0;-22.7423;-42.7202;0788;21;America/Sao_Paulo
3305802;Teresópolis;33;RJ;Rio de Janeiro;Sudeste;0;-22.4165;-42.9752;5915;21;America/Sao_Paulo
3305901;Trajano de Moraes;33;RJ;Rio de Janeiro;Sudeste;0;-22.0638;-42.0643;5917;22;America/Sao_Paulo
3306008;Três Rios;33;RJ;Rio de Janeiro;Sudeste;0;-22.1165;-43.2185;5919;24;America/Sao_Paulo
3306107;Valença;33;RJ;Rio de Janeiro;Sudeste;0;-22.2445;-43.7129;5921;24;America/Sao_Paulo
3306156;Varre-Sai;33;RJ;Rio de Janeiro;Sudeste;0;-20.9276;-41.8701;2917;22;America/Sao_Paulo
3306206;Vassouras;33;RJ;Rio de Janeiro;Sudeste;0;-22.4059;-43.6686;5923;24;America/Sao_Paulo
3306305;Volta Redonda;33;RJ;Rio de Janeiro;Sudeste;0;-22.5202;-44.0996;5925;24;America/Sao_Paulo
3500105;Adamantina;35;SP;São Paulo;Sudeste;0;-21.682;-51.0737;6101;18;America/Sao_Paulo
3500204;Adolfo;35;SP;São Paulo;Sudeste;0;-21.2325;-49.6451;6103;17;America/Sao_Paulo
3500303;Aguaí;35;SP;São Paulo;Sudeste;0;-22.0572;-46.9735;6105;19;America/Sao_Paulo
3500402;Águas da Prata;35;SP;São Paulo;Sudeste;0;-21.9319;-46.7176;6107;19;America/Sao_Paulo
3500501;Águas de Lindóia;35;SP;São Paulo;Sudeste;0;-22.4733;-46.6314;6109;19;America/Sao_Paulo
3500550;Águas de Santa Bárbara;35;SP;São Paulo;Sudeste;0;-22.8812;-49.2421;7019;14;America/Sao_Paulo
3500600;Águas de São Pedro;35;SP;São Paulo;Sudeste;0;-22.5977;-47.8734;6111;19;America/Sao_Paulo
3500709;Agudos;35;SP;São Paulo;Sudeste;0;-22.4694;-48.9863;6113;14;America/Sao_Paulo
3500758;Alambari;35;SP;São Paulo;Sudeste;0;-23.5503;-47.898;2995;15;America/Sao_Paulo
3500808;Alfredo Marcondes;35;SP;São Paulo;Sudeste;0;-21.9527;-51.414;6115;18;America/Sao_Paulo
3500907;Altair;35;SP;São Paulo;Sudeste;0;-20.5242;-49.0571;6117;17;America/Sao_Paulo
3501004;Altinópolis;35;SP;São Paulo;Sudeste;0;-21.0214;-47.3712;6119;16;America/Sao_Paulo
3501103;Alto Alegre;35;SP;São Paulo;Sudeste;0;-21.5811;-50.168;6121;18;America/Sao_Paulo
3501152;Alumínio;35;SP;São Paulo;Sudeste;0;-23.5306;-47.2546;3065;11;America/Sao_Paulo
3501202;Álvares Florence;35;SP;São Paulo;Sudeste;0;-20.3203;-49.9141;6123;17;America/Sao_Paulo
3501301;Álvares Machado;35;SP;São Paulo;Sudeste;0;-22.0764;-51.4722;6125;18;America/Sao_Paulo
3501400;Álvaro de Carvalho;35;SP;São Paulo;Sudeste;0;-22.0841;-49.719;6127;14;America/Sao_Paulo
3501509;Alvinlândia;35;SP;São Paulo;Sudeste;0;-22.4435;-49.7623;6129;14;America/Sao_Paulo
3501608;Americana;35;SP;São Paulo;Sudeste;0;-22.7374;-47.3331;6131;19;America/Sao_Paulo
3501707;Américo Brasiliense;35;SP;São Paulo;Sudeste;0;-21.7288;-48.1147;6133;16;America/Sao_Paulo
3501806;Américo de Campos;35;SP;São Paulo;Sudeste;0;-20.2985;-49.7359;6135;17;America/Sao_Paulo
3501905;Amparo;35;SP;São Paulo;Sudeste;0;-22.7088;-46.772;6137;19;America/Sao_Paulo
3502002;Analândia;35;SP;São Paulo;Sudeste;0;-22.1289;-47.6619;6139;19;America/Sao_Paulo
3502101;Andradina;35;SP;São Paulo;Sudeste;0;-20.8948;-51.3786;6141;18;America/Sao_Paulo
3502200;Angatuba;35;SP;São Paulo;Sudeste;0;-23.4917;-48.4139;6143;15;America/Sao_Paulo
3502309;Anhembi;35;SP;São Paulo;Sudeste;0;-22.793;-48.1336;6145;14;America/Sao_Paulo
3502408;Anhumas;35;SP;São Paulo;Sudeste;0;-22.2934;-51.3895;6147;18;America/Sao_Paulo
3502507;Aparecida;35;SP;São Paulo;Sudeste;0;-22.8495;-45.2325;6149;12;America/Sao_Paulo
3502606;Aparecida d'Oeste;35;SP;São Paulo;Sudeste;0;-20.4487;-50.8835;6151;17;America/Sao_Paulo
3502705;Apiaí;35;SP;São Paulo;Sudeste;0;-24.5108;-48.8443;6153;15;America/Sao_Paulo
3502754;Araçariguama;35;SP;São Paulo;Sudeste;0;-23.4366;-47.0608;3067;11;America/Sao_Paulo
3502804;Araçatuba;35;SP;São Paulo;Sudeste;0;-21.2076;-50.4401;6155;18;America/Sao_Paulo
3502903;Araçoiaba da Serra;35;SP;São Paulo;Sudeste;0;-23.5029;-47.6166;6157;15;America/Sao_Paulo
3503000;Aramina;35;SP;São Paulo;Sudeste;0;-20.0882;-47.7873;6159;16;America/Sao_Paulo
3503109;Arandu;35;SP;São Paulo;Sudeste;0;-23.1386;-49.0487;6161;14;America/Sao_Paulo
3503158;Arapeí;35;SP;São Paulo;Sudeste;0;-22.6717;-44.4441;2991;12;America/Sao_Paulo
3503208;Araraquara;35;SP;São Paulo;Sudeste;0;-21.7845;-48.178;6163;16;America/Sao_Paulo
3503307;Araras;35;SP;São Paulo;Sudeste;0;-22.3572;-47.3842;6165;19;America/Sao_Paulo
3503356;Arco-Íris;35;SP;São Paulo;Sudeste;0;-21.7728;-50.466;0790;14;America/Sao_Paulo
3503406;Arealva;35;SP;São Paulo;Sudeste;0;-22.031;-48.9135;6167;14;America/Sao_Paulo
3503505;Areias;35;SP;São Paulo;Sudeste;0;-22.5786;-44.6992;6169;12;America/Sao_Paulo
3503604;Areiópolis;35;SP;São Paulo;Sudeste;0;-22.6672;-48.6681;6171;14;America/Sao_Paulo
3503703;Ariranha;35;SP;São Paulo;Sudeste;0;-21.1872;-48.7904;6173;17;America/Sao_Paulo
3503802;Artur Nogueira;35;SP;São Paulo;Sudeste;0;-22.5727;-47.1727;6175;19;America/Sao_Paulo
3503901;Arujá;35;SP;São Paulo;Sudeste;0;-23.3965;-46.32;6177;11;America/Sao_Paulo
3503950;Aspásia;35;SP;São Paulo;Sudeste;0;-20.16;-50.728;2981;17;America/Sao_Paulo
3504008;Assis;35;SP;São Paulo;Sudeste;0;-22.66;-50.4183;6179;18;America/Sao_Paulo
3504107;Atibaia;35;SP;São Paulo;Sudeste;0;-23.1171;-46.5563;6181;11;America/Sao_Paulo
3504206;Auriflama;35;SP;São Paulo;Sudeste;0;-20.6836;-50.5572;6183;17;America/Sao_Paulo
3504305;Avaí;35;SP;São Paulo;Sudeste;0;-22.1514;-49.3356;6185;14;America/Sao_Paulo
3504404;Avanhandava;35;SP;São Paulo;Sudeste;0;-21.4584;-49.9509;6187;18;America/Sao_Paulo
3504503;Avaré;35;SP;São Paulo;Sudeste;0;-23.1067;-48.9251;6189;14;America/Sao_Paulo
3504602;Bady Bassitt;35;SP;São Paulo;Sudeste;0;-20.9197;-49.4385;6191;17;America/Sao_Paulo
3504701;Balbinos;35;SP;São Paulo;Sudeste;0;-21.8963;-49.3619;6193;14;America/Sao_Paulo
3504800;Bálsamo;35;SP;São Paulo;Sudeste;0;-20.7348;-49.5865;6195;17;America/Sao_Paulo
3504909;Bananal;35;SP;São Paulo;Sudeste;0;-22.6819;-44.3281;6197;12;America/Sao_Paulo
3505005;Barão de Antonina;35;SP;São Paulo;Sudeste;0;-23.6284;-49.5634;6201;15;America/Sao_Paulo
3505104;Barbosa;35;SP;São Paulo;Sudeste;0;-21.2657;-49.9518;6199;18;America/Sao_Paulo
3505203;Bariri;35;SP;São Paulo;Sudeste;0;-22.073;-48.7438;6203;14;America/Sao_Paulo
3505302;Barra Bonita;35;SP;São Paulo;Sudeste;0;-22.4909;-48.5583;6205;14;America/Sao_Paulo
3505351;Barra do Chapéu;35;SP;São Paulo;Sudeste;0;-24.4722;-49.0238;2997;15;America/Sao_Paulo
3505401;Barra do Turvo;35;SP;São Paulo;Sudeste;0;-24.759;-48.5013;6207;15;America/Sao_Paulo
3505500;Barretos;35;SP;São Paulo;Sudeste;0;-20.5531;-48.5698;6209;17;America/Sao_Paulo
3505609;Barrinha;35;SP;São Paulo;Sudeste;0;-21.1864;-48.1636;6211;16;America/Sao_Paulo
3505708;Barueri;35;SP;São Paulo;Sudeste;0;-23.5057;-46.879;6213;11;America/Sao_Paulo
3505807;Bastos;35;SP;São Paulo;Sudeste;0;-21.921;-50.7357;6215;14;America/Sao_Paulo
3505906;Batatais;35;SP;São Paulo;Sudeste;0;-20.8929;-47.5921;6217;16;America/Sao_Paulo
3506003;Bauru;35;SP;São Paulo;Sudeste;0;-22.3246;-49.0871;6219;14;America/Sao_Paulo
3506102;Bebedouro;35;SP;São Paulo;Sudeste;0;-20.9491;-48.4791;6221;17;America/Sao_Paulo
3506201;Bento de Abreu;35;SP;São Paulo;Sudeste;0;-21.2686;-50.814;6223;18;America/Sao_Paulo
3506300;Bernardino de Campos;35;SP;São Paulo;Sudeste;0;-23.0164;-49.4679;6225;14;America/Sao_Paulo
3506359;Bertioga;35;SP;São Paulo;Sudeste;0;-23.8486;-46.1396;2965;13;America/Sao_Paulo
3506409;Bilac;35;SP;São Paulo;Sudeste;0;-21.404;-50.4746;6227;18;America/Sao_Paulo
3506508;Birigui;35;SP;São Paulo;Sudeste;0;-21.291;-50.3432;6229;18;America/Sao_Paulo
3506607;Biritiba-Mirim;35;SP;São Paulo;Sudeste;0;-23.5698;-46.0407;6231;11;America/Sao_Paulo
3506706;Boa Esperança do Sul;35;SP;São Paulo;Sudeste;0;-21.9918;-48.3906;6233;16;America/Sao_Paulo
3506805;Bocaina;35;SP;São Paulo;Sudeste;0;-22.1365;-48.523;6235;14;America/Sao_Paulo
3506904;Bofete;35;SP;São Paulo;Sudeste;0;-23.1055;-48.2582;6237;14;America/Sao_Paulo
3507001;Boituva;35;SP;São Paulo;Sudeste;0;-23.2855;-47.6786;6239;15;America/Sao_Paulo
3507100;Bom Jesus dos Perdões;35;SP;São Paulo;Sudeste;0;-23.1356;-46.4675;6241;11;America/Sao_Paulo
3507159;Bom Sucesso de Itararé;35;SP;São Paulo;Sudeste;0;-24.3155;-49.1451;3059;15;America/Sao_Paulo
3507209;Borá;35;SP;São Paulo;Sudeste;0;-22.2696;-50.5409;6243;18;America/Sao_Paulo
3507308;Boracéia;35;SP;São Paulo;Sudeste;0;-22.1926;-48.7808;6245;14;America/Sao_Paulo
3507407;Borborema;35;SP;São Paulo;Sudeste;0;-21.6214;-49.0741;6247;16;America/Sao_Paulo
3507456;Borebi;35;SP;São Paulo;Sudeste;0;-22.5728;-48.9707;7247;14;America/Sao_Paulo
3507506;Botucatu;35;SP;São Paulo;Sudeste;0;-22.8837;-48.4437;6249;14;America/Sao_Paulo
3507605;Bragança Paulista;35;SP;São Paulo;Sudeste;0;-22.9527;-46.5419;6251;11;America/Sao_Paulo
3507704;Braúna;35;SP;São Paulo;Sudeste;0;-21.499;-50.3175;6255;18;America/Sao_Paulo
3507753;Brejo Alegre;35;SP;São Paulo;Sudeste;0;-21.1651;-50.1861;0792;18;America/Sao_Paulo
3507803;Brodowski;35;SP;São Paulo;Sudeste;0;-20.9845;-47.6572;6257;16;America/Sao_Paulo
3507902;Brotas;35;SP;São Paulo;Sudeste;0;-22.2795;-48.1251;6259;14;America/Sao_Paulo
3508009;Buri;35;SP;São Paulo;Sudeste;0;-23.7977;-48.5958;6261;15;America/Sao_Paulo
3508108;Buritama;35;SP;São Paulo;Sudeste;0;-21.0661;-50.1475;6263;18;America/Sao_Paulo
3508207;Buritizal;35;SP;São Paulo;Sudeste;0;-20.1911;-47.7096;6265;16;America/Sao_Paulo
3508306;Cabrália Paulista;35;SP;São Paulo;Sudeste;0;-22.4576;-49.3393;6267;14;America/Sao_Paulo
3508405;Cabreúva;35;SP;São Paulo;Sudeste;0;-23.3053;-47.1362;6269;11;America/Sao_Paulo
3508504;Caçapava;35;SP;São Paulo;Sudeste;0;-23.0992;-45.7076;6271;12;America/Sao_Paulo
3508603;Cachoeira Paulista;35;SP;São Paulo;Sudeste;0;-22.6665;-45.0154;6273;12;America/Sao_Paulo
3508702;Caconde;35;SP;São Paulo;Sudeste;0;-21.528;-46.6437;6275;19;America/Sao_Paulo
3508801;Cafelândia;35;SP;São Paulo;Sudeste;0;-21.8031;-49.6092;6277;14;America/Sao_Paulo
3508900;Caiabu;35;SP;São Paulo;Sudeste;0;-22.0127;-51.2394;6279;18;America/Sao_Paulo
3509007;Caieiras;35;SP;São Paulo;Sudeste;0;-23.3607;-46.7397;6281;11;America/Sao_Paulo
3509106;Caiuá;35;SP;São Paulo;Sudeste;0;-21.8322;-51.9969;6283;18;America/Sao_Paulo
3509205;Cajamar;35;SP;São Paulo;Sudeste;0;-23.355;-46.8781;6285;11;America/Sao_Paulo
3509254;Cajati;35;SP;São Paulo;Sudeste;0;-24.7324;-48.1223;2967;13;America/Sao_Paulo
3509304;Cajobi;35;SP;São Paulo;Sudeste;0;-20.8773;-48.8063;6287;17;America/Sao_Paulo
3509403;Cajuru;35;SP;São Paulo;Sudeste;0;-21.2749;-47.303;6289;16;America/Sao_Paulo
3509452;Campina do Monte Alegre;35;SP;São Paulo;Sudeste;0;-23.5895;-48.4758;2999;15;America/Sao_Paulo
3509502;Campinas;35;SP;São Paulo;Sudeste;0;-22.9053;-47.0659;6291;19;America/Sao_Paulo
3509601;Campo Limpo Paulista;35;SP;São Paulo;Sudeste;0;-23.2078;-46.7889;6293;11;America/Sao_Paulo
3509700;Campos do Jordão;35;SP;São Paulo;Sudeste;0;-22.7296;-45.5833;6295;12;America/Sao_Paulo
3509809;Campos Novos Paulista;35;SP;São Paulo;Sudeste;0;-22.602;-49.9987;6297;14;America/Sao_Paulo
3509908;Cananéia;35;SP;São Paulo;Sudeste;0;-25.0144;-47.9341;6299;13;America/Sao_Paulo
3509957;Canas;35;SP;São Paulo;Sudeste;0;-22.7003;-45.0521;0794;12;America/Sao_Paulo
3510005;Cândido Mota;35;SP;São Paulo;Sudeste;0;-22.7471;-50.3873;6301;18;America/Sao_Paulo
3510104;Cândido Rodrigues;35;SP;São Paulo;Sudeste;0;-21.3275;-48.6327;6303;16;America/Sao_Paulo
3510153;Canitar;35;SP;São Paulo;Sudeste;0;-23.004;-49.7839;2947;14;America/Sao_Paulo
3510203;Capão Bonito;35;SP;São Paulo;Sudeste;0;-24.0113;-48.3482;6305;15;America/Sao_Paulo
3510302;Capela do Alto;35;SP;São Paulo;Sudeste;0;-23.4685;-47.7388;6307;15;America/Sao_Paulo
3510401;Capivari;35;SP;São Paulo;Sudeste;0;-22.9951;-47.5071;6309;19;America/Sao_Paulo
3510500;Caraguatatuba;35;SP;São Paulo;Sudeste;0;-23.6125;-45.4125;6311;12;America/Sao_Paulo
3510609;Carapicuíba;35;SP;São Paulo;Sudeste;0;-23.5235;-46.8407;6313;11;America/Sao_Paulo
3510708;Cardoso;35;SP;São Paulo;Sudeste;0;-20.08;-49.9183;6315;17;America/Sao_Paulo
3510807;Casa Branca;35;SP;São Paulo;Sudeste;0;-21.7708;-47.0852;6317;19;America/Sao_Paulo
3510906;Cássia dos Coqueiros;35;SP;São Paulo;Sudeste;0;-21.2801;-47.1643;6319;16;America/Sao_Paulo
3511003;Castilho;35;SP;São Paulo;Sudeste;0;-20.8689;-51.4884;6321;18;America/Sao_Paulo
3511102;Catanduva;35;SP;São Paulo;Sudeste;0;-21.1314;-48.977;6323;17;America/Sao_Paulo
3511201;Catiguá;35;SP;São Paulo;Sudeste;0;-21.0519;-49.0616;6325;17;America/Sao_Paulo
3511300;Cedral;35;SP;São Paulo;Sudeste;0;-20.9009;-49.2664;6327;17;America/Sao_Paulo
3511409;Cerqueira César;35;SP;São Paulo;Sudeste;0;-23.038;-49.1655;6329;14;America/Sao_Paulo
3511508;Cerquilho;35;SP;São Paulo;Sudeste;0;-23.1665;-47.7459;6331;15;America/Sao_Paulo
3511607;Cesário Lange;35;SP;São Paulo;Sudeste;0;-23.226;-47.9545;6333;15;America/Sao_Paulo
3511706;Charqueada;35;SP;São Paulo;Sudeste;0;-22.5096;-47.7755;6335;19;America/Sao_Paulo
3511904;Clementina;35;SP;São Paulo;Sudeste;0;-21.5604;-50.4525;6339;18;America/Sao_Paulo
3512001;Colina;35;SP;São Paulo;Sudeste;0;-20.7114;-48.5387;6341;17;America/Sao_Paulo
3512100;Colômbia;35;SP;São Paulo;Sudeste;0;-20.1768;-48.6865;6343;17;America/Sao_Paulo
3512209;Conchal;35;SP;São Paulo;Sudeste;0;-22.3375;-47.1729;6345;19;America/Sao_Paulo
3512308;Conchas;35;SP;São Paulo;Sudeste;0;-23.0154;-48.0134;6347;14;America/Sao_Paulo
3512407;Cordeirópolis;35;SP;São Paulo;Sudeste;0;-22.4778;-47.4519;6349;19;America/Sao_Paulo
3512506;Coroados;35;SP;São Paulo;Sudeste;0;-21.3521;-50.2859;6351;18;America/Sao_Paulo
3512605;Coronel Macedo;35;SP;São Paulo;Sudeste;0;-23.6261;-49.31;6353;14;America/Sao_Paulo
3512704;Corumbataí;35;SP;São Paulo;Sudeste;0;-22.2213;-47.6215;6355;19;America/Sao_Paulo
3512803;Cosmópolis;35;SP;São Paulo;Sudeste;0;-22.6419;-47.1926;6357;19;America/Sao_Paulo
3512902;Cosmorama;35;SP;São Paulo;Sudeste;0;-20.4755;-49.7827;6359;17;America/Sao_Paulo
3513009;Cotia;35;SP;São Paulo;Sudeste;0;-23.6022;-46.919;6361;11;America/Sao_Paulo
3513108;Cravinhos;35;SP;São Paulo;Sudeste;0;-21.338;-47.7324;6363;16;America/Sao_Paulo
3513207;Cristais Paulista;35;SP;São Paulo;Sudeste;0;-20.4036;-47.4209;6365;16;America/Sao_Paulo
3513306;Cruzália;35;SP;São Paulo;Sudeste;0;-22.7373;-50.7909;6367;18;America/Sao_Paulo
3513405;Cruzeiro;35;SP;São Paulo;Sudeste;0;-22.5728;-44.969;6369;12;America/Sao_Paulo
3513504;Cubatão;35;SP;São Paulo;Sudeste;0;-23.8911;-46.424;6371;13;America/Sao_Paulo
3513603;Cunha;35;SP;São Paulo;Sudeste;0;-23.0731;-44.9576;6373;12;America/Sao_Paulo
3513702;Descalvado;35;SP;São Paulo;Sudeste;0;-21.9002;-47.6181;6375;19;America/Sao_Paulo
3513801;Diadema;35;SP;São Paulo;Sudeste;0;-23.6813;-46.6205;6377;11;America/Sao_Paulo
3513850;Dirce Reis;35;SP;São Paulo;Sudeste;0;-20.4642;-50.6073;7249;17;America/Sao_Paulo
3513900;Divinolândia;35;SP;São Paulo;Sudeste;0;-21.6637;-46.7361;6379;19;America/Sao_Paulo
3514007;Dobrada;35;SP;São Paulo;Sudeste;0;-21.5155;-48.3935;6381;16;America/Sao_Paulo
3514106;Dois Córregos;35;SP;São Paulo;Sudeste;0;-22.3673;-48.3819;6383;14;America/Sao_Paulo
3514205;Dolcinópolis;35;SP;São Paulo;Sudeste;0;-20.124;-50.5149;6385;17;America/Sao_Paulo
3514304;Dourado;35;SP;São Paulo;Sudeste;0;-22.1044;-48.3178;6387;16;America/Sao_Paulo
3514403;Dracena;35;SP;São Paulo;Sudeste;0;-21.4843;-51.535;6389;18;America/Sao_Paulo
3514502;Duartina;35;SP;São Paulo;Sudeste;0;-22.4146;-49.4084;6391;14;America/Sao_Paulo
3514601;Dumont;35;SP;São Paulo;Sudeste;0;-21.2324;-47.9756;6393;16;America/Sao_Paulo
3514700;Echaporã;35;SP;São Paulo;Sudeste;0;-22.4326;-50.2038;6395;18;America/Sao_Paulo
3514809;Eldorado;35;SP;São Paulo;Sudeste;0;-24.5281;-48.1141;6397;13;America/Sao_Paulo
3514908;Elias Fausto;35;SP;São Paulo;Sudeste;0;-23.0428;-47.3682;6399;19;America/Sao_Paulo
3514924;Elisiário;35;SP;São Paulo;Sudeste;0;-21.1678;-49.1146;2975;17;America/Sao_Paulo
3514957;Embaúba;35;SP;São Paulo;Sudeste;0;-20.9796;-48.8325;7251;17;America/Sao_Paulo
3515004;Embu das Artes;35;SP;São Paulo;Sudeste;0;-23.6437;-46.8579;6401;11;America/Sao_Paulo
3515103;Embu-Guaçu;35;SP;São Paulo;Sudeste;0;-23.8297;-46.8136;6403;11;America/Sao_Paulo
3515129;Emilianópolis;35;SP;São Paulo;Sudeste;0;-21.8314;-51.4832;2961;18;America/Sao_Paulo
3515152;Engenheiro Coelho;35;SP;São Paulo;Sudeste;0;-22.4836;-47.211;2949;19;America/Sao_Paulo
3515186;Espírito Santo do Pinhal;35;SP;São Paulo;Sudeste;0;-22.1909;-46.7477;6865;19;America/Sao_Paulo
3515194;Espírito Santo do Turvo;35;SP;São Paulo;Sudeste;0;-22.6925;-49.4341;7253;14;America/Sao_Paulo
3515202;Estrela d'Oeste;35;SP;São Paulo;Sudeste;0;-20.2875;-50.4049;6405;17;America/Sao_Paulo
3515301;Estrela do Norte;35;SP;São Paulo;Sudeste;0;-22.4859;-51.6632;6407;18;America/Sao_Paulo
3515350;Euclides da Cunha Paulista;35;SP;São Paulo;Sudeste;0;-22.5545;-52.5928;7255;18;America/Sao_Paulo
3515400;Fartura;35;SP;São Paulo;Sudeste;0;-23.3916;-49.5124;6409;14;America/Sao_Paulo
3515509;Fernandópolis;35;SP;São Paulo;Sudeste;0;-20.2806;-50.2471;6411;17;America/Sao_Paulo
3515608;Fernando Prestes;35;SP;São Paulo;Sudeste;0;-21.2661;-48.6874;6413;16;America/Sao_Paulo
3515657;Fernão;35;SP;São Paulo;Sudeste;0;-22.3607;-49.5187;0796;14;America/Sao_Paulo
3515707;Ferraz de Vasconcelos;35;SP;São Paulo;Sudeste;0;-23.5411;-46.371;6415;11;America/Sao_Paulo
3515806;Flora Rica;35;SP;São Paulo;Sudeste;0;-21.6727;-51.3821;6417;18;America/Sao_Paulo
3515905;Floreal;35;SP;São Paulo;Sudeste;0;-20.6752;-50.1513;6419;17;America/Sao_Paulo
3516002;Flórida Paulista;35;SP;São Paulo;Sudeste;0;-21.6127;-51.1724;6421;18;America/Sao_Paulo
3516101;Florínia;35;SP;São Paulo;Sudeste;0;-22.868;-50.6814;6423;18;America/Sao_Paulo
3516200;Franca;35;SP;São Paulo;Sudeste;0;-20.5352;-47.4039;6425;16;America/Sao_Paulo
3516309;Francisco Morato;35;SP;São Paulo;Sudeste;0;-23.2792;-46.7448;6427;11;America/Sao_Paulo
3516408;Franco da Rocha;35;SP;São Paulo;Sudeste;0;-23.3229;-46.729;6429;11;America/Sao_Paulo
3516507;Gabriel Monteiro;35;SP;São Paulo;Sudeste;0;-21.5294;-50.5573;6431;18;America/Sao_Paulo
3516606;Gália;35;SP;São Paulo;Sudeste;0;-22.2918;-49.5504;6433;14;America/Sao_Paulo
3516705;Garça;35;SP;São Paulo;Sudeste;0;-22.2125;-49.6546;6435;14;America/Sao_Paulo
3516804;Gastão Vidigal;35;SP;São Paulo;Sudeste;0;-20.7948;-50.1912;6437;17;America/Sao_Paulo
3516853;Gavião Peixoto;35;SP;São Paulo;Sudeste;0;-21.8367;-48.4957;0798;16;America/Sao_Paulo
3516903;General Salgado;35;SP;São Paulo;Sudeste;0;-20.6485;-50.364;6439;17;America/Sao_Paulo
3517000;Getulina;35;SP;São Paulo;Sudeste;0;-21.7961;-49.9312;6441;14;America/Sao_Paulo
3517109;Glicério;35;SP;São Paulo;Sudeste;0;-21.3812;-50.2123;6443;18;America/Sao_Paulo
3517208;Guaiçara;35;SP;São Paulo;Sudeste;0;-21.6195;-49.8013;6445;14;America/Sao_Paulo
3517307;Guaimbê;35;SP;São Paulo;Sudeste;0;-21.9091;-49.8986;6447;14;America/Sao_Paulo
3517406;Guaíra;35;SP;São Paulo;Sudeste;0;-20.3196;-48.312;6449;17;America/Sao_Paulo
3517505;Guapiaçu;35;SP;São Paulo;Sudeste;0;-20.7959;-49.2172;6451;17;America/Sao_Paulo
3517604;Guapiara;35;SP;São Paulo;Sudeste;0;-24.1892;-48.5295;6453;15;America/Sao_Paulo
3517703;Guará;35;SP;São Paulo;Sudeste;0;-20.4302;-47.8236;6455;16;America/Sao_Paulo
3517802;Guaraçaí;35;SP;São Paulo;Sudeste;0;-21.0292;-51.2119;6457;18;America/Sao_Paulo
3517901;Guaraci;35;SP;São Paulo;Sudeste;0;-20.4977;-48.9391;6459;17;America/Sao_Paulo
3518008;Guarani d'Oeste;35;SP;São Paulo;Sudeste;0;-20.0746;-50.3411;6461;17;America/Sao_Paulo
3518107;Guarantã;35;SP;São Paulo;Sudeste;0;-21.8942;-49.5914;6463;14;America/Sao_Paulo
3518206;Guararapes;35;SP;São Paulo;Sudeste;0;-21.2544;-50.6453;6465;18;America/Sao_Paulo
3518305;Guararema;35;SP;São Paulo;Sudeste;0;-23.4112;-46.0369;6467;11;America/Sao_Paulo
3518404;Guaratinguetá;35;SP;São Paulo;Sudeste;0;-22.8075;-45.1938;6469;12;America/Sao_Paulo
3518503;Guareí;35;SP;São Paulo;Sudeste;0;-23.3714;-48.1837;6471;15;America/Sao_Paulo
3518602;Guariba;35;SP;São Paulo;Sudeste;0;-21.3594;-48.2316;6473;16;America/Sao_Paulo
3518701;Guarujá;35;SP;São Paulo;Sudeste;0;-23.9888;-46.258;6475;13;America/Sao_Paulo
3518800;Guarulhos;35;SP;São Paulo;Sudeste;0;-23.4538;-46.5333;6477;11;America/Sao_Paulo
3518859;Guatapará;35;SP;São Paulo;Sudeste;0;-21.4944;-48.0356;7257;16;America/Sao_Paulo
3518909;Guzolândia;35;SP;São Paulo;Sudeste;0;-20.6467;-50.6645;6479;17;America/Sao_Paulo
3519006;Herculândia;35;SP;São Paulo;Sudeste;0;-22.0038;-50.3907;6481;14;America/Sao_Paulo
3519055;Holambra;35;SP;São Paulo;Sudeste;0;-22.6405;-47.0487;2953;19;America/Sao_Paulo
3519071;Hortolândia;35;SP;São Paulo;Sudeste;0;-22.8529;-47.2143;2951;19;America/Sao_Paulo
3519105;Iacanga;35;SP;São Paulo;Sudeste;0;-21.8896;-49.031;6483;14;America/Sao_Paulo
3519204;Iacri;35;SP;São Paulo;Sudeste;0;-21.8572;-50.6932;6485;14;America/Sao_Paulo
3519253;Iaras;35;SP;São Paulo;Sudeste;0;-22.8682;-49.1634;7259;14;America/Sao_Paulo
3519303;Ibaté;35;SP;São Paulo;Sudeste;0;-21.9584;-47.9882;6487;16;America/Sao_Paulo
3519402;Ibirá;35;SP;São Paulo;Sudeste;0;-21.083;-49.2448;6489;17;America/Sao_Paulo
3519501;Ibirarema;35;SP;São Paulo;Sudeste;0;-22.8185;-50.0739;6491;14;America/Sao_Paulo
3519600;Ibitinga;35;SP;São Paulo;Sudeste;0;-21.7562;-48.8319;6493;16;America/Sao_Paulo
3519709;Ibiúna;35;SP;São Paulo;Sudeste;0;-23.6596;-47.223;6495;15;America/Sao_Paulo
3519808;Icém;35;SP;São Paulo;Sudeste;0;-20.3391;-49.1915;6497;17;America/Sao_Paulo
3519907;Iepê;35;SP;São Paulo;Sudeste;0;-22.6602;-51.0779;6499;18;America/Sao_Paulo
3520004;Igaraçu do Tietê;35;SP;São Paulo;Sudeste;0;-22.509;-48.5597;6501;14;America/Sao_Paulo
3520103;Igarapava;35;SP;São Paulo;Sudeste;0;-20.0407;-47.7466;6503;16;America/Sao_Paulo
3520202;Igaratá;35;SP;São Paulo;Sudeste;0;-23.2037;-46.157;6505;11;America/Sao_Paulo
3520301;Iguape;35;SP;São Paulo;Sudeste;0;-24.699;-47.5537;6507;13;America/Sao_Paulo
3520400;Ilhabela;35;SP;São Paulo;Sudeste;0;-23.7785;-45.3552;6509;12;America/Sao_Paulo
3520426;Ilha Comprida;35;SP;São Paulo;Sudeste;0;-24.7307;-47.5383;2969;13;America/Sao_Paulo
3520442;Ilha Solteira;35;SP;São Paulo;Sudeste;0;-20.4326;-51.3426;2943;18;America/Sao_Paulo
3520509;Indaiatuba;35;SP;São Paulo;Sudeste;0;-23.0816;-47.2101;6511;19;America/Sao_Paulo
3520608;Indiana;35;SP;São Paulo;Sudeste;0;-22.1738;-51.2555;6513;18;America/Sao_Paulo
3520707;Indiaporã;35;SP;São Paulo;Sudeste;0;-19.979;-50.2909;6515;17;America/Sao_Paulo
3520806;Inúbia Paulista;35;SP;São Paulo;Sudeste;0;-21.7695;-50.9633;6517;18;America/Sao_Paulo
3520905;Ipaussu;35;SP;São Paulo;Sudeste;0;-23.0575;-49.6279;6519;14;America/Sao_Paulo
3521002;Iperó;35;SP;São Paulo;Sudeste;0;-23.3513;-47.6927;6521;15;America/Sao_Paulo
3521101;Ipeúna;35;SP;São Paulo;Sudeste;0;-22.4355;-47.7151;6523;19;America/Sao_Paulo
3521150;Ipiguá;35;SP;São Paulo;Sudeste;0;-20.6557;-49.3842;0800;17;America/Sao_Paulo
3521200;Iporanga;35;SP;São Paulo;Sudeste;0;-24.5847;-48.5971;6525;15;America/Sao_Paulo
3521309;Ipuã;35;SP;São Paulo;Sudeste;0;-20.4438;-48.0129;6527;16;America/Sao_Paulo
3521408;Iracemápolis;35;SP;São Paulo;Sudeste;0;-22.5832;-47.523;6529;19;America/Sao_Paulo
3521507;Irapuã;35;SP;São Paulo;Sudeste;0;-21.2768;-49.4164;6531;17;America/Sao_Paulo
3521606;Irapuru;35;SP;São Paulo;Sudeste;0;-21.5684;-51.3472;6533;18;America/Sao_Paulo
3521705;Itaberá;35;SP;São Paulo;Sudeste;0;-23.8638;-49.14;6535;15;America/Sao_Paulo
3521804;Itaí;35;SP;São Paulo;Sudeste;0;-23.4213;-49.092;6537;14;America/Sao_Paulo
3521903;Itajobi;35;SP;São Paulo;Sudeste;0;-21.3123;-49.0629;6539;17;America/Sao_Paulo
3522000;Itaju;35;SP;São Paulo;Sudeste;0;-21.9857;-48.8116;6541;14;America/Sao_Paulo
3522109;Itanhaém;35;SP;São Paulo;Sudeste;0;-24.1736;-46.788;6543;13;America/Sao_Paulo
3522158;Itaóca;35;SP;São Paulo;Sudeste;0;-24.6393;-48.8413;3053;15;America/Sao_Paulo
3522208;Itapecerica da Serra;35;SP;São Paulo;Sudeste;0;-23.7161;-46.8572;6545;11;America/Sao_Paulo
3522307;Itapetininga;35;SP;São Paulo;Sudeste;0;-23.5886;-48.0483;6547;15;America/Sao_Paulo
3522406;Itapeva;35;SP;São Paulo;Sudeste;0;-23.9788;-48.8764;6549;15;America/Sao_Paulo
3522505;Itapevi;35;SP;São Paulo;Sudeste;0;-23.5488;-46.9327;6551;11;America/Sao_Paulo
3522604;Itapira;35;SP;São Paulo;Sudeste;0;-22.4357;-46.8224;6553;19;America/Sao_Paulo
3522653;Itapirapuã Paulista;35;SP;São Paulo;Sudeste;0;-24.572;-49.1661;3055;15;America/Sao_Paulo
3522703;Itápolis;35;SP;São Paulo;Sudeste;0;-21.5942;-48.8149;6555;16;America/Sao_Paulo
3522802;Itaporanga;35;SP;São Paulo;Sudeste;0;-23.7043;-49.4819;6557;15;America/Sao_Paulo
3522901;Itapuí;35;SP;São Paulo;Sudeste;0;-22.2324;-48.7197;6559;14;America/Sao_Paulo
3523008;Itapura;35;SP;São Paulo;Sudeste;0;-20.6419;-51.5063;6561;18;America/Sao_Paulo
3523107;Itaquaquecetuba;35;SP;São Paulo;Sudeste;0;-23.4835;-46.3457;6563;11;America/Sao_Paulo
3523206;Itararé;35;SP;São Paulo;Sudeste;0;-24.1085;-49.3352;6565;15;America/Sao_Paulo
3523305;Itariri;35;SP;São Paulo;Sudeste;0;-24.2834;-47.1736;6567;13;America/Sao_Paulo
3523404;Itatiba;35;SP;São Paulo;Sudeste;0;-23.0035;-46.8464;6569;11;America/Sao_Paulo
3523503;Itatinga;35;SP;São Paulo;Sudeste;0;-23.1047;-48.6157;6571;14;America/Sao_Paulo
3523602;Itirapina;35;SP;São Paulo;Sudeste;0;-22.2562;-47.8166;6573;19;America/Sao_Paulo
3523701;Itirapuã;35;SP;São Paulo;Sudeste;0;-20.6416;-47.2194;6575;16;America/Sao_Paulo
3523800;Itobi;35;SP;São Paulo;Sudeste;0;-21.7309;-46.9743;6577;19;America/Sao_Paulo
3523909;Itu;35;SP;São Paulo;Sudeste;0;-23.2544;-47.2927;6579;11;America/Sao_Paulo
3524006;Itupeva;35;SP;São Paulo;Sudeste;0;-23.1526;-47.0593;6581;11;America/Sao_Paulo
3524105;Ituverava;35;SP;São Paulo;Sudeste;0;-20.3355;-47.7902;6583;16;America/Sao_Paulo
3524204;Jaborandi;35;SP;São Paulo;Sudeste;0;-20.6884;-48.4112;6585;17;America/Sao_Paulo
3524303;Jaboticabal;35;SP;São Paulo;Sudeste;0;-21.252;-48.3252;6587;16;America/Sao_Paulo
3524402;Jacareí;35;SP;São Paulo;Sudeste;0;-23.2983;-45.9658;6589;12;America/Sao_Paulo
3524501;Jaci;35;SP;São Paulo;Sudeste;0;-20.8805;-49.5797;6591;17;America/Sao_Paulo
3524600;Jacupiranga;35;SP;São Paulo;Sudeste;0;-24.6963;-48.0064;6593;13;America/Sao_Paulo
3524709;Jaguariúna;35;SP;São Paulo;Sudeste;0;-22.7037;-46.9851;6595;19;America/Sao_Paulo
3524808;Jales;35;SP;São Paulo;Sudeste;0;-20.2672;-50.5494;6597;17;America/Sao_Paulo
3524907;Jambeiro;35;SP;São Paulo;Sudeste;0;-23.2522;-45.6942;6599;12;America/Sao_Paulo
3525003;Jandira;35;SP;São Paulo;Sudeste;0;-23.5275;-46.9023;6601;11;America/Sao_Paulo
3525102;Jardinópolis;35;SP;São Paulo;Sudeste;0;-21.0176;-47.7606;6603;16;America/Sao_Paulo
3525201;Jarinu;35;SP;São Paulo;Sudeste;0;-23.1039;-46.728;6605;11;America/Sao_Paulo
3525300;Jaú;35;SP;São Paulo;Sudeste;0;-22.2936;-48.5592;6607;14;America/Sao_Paulo
3525409;Jeriquara;35;SP;São Paulo;Sudeste;0;-20.3116;-47.5918;6609;16;America/Sao_Paulo
3525508;Joanópolis;35;SP;São Paulo;Sudeste;0;-22.927;-46.2741;6611;11;America/Sao_Paulo
3525607;João Ramalho;35;SP;São Paulo;Sudeste;0;-22.2473;-50.7694;6613;18;America/Sao_Paulo
3525706;José Bonifácio;35;SP;São Paulo;Sudeste;0;-21.0551;-49.6892;6615;17;America/Sao_Paulo
3525805;Júlio Mesquita;35;SP;São Paulo;Sudeste;0;-22.0112;-49.7873;6617;14;America/Sao_Paulo
3525854;Jumirim;35;SP;São Paulo;Sudeste;0;-23.0884;-47.7868;0802;15;America/Sao_Paulo
3525904;Jundiaí;35;SP;São Paulo;Sudeste;0;-23.1852;-46.8974;6619;11;America/Sao_Paulo
3526001;Junqueirópolis;35;SP;São Paulo;Sudeste;0;-21.5103;-51.4342;6621;18;America/Sao_Paulo
3526100;Juquiá;35;SP;São Paulo;Sudeste;0;-24.3101;-47.6426;6623;13;America/Sao_Paulo
3526209;Juquitiba;35;SP;São Paulo;Sudeste;0;-23.9244;-47.0653;6625;11;America/Sao_Paulo
3526308;Lagoinha;35;SP;São Paulo;Sudeste;0;-23.0846;-45.1944;6627;12;America/Sao_Paulo
3526407;Laranjal Paulista;35;SP;São Paulo;Sudeste;0;-23.0506;-47.8375;6629;15;America/Sao_Paulo
3526506;Lavínia;35;SP;São Paulo;Sudeste;0;-21.1639;-51.0412;6631;18;America/Sao_Paulo
3526605;Lavrinhas;35;SP;São Paulo;Sudeste;0;-22.57;-44.9024;6633;12;America/Sao_Paulo
3526704;Leme;35;SP;São Paulo;Sudeste;0;-22.1809;-47.3841;6635;19;America/Sao_Paulo
3526803;Lençóis Paulista;35;SP;São Paulo;Sudeste;0;-22.6027;-48.8037;6637;14;America/Sao_Paulo
3526902;Limeira;35;SP;São Paulo;Sudeste;0;-22.566;-47.397;6639;19;America/Sao_Paulo
3527009;Lindóia;35;SP;São Paulo;Sudeste;0;-22.5226;-46.65;6641;19;America/Sao_Paulo
3527108;Lins;35;SP;São Paulo;Sudeste;0;-21.6718;-49.7526;6643;14;America/Sao_Paulo
3527207;Lorena;35;SP;São Paulo;Sudeste;0;-22.7334;-45.1197;6645;12;America/Sao_Paulo
3527256;Lourdes;35;SP;São Paulo;Sudeste;0;-20.966;-50.2263;2937;18;America/Sao_Paulo
3527306;Louveira;35;SP;São Paulo;Sudeste;0;-23.0856;-46.9484;6647;19;America/Sao_Paulo
3527405;Lucélia;35;SP;São Paulo;Sudeste;0;-21.7182;-51.0215;6649;18;America/Sao_Paulo
3527504;Lucianópolis;35;SP;São Paulo;Sudeste;0;-22.4294;-49.522;6651;14;America/Sao_Paulo
3527603;Luís Antônio;35;SP;São Paulo;Sudeste;0;-21.55;-47.7801;6653;16;America/Sao_Paulo
3527702;Luiziânia;35;SP;São Paulo;Sudeste;0;-21.6737;-50.3294;6655;18;America/Sao_Paulo
3527801;Lupércio;35;SP;São Paulo;Sudeste;0;-22.4146;-49.818;6657;14;America/Sao_Paulo
3527900;Lutécia;35;SP;São Paulo;Sudeste;0;-22.3384;-50.394;6659;18;America/Sao_Paulo
3528007;Macatuba;35;SP;São Paulo;Sudeste;0;-22.5002;-48.7102;6661;14;America/Sao_Paulo
3528106;Macaubal;35;SP;São Paulo;Sudeste;0;-20.8022;-49.9687;6663;17;America/Sao_Paulo
3528205;Macedônia;35;SP;São Paulo;Sudeste;0;-20.1444;-50.1973;6665;17;America/Sao_Paulo
3528304;Magda;35;SP;São Paulo;Sudeste;0;-20.6445;-50.2305;6667;17;America/Sao_Paulo
3528403;Mairinque;35;SP;São Paulo;Sudeste;0;-23.5398;-47.185;6669;11;America/Sao_Paulo
3528502;Mairiporã;35;SP;São Paulo;Sudeste;0;-23.3171;-46.5897;6671;11;America/Sao_Paulo
3528601;Manduri;35;SP;São Paulo;Sudeste;0;-23.0056;-49.3202;6673;14;America/Sao_Paulo
3528700;Marabá Paulista;35;SP;São Paulo;Sudeste;0;-22.1068;-51.9617;6675;18;America/Sao_Paulo
3528809;Maracaí;35;SP;São Paulo;Sudeste;0;-22.6149;-50.6713;6677;18;America/Sao_Paulo
3528858;Marapoama;35;SP;São Paulo;Sudeste;0;-21.2587;-49.13;2977;17;America/Sao_Paulo
3528908;Mariápolis;35;SP;São Paulo;Sudeste;0;-21.7959;-51.1824;6679;18;America/Sao_Paulo
3529005;Marília;35;SP;São Paulo;Sudeste;0;-22.2171;-49.9501;6681;14;America/Sao_Paulo
3529104;Marinópolis;35;SP;São Paulo;Sudeste;0;-20.4389;-50.8254;6683;17;America/Sao_Paulo
3529203;Martinópolis;35;SP;São Paulo;Sudeste;0;-22.1462;-51.1709;6685;18;America/Sao_Paulo
3529302;Matão;35;SP;São Paulo;Sudeste;0;-21.6025;-48.364;6687;16;America/Sao_Paulo
3529401;Mauá;35;SP;São Paulo;Sudeste;0;-23.6677;-46.4613;6689;11;America/Sao_Paulo
3529500;Mendonça;35;SP;São Paulo;Sudeste;0;-21.1757;-49.5791;6691;17;America/Sao_Paulo
3529609;Meridiano;35;SP;São Paulo;Sudeste;0;-20.3579;-50.1811;6693;17;America/Sao_Paulo
3529658;Mesópolis;35;SP;São Paulo;Sudeste;0;-19.9684;-50.6326;2983;17;America/Sao_Paulo
3529708;Miguelópolis;35;SP;São Paulo;Sudeste;0;-20.1796;-48.031;6695;16;America/Sao_Paulo
3529807;Mineiros do Tietê;35;SP;São Paulo;Sudeste;0;-22.412;-48.451;6697;14;America/Sao_Paulo
3529906;Miracatu;35;SP;São Paulo;Sudeste;0;-24.2766;-47.4625;6699;13;America/Sao_Paulo
3530003;Mira Estrela;35;SP;São Paulo;Sudeste;0;-19.9789;-50.139;6701;17;America/Sao_Paulo
3530102;Mirandópolis;35;SP;São Paulo;Sudeste;0;-21.1313;-51.1035;6703;18;America/Sao_Paulo
3530201;Mirante do Paranapanema;35;SP;São Paulo;Sudeste;0;-22.2904;-51.9084;6705;18;America/Sao_Paulo
3530300;Mirassol;35;SP;São Paulo;Sudeste;0;-20.8169;-49.5206;6707;17;America/Sao_Paulo
3530409;Mirassolândia;35;SP;São Paulo;Sudeste;0;-20.6179;-49.4617;6709;17;America/Sao_Paulo
3530508;Mococa;35;SP;São Paulo;Sudeste;0;-21.4647;-47.0024;6711;19;America/Sao_Paulo
3530607;Mogi das Cruzes;35;SP;São Paulo;Sudeste;0;-23.5208;-46.1854;6713;11;America/Sao_Paulo
3530706;Mogi Guaçu;35;SP;São Paulo;Sudeste;0;-22.3675;-46.9428;6715;19;America/Sao_Paulo
3530805;Mogi Mirim;35;SP;São Paulo;Sudeste;0;-22.4332;-46.9532;6717;19;America/Sao_Paulo
3530904;Mombuca;35;SP;São Paulo;Sudeste;0;-22.9285;-47.559;6719;19;America/Sao_Paulo
3531001;Monções;35;SP;São Paulo;Sudeste;0;-20.8509;-50.0975;6721;17;America/Sao_Paulo
3531100;Mongaguá;35;SP;São Paulo;Sudeste;0;-24.0809;-46.6265;6723;13;America/Sao_Paulo
3531209;Monte Alegre do Sul;35;SP;São Paulo;Sudeste;0;-22.6817;-46.681;6725;19;America/Sao_Paulo
3531308;Monte Alto;35;SP;São Paulo;Sudeste;0;-21.2655;-48.4971;6727;16;America/Sao_Paulo
3531407;Monte Aprazível;35;SP;São Paulo;Sudeste;0;-20.768;-49.7184;6729;17;America/Sao_Paulo
3531506;Monte Azul Paulista;35;SP;São Paulo;Sudeste;0;-20.9065;-48.6387;6731;17;America/Sao_Paulo
3531605;Monte Castelo;35;SP;São Paulo;Sudeste;0;-21.2981;-51.5679;6733;18;America/Sao_Paulo
3531704;Monteiro Lobato;35;SP;São Paulo;Sudeste;0;-22.9544;-45.8407;6735;12;America/Sao_Paulo
3531803;Monte Mor;35;SP;São Paulo;Sudeste;0;-22.945;-47.3122;6737;19;America/Sao_Paulo
3531902;Morro Agudo;35;SP;São Paulo;Sudeste;0;-20.7288;-48.0581;6739;16;America/Sao_Paulo
3532009;Morungaba;35;SP;São Paulo;Sudeste;0;-22.8811;-46.7896;6741;11;America/Sao_Paulo
3532058;Motuca;35;SP;São Paulo;Sudeste;0;-21.5103;-48.1538;7263;16;America/Sao_Paulo
3532108;Murutinga do Sul;35;SP;São Paulo;Sudeste;0;-20.9908;-51.2774;6743;18;America/Sao_Paulo
3532157;Nantes;35;SP;São Paulo;Sudeste;0;-22.6156;-51.24;0804;18;America/Sao_Paulo
3532207;Narandiba;35;SP;São Paulo;Sudeste;0;-22.4057;-51.5274;6745;18;America/Sao_Paulo
3532306;Natividade da Serra;35;SP;São Paulo;Sudeste;0;-23.3707;-45.4468;6747;12;America/Sao_Paulo
3532405;Nazaré Paulista;35;SP;São Paulo;Sudeste;0;-23.1747;-46.3983;6749;11;America/Sao_Paulo
3532504;Neves Paulista;35;SP;São Paulo;Sudeste;0;-20.843;-49.6358;6751;17;America/Sao_Paulo
3532603;Nhandeara;35;SP;São Paulo;Sudeste;0;-20.6945;-50.0436;6753;17;America/Sao_Paulo
3532702;Nipoã;35;SP;São Paulo;Sudeste;0;-20.9114;-49.7833;6755;17;America/Sao_Paulo
3532801;Nova Aliança;35;SP;São Paulo;Sudeste;0;-21.0156;-49.4986;6757;17;America/Sao_Paulo
3532827;Nova Campina;35;SP;São Paulo;Sudeste;0;-24.1224;-48.9022;3061;15;America/Sao_Paulo
3532843;Nova Canaã Paulista;35;SP;São Paulo;Sudeste;0;-20.3836;-50.9483;2985;17;America/Sao_Paulo
3532868;Nova Castilho;35;SP;São Paulo;Sudeste;0;-20.7615;-50.3477;0806;17;America/Sao_Paulo
3532900;Nova Europa;35;SP;São Paulo;Sudeste;0;-21.7765;-48.5705;6759;16;America/Sao_Paulo
3533007;Nova Granada;35;SP;São Paulo;Sudeste;0;-20.5321;-49.3123;6761;17;America/Sao_Paulo
3533106;Nova Guataporanga;35;SP;São Paulo;Sudeste;0;-21.332;-51.6447;6763;18;America/Sao_Paulo
3533205;Nova Independência;35;SP;São Paulo;Sudeste;0;-21.1026;-51.4905;6765;18;America/Sao_Paulo
3533254;Novais;35;SP;São Paulo;Sudeste;0;-20.9893;-48.9141;2979;17;America/Sao_Paulo
3533304;Nova Luzitânia;35;SP;São Paulo;Sudeste;0;-20.856;-50.2617;6767;17;America/Sao_Paulo
3533403;Nova Odessa;35;SP;São Paulo;Sudeste;0;-22.7832;-47.2941;6769;19;America/Sao_Paulo
3533502;Novo Horizonte;35;SP;São Paulo;Sudeste;0;-21.4651;-49.2234;6771;17;America/Sao_Paulo
3533601;Nuporanga;35;SP;São Paulo;Sudeste;0;-20.7296;-47.7429;6773;16;America/Sao_Paulo
3533700;Ocauçu;35;SP;São Paulo;Sudeste;0;-22.438;-49.922;6775;14;America/Sao_Paulo
3533809;Óleo;35;SP;São Paulo;Sudeste;0;-22.9435;-49.3419;6777;14;America/Sao_Paulo
3533908;Olímpia;35;SP;São Paulo;Sudeste;0;-20.7366;-48.9106;6779;17;America/Sao_Paulo
3534005;Onda Verde;35;SP;São Paulo;Sudeste;0;-20.6042;-49.2929;6781;17;America/Sao_Paulo
3534104;Oriente;35;SP;São Paulo;Sudeste;0;-22.1549;-50.0971;6783;14;America/Sao_Paulo
3534203;Orindiúva;35;SP;São Paulo;Sudeste;0;-20.1861;-49.3464;6785;17;America/Sao_Paulo
3534302;Orlândia;35;SP;São Paulo;Sudeste;0;-20.7169;-47.8852;6787;16;America/Sao_Paulo
3534401;Osasco;35;SP;São Paulo;Sudeste;0;-23.5324;-46.7916;6789;11;America/Sao_Paulo
3534500;Oscar Bressane;35;SP;São Paulo;Sudeste;0;-22.3149;-50.2811;6791;14;America/Sao_Paulo
3534609;Osvaldo Cruz;35;SP;São Paulo;Sudeste;0;-21.7968;-50.8793;6793;18;America/Sao_Paulo
3534708;Ourinhos;35;SP;São Paulo;Sudeste;0;-22.9797;-49.8697;6795;14;America/Sao_Paulo
3534757;Ouroeste;35;SP;São Paulo;Sudeste;0;-20.0061;-50.3768;0808;17;America/Sao_Paulo
3534807;Ouro Verde;35;SP;São Paulo;Sudeste;0;-21.4872;-51.7024;6797;18;America/Sao_Paulo
3534906;Pacaembu;35;SP;São Paulo;Sudeste;0;-21.5627;-51.2654;6799;18;America/Sao_Paulo
3535002;Palestina;35;SP;São Paulo;Sudeste;0;-20.39;-49.4309;6801;17;America/Sao_Paulo
3535101;Palmares Paulista;35;SP;São Paulo;Sudeste;0;-21.0854;-48.8037;6803;17;America/Sao_Paulo
3535200;Palmeira d'Oeste;35;SP;São Paulo;Sudeste;0;-20.4148;-50.7632;6805;17;America/Sao_Paulo
3535309;Palmital;35;SP;São Paulo;Sudeste;0;-22.7858;-50.218;6807;18;America/Sao_Paulo
3535408;Panorama;35;SP;São Paulo;Sudeste;0;-21.354;-51.8562;6809;18;America/Sao_Paulo
3535507;Paraguaçu Paulista;35;SP;São Paulo;Sudeste;0;-22.4114;-50.5732;6811;18;America/Sao_Paulo
3535606;Paraibuna;35;SP;São Paulo;Sudeste;0;-23.3872;-45.6639;6813;12;America/Sao_Paulo
3535705;Paraíso;35;SP;São Paulo;Sudeste;0;-21.0159;-48.7761;6815;17;America/Sao_Paulo
3535804;Paranapanema;35;SP;São Paulo;Sudeste;0;-23.3862;-48.7214;6817;14;America/Sao_Paulo
3535903;Paranapuã;35;SP;São Paulo;Sudeste;0;-20.1048;-50.5886;6819;17;America/Sao_Paulo
3536000;Parapuã;35;SP;São Paulo;Sudeste;0;-21.7792;-50.7949;6821;18;America/Sao_Paulo
3536109;Pardinho;35;SP;São Paulo;Sudeste;0;-23.0841;-48.3679;6823;14;America/Sao_Paulo
3536208;Pariquera-Açu;35;SP;São Paulo;Sudeste;0;-24.7147;-47.8742;6825;13;America/Sao_Paulo
3536257;Parisi;35;SP;São Paulo;Sudeste;0;-20.3034;-50.0163;2989;17;America/Sao_Paulo
3536307;Patrocínio Paulista;35;SP;São Paulo;Sudeste;0;-20.6384;-47.2801;6827;16;America/Sao_Paulo
3536406;Paulicéia;35;SP;São Paulo;Sudeste;0;-21.3153;-51.8321;6829;18;America/Sao_Paulo
3536505;Paulínia;35;SP;São Paulo;Sudeste;0;-22.7542;-47.1488;6831;19;America/Sao_Paulo
3536570;Paulistânia;35;SP;São Paulo;Sudeste;0;-22.5768;-49.4008;0810;14;America/Sao_Paulo
3536604;Paulo de Faria;35;SP;São Paulo;Sudeste;0;-20.0296;-49.4;6833;17;America/Sao_Paulo
3536703;Pederneiras;35;SP;São Paulo;Sudeste;0;-22.3511;-48.7781;6835;14;America/Sao_Paulo
3536802;Pedra Bela;35;SP;São Paulo;Sudeste;0;-22.7902;-46.4455;6837;11;America/Sao_Paulo
3536901;Pedranópolis;35;SP;São Paulo;Sudeste;0;-20.2474;-50.1129;6839;17;America/Sao_Paulo
3537008;Pedregulho;35;SP;São Paulo;Sudeste;0;-20.2535;-47.4775;6841;16;America/Sao_Paulo
3537107;Pedreira;35;SP;São Paulo;Sudeste;0;-22.7413;-46.8948;6843;19;America/Sao_Paulo
3537156;Pedrinhas Paulista;35;SP;São Paulo;Sudeste;0;-22.8174;-50.7933;2963;18;America/Sao_Paulo
3537206;Pedro de Toledo;35;SP;São Paulo;Sudeste;0;-24.2764;-47.2354;6845;13;America/Sao_Paulo
3537305;Penápolis;35;SP;São Paulo;Sudeste;0;-21.4148;-50.0769;6847;18;America/Sao_Paulo
3537404;Pereira Barreto;35;SP;São Paulo;Sudeste;0;-20.6368;-51.1123;6849;18;America/Sao_Paulo
3537503;Pereiras;35;SP;São Paulo;Sudeste;0;-23.0804;-47.972;6851;14;America/Sao_Paulo
3537602;Peruíbe;35;SP;São Paulo;Sudeste;0;-24.312;-47.0012;6853;13;America/Sao_Paulo
3537701;Piacatu;35;SP;São Paulo;Sudeste;0;-21.5921;-50.6003;6855;18;America/Sao_Paulo
3537800;Piedade;35;SP;São Paulo;Sudeste;0;-23.7139;-47.4256;6857;15;America/Sao_Paulo
3537909;Pilar do Sul;35;SP;São Paulo;Sudeste;0;-23.8077;-47.7222;6859;15;America/Sao_Paulo
3538006;Pindamonhangaba;35;SP;São Paulo;Sudeste;0;-22.9246;-45.4613;6861;12;America/Sao_Paulo
3538105;Pindorama;35;SP;São Paulo;Sudeste;0;-21.1853;-48.9086;6863;17;America/Sao_Paulo
3538204;Pinhalzinho;35;SP;São Paulo;Sudeste;0;-22.7811;-46.5897;6867;11;America/Sao_Paulo
3538303;Piquerobi;35;SP;São Paulo;Sudeste;0;-21.8747;-51.7282;6869;18;America/Sao_Paulo
3538501;Piquete;35;SP;São Paulo;Sudeste;0;-22.6069;-45.1869;6871;12;America/Sao_Paulo
3538600;Piracaia;35;SP;São Paulo;Sudeste;0;-23.0525;-46.3594;6873;11;America/Sao_Paulo
3538709;Piracicaba;35;SP;São Paulo;Sudeste;0;-22.7338;-47.6476;6875;19;America/Sao_Paulo
3538808;Piraju;35;SP;São Paulo;Sudeste;0;-23.1981;-49.3803;6877;14;America/Sao_Paulo
3538907;Pirajuí;35;SP;São Paulo;Sudeste;0;-21.999;-49.4608;6879;14;America/Sao_Paulo
3539004;Pirangi;35;SP;São Paulo;Sudeste;0;-21.0886;-48.6607;6881;17;America/Sao_Paulo
3539103;Pirapora do Bom Jesus;35;SP;São Paulo;Sudeste;0;-23.3965;-46.9991;6883;11;America/Sao_Paulo
3539202;Pirapozinho;35;SP;São Paulo;Sudeste;0;-22.2711;-51.4976;6885;18;America/Sao_Paulo
3539301;Pirassununga;35;SP;São Paulo;Sudeste;0;-21.996;-47.4257;6887;19;America/Sao_Paulo
3539400;Piratininga;35;SP;São Paulo;Sudeste;0;-22.4142;-49.1339;6889;14;America/Sao_Paulo
3539509;Pitangueiras;35;SP;São Paulo;Sudeste;0;-21.0132;-48.221;6891;16;America/Sao_Paulo
3539608;Planalto;35;SP;São Paulo;Sudeste;0;-21.0342;-49.933;6893;18;America/Sao_Paulo
3539707;Platina;35;SP;São Paulo;Sudeste;0;-22.6371;-50.2104;6895;18;America/Sao_Paulo
3539806;Poá;35;SP;São Paulo;Sudeste;0;-23.5333;-46.3473;6897;11;America/Sao_Paulo
3539905;Poloni;35;SP;São Paulo;Sudeste;0;-20.7829;-49.8258;6899;17;America/Sao_Paulo
3540002;Pompéia;35;SP;São Paulo;Sudeste;0;-22.107;-50.176;6901;14;America/Sao_Paulo
3540101;Pongaí;35;SP;São Paulo;Sudeste;0;-21.7396;-49.3604;6903;14;America/Sao_Paulo
3540200;Pontal;35;SP;São Paulo;Sudeste;0;-21.0216;-48.0423;6905;16;America/Sao_Paulo
3540259;Pontalinda;35;SP;São Paulo;Sudeste;0;-20.4396;-50.5258;2987;17;America/Sao_Paulo
3540309;Pontes Gestal;35;SP;São Paulo;Sudeste;0;-20.1727;-49.7064;6907;17;America/Sao_Paulo
3540408;Populina;35;SP;São Paulo;Sudeste;0;-19.9453;-50.538;6909;17;America/Sao_Paulo
3540507;Porangaba;35;SP;São Paulo;Sudeste;0;-23.1761;-48.1195;6911;15;America/Sao_Paulo
3540606;Porto Feliz;35;SP;São Paulo;Sudeste;0;-23.2093;-47.5251;6913;15;America/Sao_Paulo
3540705;Porto Ferreira;35;SP;São Paulo;Sudeste;0;-21.8498;-47.487;6915;19;America/Sao_Paulo
3540754;Potim;35;SP;São Paulo;Sudeste;0;-22.8343;-45.2552;2993;12;America/Sao_Paulo
3540804;Potirendaba;35;SP;São Paulo;Sudeste;0;-21.0428;-49.3815;6917;17;America/Sao_Paulo
3540853;Pracinha;35;SP;São Paulo;Sudeste;0;-21.8496;-51.0868;0812;18;America/Sao_Paulo
3540903;Pradópolis;35;SP;São Paulo;Sudeste;0;-21.3626;-48.0679;6919;16;America/Sao_Paulo
3541000;Praia Grande;35;SP;São Paulo;Sudeste;0;-24.0084;-46.4121;6921;13;America/Sao_Paulo
3541059;Pratânia;35;SP;São Paulo;Sudeste;0;-22.8112;-48.6636;0814;14;America/Sao_Paulo
3541109;Presidente Alves;35;SP;São Paulo;Sudeste;0;-22.0999;-49.4381;6923;14;America/Sao_Paulo
3541208;Presidente Bernardes;35;SP;São Paulo;Sudeste;0;-22.0082;-51.5565;6925;18;America/Sao_Paulo
3541307;Presidente Epitácio;35;SP;São Paulo;Sudeste;0;-21.7651;-52.1111;6927;18;America/Sao_Paulo
3541406;Presidente Prudente;35;SP;São Paulo;Sudeste;0;-22.1207;-51.3925;6929;18;America/Sao_Paulo
3541505;Presidente Venceslau;35;SP;São Paulo;Sudeste;0;-21.8732;-51.8447;6931;18;America/Sao_Paulo
3541604;Promissão;35;SP;São Paulo;Sudeste;0;-21.5356;-49.8599;6933;14;America/Sao_Paulo
3541653;Quadra;35;SP;São Paulo;Sudeste;0;-23.2993;-48.0547;0816;15;America/Sao_Paulo
3541703;Quatá;35;SP;São Paulo;Sudeste;0;-22.2456;-50.6966;6935;18;America/Sao_Paulo
3541802;Queiroz;35;SP;São Paulo;Sudeste;0;-21.7969;-50.2415;6937;14;America/Sao_Paulo
3541901;Queluz;35;SP;São Paulo;Sudeste;0;-22.5312;-44.7781;6939;12;America/Sao_Paulo
3542008;Quintana;35;SP;São Paulo;Sudeste;0;-22.0692;-50.307;6941;14;America/Sao_Paulo
3542107;Rafard;35;SP;São Paulo;Sudeste;0;-23.0105;-47.5318;6943;19;America/Sao_Paulo
3542206;Rancharia;35;SP;São Paulo;Sudeste;0;-22.2269;-50.893;6945;18;America/Sao_Paulo
3542305;Redenção da Serra;35;SP;São Paulo;Sudeste;0;-23.2638;-45.5422;6947;12;America/Sao_Paulo
3542404;Regente Feijó;35;SP;São Paulo;Sudeste;0;-22.2181;-51.3055;6949;18;America/Sao_Paulo
3542503;Reginópolis;35;SP;São Paulo;Sudeste;0;-21.8914;-49.2268;6951;14;America/Sao_Paulo
3542602;Registro;35;SP;São Paulo;Sudeste;0;-24.4979;-47.8449;6953;13;America/Sao_Paulo
3542701;Restinga;35;SP;São Paulo;Sudeste;0;-20.6056;-47.4833;6955;16;America/Sao_Paulo
3542800;Ribeira;35;SP;São Paulo;Sudeste;0;-24.6517;-49.0044;6957;15;America/Sao_Paulo
3542909;Ribeirão Bonito;35;SP;São Paulo;Sudeste;0;-22.0685;-48.182;6959;16;America/Sao_Paulo
3543006;Ribeirão Branco;35;SP;São Paulo;Sudeste;0;-24.2206;-48.7635;6961;15;America/Sao_Paulo
3543105;Ribeirão Corrente;35;SP;São Paulo;Sudeste;0;-20.4579;-47.5904;6963;16;America/Sao_Paulo
3543204;Ribeirão do Sul;35;SP;São Paulo;Sudeste;0;-22.789;-49.933;6965;14;America/Sao_Paulo
3543238;Ribeirão dos Índios;35;SP;São Paulo;Sudeste;0;-21.8382;-51.6103;0818;18;America/Sao_Paulo
3543253;Ribeirão Grande;35;SP;São Paulo;Sudeste;0;-24.1011;-48.3679;3057;15;America/Sao_Paulo
3543303;Ribeirão Pires;35;SP;São Paulo;Sudeste;0;-23.7067;-46.4058;6967;11;America/Sao_Paulo
3543402;Ribeirão Preto;35;SP;São Paulo;Sudeste;0;-21.1699;-47.8099;6969;16;America/Sao_Paulo
3543501;Riversul;35;SP;São Paulo;Sudeste;0;-23.829;-49.429;6971;15;America/Sao_Paulo
3543600;Rifaina;35;SP;São Paulo;Sudeste;0;-20.0803;-47.4291;6973;16;America/Sao_Paulo
3543709;Rincão;35;SP;São Paulo;Sudeste;0;-21.5894;-48.0728;6975;16;America/Sao_Paulo
3543808;Rinópolis;35;SP;São Paulo;Sudeste;0;-21.7284;-50.7239;6977;18;America/Sao_Paulo
3543907;Rio Claro;35;SP;São Paulo;Sudeste;0;-22.3984;-47.5546;6979;19;America/Sao_Paulo
3544004;Rio das Pedras;35;SP;São Paulo;Sudeste;0;-22.8417;-47.6047;6981;19;America/Sao_Paulo
3544103;Rio Grande da Serra;35;SP;São Paulo;Sudeste;0;-23.7437;-46.3971;6983;11;America/Sao_Paulo
3544202;Riolândia;35;SP;São Paulo;Sudeste;0;-19.9868;-49.6836;6985;17;America/Sao_Paulo
3544251;Rosana;35;SP;São Paulo;Sudeste;0;-22.5782;-53.0603;7265;18;America/Sao_Paulo
3544301;Roseira;35;SP;São Paulo;Sudeste;0;-22.8938;-45.307;6987;12;America/Sao_Paulo
3544400;Rubiácea;35;SP;São Paulo;Sudeste;0;-21.3006;-50.7296;6989;18;America/Sao_Paulo
3544509;Rubinéia;35;SP;São Paulo;Sudeste;0;-20.1759;-51.007;6991;17;America/Sao_Paulo
3544608;Sabino;35;SP;São Paulo;Sudeste;0;-21.4593;-49.5755;6993;14;America/Sao_Paulo
3544707;Sagres;35;SP;São Paulo;Sudeste;0;-21.8823;-50.9594;6995;18;America/Sao_Paulo
3544806;Sales;35;SP;São Paulo;Sudeste;0;-21.3427;-49.4897;6997;17;America/Sao_Paulo
3544905;Sales Oliveira;35;SP;São Paulo;Sudeste;0;-20.7696;-47.8369;6999;16;America/Sao_Paulo
3545001;Salesópolis;35;SP;São Paulo;Sudeste;0;-23.5288;-45.8465;7001;11;America/Sao_Paulo
3545100;Salmourão;35;SP;São Paulo;Sudeste;0;-21.6267;-50.8614;7003;18;America/Sao_Paulo
3545159;Saltinho;35;SP;São Paulo;Sudeste;0;-22.8442;-47.6754;5445;19;America/Sao_Paulo
3545209;Salto;35;SP;São Paulo;Sudeste;0;-23.1996;-47.2931;7005;11;America/Sao_Paulo
3545308;Salto de Pirapora;35;SP;São Paulo;Sudeste;0;-23.6474;-47.5743;7007;15;America/Sao_Paulo
3545407;Salto Grande;35;SP;São Paulo;Sudeste;0;-22.8894;-49.9831;7009;14;America/Sao_Paulo
3545506;Sandovalina;35;SP;São Paulo;Sudeste;0;-22.4551;-51.7648;7011;18;America/Sao_Paulo
3545605;Santa Adélia;35;SP;São Paulo;Sudeste;0;-21.2427;-48.8063;7013;17;America/Sao_Paulo
3545704;Santa Albertina;35;SP;São Paulo;Sudeste;0;-20.0311;-50.7297;7015;17;America/Sao_Paulo
3545803;Santa Bárbara d'Oeste;35;SP;São Paulo;Sudeste;0;-22.7553;-47.4143;7017;19;America/Sao_Paulo
3546009;Santa Branca;35;SP;São Paulo;Sudeste;0;-23.3933;-45.8875;7021;12;America/Sao_Paulo
3546108;Santa Clara d'Oeste;35;SP;São Paulo;Sudeste;0;-20.09;-50.9491;7023;17;America/Sao_Paulo
3546207;Santa Cruz da Conceição;35;SP;São Paulo;Sudeste;0;-22.1405;-47.4512;7025;19;America/Sao_Paulo
3546256;Santa Cruz da Esperança;35;SP;São Paulo;Sudeste;0;-21.2951;-47.4304;0820;16;America/Sao_Paulo
3546306;Santa Cruz das Palmeiras;35;SP;São Paulo;Sudeste;0;-21.8235;-47.248;7027;19;America/Sao_Paulo
3546405;Santa Cruz do Rio Pardo;35;SP;São Paulo;Sudeste;0;-22.8988;-49.6354;7029;14;America/Sao_Paulo
3546504;Santa Ernestina;35;SP;São Paulo;Sudeste;0;-21.4618;-48.3953;7031;16;America/Sao_Paulo
3546603;Santa Fé do Sul;35;SP;São Paulo;Sudeste;0;-20.2083;-50.932;7033;17;America/Sao_Paulo
3546702;Santa Gertrudes;35;SP;São Paulo;Sudeste;0;-22.4572;-47.5272;7035;19;America/Sao_Paulo
3546801;Santa Isabel;35;SP;São Paulo;Sudeste;0;-23.3172;-46.2237;7037;11;America/Sao_Paulo
3546900;Santa Lúcia;35;SP;São Paulo;Sudeste;0;-21.685;-48.0885;7039;16;America/Sao_Paulo
3547007;Santa Maria da Serra;35;SP;São Paulo;Sudeste;0;-22.5661;-48.1593;7041;19;America/Sao_Paulo
3547106;Santa Mercedes;35;SP;São Paulo;Sudeste;0;-21.3495;-51.7564;7043;18;America/Sao_Paulo
3547205;Santana da Ponte Pensa;35;SP;São Paulo;Sudeste;0;-20.2523;-50.8014;7045;17;America/Sao_Paulo
3547304;Santana de Parnaíba;35;SP;São Paulo;Sudeste;0;-23.4439;-46.9178;7047;11;America/Sao_Paulo
3547403;Santa Rita d'Oeste;35;SP;São Paulo;Sudeste;0;-20.1414;-50.8358;7049;17;America/Sao_Paulo
3547502;Santa Rita do Passa Quatro;35;SP;São Paulo;Sudeste;0;-21.7083;-47.478;7051;19;America/Sao_Paulo
3547601;Santa Rosa de Viterbo;35;SP;São Paulo;Sudeste;0;-21.4776;-47.3622;7053;16;America/Sao_Paulo
3547650;Santa Salete;35;SP;São Paulo;Sudeste;0;-20.2429;-50.6887;0822;17;America/Sao_Paulo
3547700;Santo Anastácio;35;SP;São Paulo;Sudeste;0;-21.9747;-51.6527;7055;18;America/Sao_Paulo
3547809;Santo André;35;SP;São Paulo;Sudeste;0;-23.6737;-46.5432;7057;11;America/Sao_Paulo
3547908;Santo Antônio da Alegria;35;SP;São Paulo;Sudeste;0;-21.0864;-47.1464;7059;16;America/Sao_Paulo
3548005;Santo Antônio de Posse;35;SP;São Paulo;Sudeste;0;-22.6029;-46.9192;7061;19;America/Sao_Paulo
3548054;Santo Antônio do Aracanguá;35;SP;São Paulo;Sudeste;0;-20.9331;-50.498;2939;18;America/Sao_Paulo
3548104;Santo Antônio do Jardim;35;SP;São Paulo;Sudeste;0;-22.1121;-46.6845;7063;19;America/Sao_Paulo
3548203;Santo Antônio do Pinhal;35;SP;São Paulo;Sudeste;0;-22.827;-45.663;7065;12;America/Sao_Paulo
3548302;Santo Expedito;35;SP;São Paulo;Sudeste;0;-21.8467;-51.3929;7067;18;America/Sao_Paulo
3548401;Santópolis do Aguapeí;35;SP;São Paulo;Sudeste;0;-21.6376;-50.5044;7069;18;America/Sao_Paulo
3548500;Santos;35;SP;São Paulo;Sudeste;0;-23.9535;-46.335;7071;13;America/Sao_Paulo
3548609;São Bento do Sapucaí;35;SP;São Paulo;Sudeste;0;-22.6837;-45.7287;7073;12;America/Sao_Paulo
3548708;São Bernardo do Campo;35;SP;São Paulo;Sudeste;0;-23.6914;-46.5646;7075;11;America/Sao_Paulo
3548807;São Caetano do Sul;35;SP;São Paulo;Sudeste;0;-23.6229;-46.5548;7077;11;America/Sao_Paulo
3548906;São Carlos;35;SP;São Paulo;Sudeste;0;-22.0174;-47.886;7079;16;America/Sao_Paulo
3549003;São Francisco;35;SP;São Paulo;Sudeste;0;-20.3623;-50.6952;7081;17;America/Sao_Paulo
3549102;São João da Boa Vista;35;SP;São Paulo;Sudeste;0;-21.9707;-46.7944;7083;19;America/Sao_Paulo
3549201;São João das Duas Pontes;35;SP;São Paulo;Sudeste;0;-20.3879;-50.3792;7085;17;America/Sao_Paulo
3549250;São João de Iracema;35;SP;São Paulo;Sudeste;0;-20.5111;-50.3561;2941;17;America/Sao_Paulo
3549300;São João do Pau d'Alho;35;SP;São Paulo;Sudeste;0;-21.2662;-51.6672;7087;18;America/Sao_Paulo
3549409;São Joaquim da Barra;35;SP;São Paulo;Sudeste;0;-20.5812;-47.8593;7089;16;America/Sao_Paulo
3549508;São José da Bela Vista;35;SP;São Paulo;Sudeste;0;-20.5935;-47.6424;7091;16;America/Sao_Paulo
3549607;São José do Barreiro;35;SP;São Paulo;Sudeste;0;-22.6414;-44.5774;7093;12;America/Sao_Paulo
3549706;São José do Rio Pardo;35;SP;São Paulo;Sudeste;0;-21.5953;-46.8873;7095;19;America/Sao_Paulo
3549805;São José do Rio Preto;35;SP;São Paulo;Sudeste;0;-20.8113;-49.3758;7097;17;America/Sao_Paulo
3549904;São José dos Campos;35;SP;São Paulo;Sudeste;0;-23.1896;-45.8841;7099;12;America/Sao_Paulo
3549953;São Lourenço da Serra;35;SP;São Paulo;Sudeste;0;-23.8491;-46.9432;5447;11;America/Sao_Paulo
3550001;São Luiz do Paraitinga;35;SP;São Paulo;Sudeste;0;-23.222;-45.3109;7101;12;America/Sao_Paulo
3550100;São Manuel;35;SP;São Paulo;Sudeste;0;-22.7321;-48.5723;7103;14;America/Sao_Paulo
3550209;São Miguel Arcanjo;35;SP;São Paulo;Sudeste;0;-23.8782;-47.9935;7105;15;America/Sao_Paulo
3550308;São Paulo;35;SP;São Paulo;Sudeste;1;-23.5329;-46.6395;7107;11;America/Sao_Paulo
3550407;São Pedro;35;SP;São Paulo;Sudeste;0;-22.5483;-47.9096;7109;19;America/Sao_Paulo
3550506;São Pedro do Turvo;35;SP;São Paulo;Sudeste;0;-22.7453;-49.7428;7111;14;America/Sao_Paulo
3550605;São Roque;35;SP;São Paulo;Sudeste;0;-23.5226;-47.1357;7113;11;America/Sao_Paulo
3550704;São Sebastião;35;SP;São Paulo;Sudeste;0;-23.7951;-45.4143;7115;12;America/Sao_Paulo
3550803;São Sebastião da Grama;35;SP;São Paulo;Sudeste;0;-21.7041;-46.8208;7117;19;America/Sao_Paulo
3550902;São Simão;35;SP;São Paulo;Sudeste;0;-21.4732;-47.5518;7119;16;America/Sao_Paulo
3551009;São Vicente;35;SP;São Paulo;Sudeste;0;-23.9574;-46.3883;7121;13;America/Sao_Paulo
3551108;Sarapuí;35;SP;São Paulo;Sudeste;0;-23.6397;-47.8249;7123;15;America/Sao_Paulo
3551207;Sarutaiá;35;SP;São Paulo;Sudeste;0;-23.2721;-49.4763;7125;14;America/Sao_Paulo
3551306;Sebastianópolis do Sul;35;SP;São Paulo;Sudeste;0;-20.6523;-49.925;7127;17;America/Sao_Paulo
3551405;Serra Azul;35;SP;São Paulo;Sudeste;0;-21.3074;-47.5602;7129;16;America/Sao_Paulo
3551504;Serrana;35;SP;São Paulo;Sudeste;0;-21.2043;-47.5952;7131;16;America/Sao_Paulo
3551603;Serra Negra;35;SP;São Paulo;Sudeste;0;-22.6139;-46.7033;7133;19;America/Sao_Paulo
3551702;Sertãozinho;35;SP;São Paulo;Sudeste;0;-21.1316;-47.9875;7135;16;America/Sao_Paulo
3551801;Sete Barras;35;SP;São Paulo;Sudeste;0;-24.382;-47.9279;7137;13;America/Sao_Paulo
3551900;Severínia;35;SP;São Paulo;Sudeste;0;-20.8108;-48.8054;7139;17;America/Sao_Paulo
3552007;Silveiras;35;SP;São Paulo;Sudeste;0;-22.6638;-44.8522;7141;12;America/Sao_Paulo
3552106;Socorro;35;SP;São Paulo;Sudeste;0;-22.5903;-46.5251;7143;19;America/Sao_Paulo
3552205;Sorocaba;35;SP;São Paulo;Sudeste;0;-23.4969;-47.4451;7145;15;America/Sao_Paulo
3552304;Sud Mennucci;35;SP;São Paulo;Sudeste;0;-20.6872;-50.9238;7147;18;America/Sao_Paulo
3552403;Sumaré;35;SP;São Paulo;Sudeste;0;-22.8204;-47.2728;7149;19;America/Sao_Paulo
3552502;Suzano;35;SP;São Paulo;Sudeste;0;-23.5448;-46.3112;7151;11;America/Sao_Paulo
3552551;Suzanápolis;35;SP;São Paulo;Sudeste;0;-20.4981;-51.0268;2945;18;America/Sao_Paulo
3552601;Tabapuã;35;SP;São Paulo;Sudeste;0;-20.9602;-49.0307;7153;17;America/Sao_Paulo
3552700;Tabatinga;35;SP;São Paulo;Sudeste;0;-21.7239;-48.6896;7155;16;America/Sao_Paulo
3552809;Taboão da Serra;35;SP;São Paulo;Sudeste;0;-23.6019;-46.7526;7157;11;America/Sao_Paulo
3552908;Taciba;35;SP;São Paulo;Sudeste;0;-22.3866;-51.2882;7159;18;America/Sao_Paulo
3553005;Taguaí;35;SP;São Paulo;Sudeste;0;-23.4452;-49.4024;7161;14;America/Sao_Paulo
3553104;Taiaçu;35;SP;São Paulo;Sudeste;0;-21.1431;-48.5112;7163;16;America/Sao_Paulo
3553203;Taiúva;35;SP;São Paulo;Sudeste;0;-21.1223;-48.4528;7165;16;America/Sao_Paulo
3553302;Tambaú;35;SP;São Paulo;Sudeste;0;-21.7029;-47.2703;7167;19;America/Sao_Paulo
3553401;Tanabi;35;SP;São Paulo;Sudeste;0;-20.6228;-49.6563;7169;17;America/Sao_Paulo
3553500;Tapiraí;35;SP;São Paulo;Sudeste;0;-23.9612;-47.5062;7171;15;America/Sao_Paulo
3553609;Tapiratiba;35;SP;São Paulo;Sudeste;0;-21.4713;-46.7448;7173;19;America/Sao_Paulo
3553658;Taquaral;35;SP;São Paulo;Sudeste;0;-21.0737;-48.4126;0824;16;America/Sao_Paulo
3553708;Taquaritinga;35;SP;São Paulo;Sudeste;0;-21.4049;-48.5103;7175;16;America/Sao_Paulo
3553807;Taquarituba;35;SP;São Paulo;Sudeste;0;-23.5307;-49.241;7177;14;America/Sao_Paulo
3553856;Taquarivaí;35;SP;São Paulo;Sudeste;0;-23.9211;-48.6948;3063;15;America/Sao_Paulo
3553906;Tarabai;35;SP;São Paulo;Sudeste;0;-22.3016;-51.5621;7179;18;America/Sao_Paulo
3553955;Tarumã;35;SP;São Paulo;Sudeste;0;-22.7429;-50.5786;7267;18;America/Sao_Paulo
3554003;Tatuí;35;SP;São Paulo;Sudeste;0;-23.3487;-47.8461;7181;15;America/Sao_Paulo
3554102;Taubaté;35;SP;São Paulo;Sudeste;0;-23.0104;-45.5593;7183;12;America/Sao_Paulo
3554201;Tejupá;35;SP;São Paulo;Sudeste;0;-23.3425;-49.3722;7185;14;America/Sao_Paulo
3554300;Teodoro Sampaio;35;SP;São Paulo;Sudeste;0;-22.5299;-52.1682;7187;18;America/Sao_Paulo
3554409;Terra Roxa;35;SP;São Paulo;Sudeste;0;-20.787;-48.3314;7189;17;America/Sao_Paulo
3554508;Tietê;35;SP;São Paulo;Sudeste;0;-23.1101;-47.7164;7191;15;America/Sao_Paulo
3554607;Timburi;35;SP;São Paulo;Sudeste;0;-23.2057;-49.6096;7193;14;America/Sao_Paulo
3554656;Torre de Pedra;35;SP;São Paulo;Sudeste;0;-23.2462;-48.1955;3227;15;America/Sao_Paulo
3554706;Torrinha;35;SP;São Paulo;Sudeste;0;-22.4237;-48.1731;7195;14;America/Sao_Paulo
3554755;Trabiju;35;SP;São Paulo;Sudeste;0;-22.0388;-48.3342;0826;16;America/Sao_Paulo
3554805;Tremembé;35;SP;São Paulo;Sudeste;0;-22.9571;-45.5475;7197;12;America/Sao_Paulo
3554904;Três Fronteiras;35;SP;São Paulo;Sudeste;0;-20.2344;-50.8905;7199;17;America/Sao_Paulo
3554953;Tuiuti;35;SP;São Paulo;Sudeste;0;-22.8193;-46.6937;2955;11;America/Sao_Paulo
3555000;Tupã;35;SP;São Paulo;Sudeste;0;-21.9335;-50.5191;7201;14;America/Sao_Paulo
3555109;Tupi Paulista;35;SP;São Paulo;Sudeste;0;-21.3825;-51.575;7203;18;America/Sao_Paulo
3555208;Turiúba;35;SP;São Paulo;Sudeste;0;-20.9428;-50.1135;7205;18;America/Sao_Paulo
3555307;Turmalina;35;SP;São Paulo;Sudeste;0;-20.0486;-50.4792;7207;17;America/Sao_Paulo
3555356;Ubarana;35;SP;São Paulo;Sudeste;0;-21.165;-49.7198;2971;17;America/Sao_Paulo
3555406;Ubatuba;35;SP;São Paulo;Sudeste;0;-23.4332;-45.0834;7209;12;America/Sao_Paulo
3555505;Ubirajara;35;SP;São Paulo;Sudeste;0;-22.5272;-49.6613;7211;14;America/Sao_Paulo
3555604;Uchoa;35;SP;São Paulo;Sudeste;0;-20.9511;-49.1713;7213;17;America/Sao_Paulo
3555703;União Paulista;35;SP;São Paulo;Sudeste;0;-20.8862;-49.9025;7215;17;America/Sao_Paulo
3555802;Urânia;35;SP;São Paulo;Sudeste;0;-20.2455;-50.6455;7217;17;America/Sao_Paulo
3555901;Uru;35;SP;São Paulo;Sudeste;0;-21.7866;-49.2848;7219;14;America/Sao_Paulo
3556008;Urupês;35;SP;São Paulo;Sudeste;0;-21.2032;-49.2931;7221;17;America/Sao_Paulo
3556107;Valentim Gentil;35;SP;São Paulo;Sudeste;0;-20.4217;-50.0889;7223;17;America/Sao_Paulo
3556206;Valinhos;35;SP;São Paulo;Sudeste;0;-22.9698;-46.9974;7225;19;America/Sao_Paulo
3556305;Valparaíso;35;SP;São Paulo;Sudeste;0;-21.2229;-50.8699;7227;18;America/Sao_Paulo
3556354;Vargem;35;SP;São Paulo;Sudeste;0;-22.887;-46.4124;2957;11;America/Sao_Paulo
3556404;Vargem Grande do Sul;35;SP;São Paulo;Sudeste;0;-21.8322;-46.8913;7231;19;America/Sao_Paulo
3556453;Vargem Grande Paulista;35;SP;São Paulo;Sudeste;0;-23.5993;-47.022;7273;11;America/Sao_Paulo
3556503;Várzea Paulista;35;SP;São Paulo;Sudeste;0;-23.2136;-46.8234;7233;11;America/Sao_Paulo
3556602;Vera Cruz;35;SP;São Paulo;Sudeste;0;-22.2183;-49.8207;7235;14;America/Sao_Paulo
3556701;Vinhedo;35;SP;São Paulo;Sudeste;0;-23.0302;-46.9833;7237;19;America/Sao_Paulo
3556800;Viradouro;35;SP;São Paulo;Sudeste;0;-20.8734;-48.293;7239;17;America/Sao_Paulo
3556909;Vista Alegre do Alto;35;SP;São Paulo;Sudeste;0;-21.1692;-48.6284;7241;16;America/Sao_Paulo
3556958;Vitória Brasil;35;SP;São Paulo;Sudeste;0;-20.1956;-50.4875;0828;17;America/Sao_Paulo
3557006;Votorantim;35;SP;São Paulo;Sudeste;0;-23.5446;-47.4388;7243;15;America/Sao_Paulo
3557105;Votuporanga;35;SP;São Paulo;Sudeste;0;-20.4237;-49.9781;7245;17;America/Sao_Paulo
3557154;Zacarias;35;SP;São Paulo;Sudeste;0;-21.0506;-50.0552;2973;18;America/Sao_Paulo
3557204;Chavantes;35;SP;São Paulo;Sudeste;0;-23.0366;-49.7096;6337;14;America/Sao_Paulo
3557303;Estiva Gerbi;35;SP;São Paulo;Sudeste;0;-22.2713;-46.9481;2959;19;America/Sao_Paulo
4100103;Abatiá;41;PR;Paraná;Sul;0;-23.3049;-50.3133;7401;43;America/Sao_Paulo
4100202;Adrianópolis;41;PR;Paraná;Sul;0;-24.6606;-48.9922;7403;41;America/Sao_Paulo
4100301;Agudos do Sul;41;PR;Paraná;Sul;0;-25.9899;-49.3343;7405;41;America/Sao_Paulo
4100400;Almirante Tamandaré;41;PR;Paraná;Sul;0;-25.3188;-49.3037;7407;41;America/Sao_Paulo
4100459;Altamira do Paraná;41;PR;Paraná;Sul;0;-24.7983;-52.7128;8455;44;America/Sao_Paulo
4100509;Altônia;41;PR;Paraná;Sul;0;-23.8759;-53.8958;7951;44;America/Sao_Paulo
4100608;Alto Paraná;41;PR;Paraná;Sul;0;-23.1312;-52.3189;7409;44;America/Sao_Paulo
4100707;Alto Piquiri;41;PR;Paraná;Sul;0;-24.0224;-53.44;7411;44;America/Sao_Paulo
4100806;Alvorada do Sul;41;PR;Paraná;Sul;0;-22.7813;-51.2297;7413;43;America/Sao_Paulo
4100905;Amaporã;41;PR;Paraná;Sul;0;-23.0943;-52.7866;7415;44;America/Sao_Paulo
4101002;Ampére;41;PR;Paraná;Sul;0;-25.9168;-53.4686;7417;46;America/Sao_Paulo
4101051;Anahy;41;PR;Paraná;Sul;0;-24.6449;-53.1332;5463;45;America/Sao_Paulo
4101101;Andirá;41;PR;Paraná;Sul;0;-23.0533;-50.2304;7419;43;America/Sao_Paulo
4101150;Ângulo;41;PR;Paraná;Sul;0;-23.1946;-51.9154;5509;44;America/Sao_Paulo
4101200;Antonina;41;PR;Paraná;Sul;0;-25.4386;-48.7191;7421;41;America/Sao_Paulo
4101309;Antônio Olinto;41;PR;Paraná;Sul;0;-25.9804;-50.1972;7423;42;America/Sao_Paulo
4101408;Apucarana;41;PR;Paraná;Sul;0;-23.55;-51.4635;7425;43;America/Sao_Paulo
4101507;Arapongas;41;PR;Paraná;Sul;0;-23.4153;-51.4259;7427;43;America/Sao_Paulo
4101606;Arapoti;41;PR;Paraná;Sul;0;-24.1548;-49.8285;7429;43;America/Sao_Paulo
4101655;Arapuã;41;PR;Paraná;Sul;0;-24.3132;-51.7856;0830;43;America/Sao_Paulo
4101705;Araruna;41;PR;Paraná;Sul;0;-23.9315;-52.5021;7431;44;America/Sao_Paulo
4101804;Araucária;41;PR;Paraná;Sul;0;-25.5859;-49.4047;7435;41;America/Sao_Paulo
4101853;Ariranha do Ivaí;41;PR;Paraná;Sul;0;-24.3857;-51.5839;0832;43;America/Sao_Paulo
4101903;Assaí;41;PR;Paraná;Sul;0;-23.3697;-50.8459;7437;43;America/Sao_Paulo
4102000;Assis Chateaubriand;41;PR;Paraná;Sul;0;-24.4168;-53.5213;7953;44;America/Sao_Paulo
4102109;Astorga;41;PR;Paraná;Sul;0;-23.2318;-51.6668;7439;44;America/Sao_Paulo
4102208;Atalaia;41;PR;Paraná;Sul;0;-23.1517;-52.0551;7441;44;America/Sao_Paulo
4102307;Balsa Nova;41;PR;Paraná;Sul;0;-25.5804;-49.6291;7443;41;America/Sao_Paulo
4102406;Bandeirantes;41;PR;Paraná;Sul;0;-23.1078;-50.3704;7445;43;America/Sao_Paulo
4102505;Barbosa Ferraz;41;PR;Paraná;Sul;0;-24.0334;-52.004;7447;44;America/Sao_Paulo
4102604;Barracão;41;PR;Paraná;Sul;0;-26.2502;-53.6324;7449;49;America/Sao_Paulo
4102703;Barra do Jacaré;41;PR;Paraná;Sul;0;-23.116;-50.1842;7451;43;America/Sao_Paulo
4102752;Bela Vista da Caroba;41;PR;Paraná;Sul;0;-25.8842;-53.6725;0834;46;America/Sao_Paulo
4102802;Bela Vista do Paraíso;41;PR;Paraná;Sul;0;-22.9937;-51.1927;7453;43;America/Sao_Paulo
4102901;Bituruna;41;PR;Paraná;Sul;0;-26.1607;-51.5518;7455;42;America/Sao_Paulo
4103008;Boa Esperança;41;PR;Paraná;Sul;0;-24.2467;-52.7876;7457;44;America/Sao_Paulo
4103024;Boa Esperança do Iguaçu;41;PR;Paraná;Sul;0;-25.6324;-53.2108;5471;46;America/Sao_Paulo
4103040;Boa Ventura de São Roque;41;PR;Paraná;Sul;0;-24.8688;-51.6276;0836;42;America/Sao_Paulo
4103057;Boa Vista da Aparecida;41;PR;Paraná;Sul;0;-25.4308;-53.4117;7981;45;America/Sao_Paulo
4103107;Bocaiúva do Sul;41;PR;Paraná;Sul;0;-25.2066;-49.1141;7459;41;America/Sao_Paulo
4103156;Bom Jesus do Sul;41;PR;Paraná;Sul;0;-26.1958;-53.5955;0838;46;America/Sao_Paulo
4103206;Bom Sucesso;41;PR;Paraná;Sul;0;-23.7063;-51.7671;7461;43;America/Sao_Paulo
4103222;Bom Sucesso do Sul;41;PR;Paraná;Sul;0;-26.0731;-52.8353;9979;46;America/Sao_Paulo
4103305;Borrazópolis;41;PR;Paraná;Sul;0;-23.9366;-51.5875;7463;43;America/Sao_Paulo
4103354;Braganey;41;PR;Paraná;Sul;0;-24.8173;-53.1218;7983;45;America/Sao_Paulo
4103370;Brasilândia do Sul;41;PR;Paraná;Sul;0;-24.1978;-53.5275;5521;44;America/Sao_Paulo
4103404;Cafeara;41;PR;Paraná;Sul;0;-22.789;-51.7142;7465;43;America/Sao_Paulo
4103453;Cafelândia;41;PR;Paraná;Sul;0;-24.6189;-53.3207;7985;45;America/Sao_Paulo
4103479;Cafezal do Sul;41;PR;Paraná;Sul;0;-23.9005;-53.5124;5491;44;America/Sao_Paulo
4103503;Califórnia;41;PR;Paraná;Sul;0;-23.6566;-51.3574;7467;43;America/Sao_Paulo
4103602;Cambará;41;PR;Paraná;Sul;0;-23.0423;-50.0753;7469;43;America/Sao_Paulo
4103701;Cambé;41;PR;Paraná;Sul;0;-23.2766;-51.2798;7471;43;America/Sao_Paulo
4103800;Cambira;41;PR;Paraná;Sul;0;-23.589;-51.5792;7473;43;America/Sao_Paulo
4103909;Campina da Lagoa;41;PR;Paraná;Sul;0;-24.5893;-52.7976;7475;44;America/Sao_Paulo
4103958;Campina do Simão;41;PR;Paraná;Sul;0;-25.0802;-51.8237;0840;42;America/Sao_Paulo
4104006;Campina Grande do Sul;41;PR;Paraná;Sul;0;-25.3044;-49.0551;7477;41;America/Sao_Paulo
4104055;Campo Bonito;41;PR;Paraná;Sul;0;-25.0294;-52.9939;8475;45;America/Sao_Paulo
4104105;Campo do Tenente;41;PR;Paraná;Sul;0;-25.98;-49.6844;7479;41;America/Sao_Paulo
4104204;Campo Largo;41;PR;Paraná;Sul;0;-25.4525;-49.529;7481;41;America/Sao_Paulo
4104253;Campo Magro;41;PR;Paraná;Sul;0;-25.3687;-49.4501;0842;41;America/Sao_Paulo
4104303;Campo Mourão;41;PR;Paraná;Sul;0;-24.0463;-52.378;7483;44;America/Sao_Paulo
4104402;Cândido de Abreu;41;PR;Paraná;Sul;0;-24.5649;-51.3372;7485;43;America/Sao_Paulo
4104428;Candói;41;PR;Paraná;Sul;0;-25.5758;-52.0409;5499;42;America/Sao_Paulo
4104451;Cantagalo;41;PR;Paraná;Sul;0;-25.3734;-52.1198;8451;42;America/Sao_Paulo
4104501;Capanema;41;PR;Paraná;Sul;0;-25.6691;-53.8055;7487;46;America/Sao_Paulo
4104600;Capitão Leônidas Marques;41;PR;Paraná;Sul;0;-25.4816;-53.6112;7489;45;America/Sao_Paulo
4104659;Carambeí;41;PR;Paraná;Sul;0;-24.9152;-50.0986;0844;42;America/Sao_Paulo
4104709;Carlópolis;41;PR;Paraná;Sul;0;-23.4269;-49.7235;7491;43;America/Sao_Paulo
4104808;Cascavel;41;PR;Paraná;Sul;0;-24.9573;-53.459;7493;45;America/Sao_Paulo
4104907;Castro;41;PR;Paraná;Sul;0;-24.7891;-50.0108;7495;42;America/Sao_Paulo
4105003;Catanduvas;41;PR;Paraná;Sul;0;-25.2044;-53.1548;7497;45;America/Sao_Paulo
4105102;Centenário do Sul;41;PR;Paraná;Sul;0;-22.8188;-51.5973;7499;43;America/Sao_Paulo
4105201;Cerro Azul;41;PR;Paraná;Sul;0;-26.0891;-52.8691;7501;41;America/Sao_Paulo
4105300;Céu Azul;41;PR;Paraná;Sul;0;-25.1489;-53.8415;7957;45;America/Sao_Paulo
4105409;Chopinzinho;41;PR;Paraná;Sul;0;-25.8515;-52.5173;7503;46;America/Sao_Paulo
4105508;Cianorte;41;PR;Paraná;Sul;0;-23.6599;-52.6054;7505;44;America/Sao_Paulo
4105607;Cidade Gaúcha;41;PR;Paraná;Sul;0;-23.3772;-52.9436;7507;44;America/Sao_Paulo
4105706;Clevelândia;41;PR;Paraná;Sul;0;-26.4043;-52.3508;7509;46;America/Sao_Paulo
4105805;Colombo;41;PR;Paraná;Sul;0;-25.2925;-49.2262;7513;41;America/Sao_Paulo
4105904;Colorado;41;PR;Paraná;Sul;0;-22.8374;-51.9743;7515;44;America/Sao_Paulo
4106001;Congonhinhas;41;PR;Paraná;Sul;0;-23.5493;-50.5569;7517;43;America/Sao_Paulo
4106100;Conselheiro Mairinck;41;PR;Paraná;Sul;0;-23.623;-50.1707;7519;43;America/Sao_Paulo
4106209;Contenda;41;PR;Paraná;Sul;0;-25.6788;-49.535;7521;41;America/Sao_Paulo
4106308;Corbélia;41;PR;Paraná;Sul;0;-24.7971;-53.3006;7523;45;America/Sao_Paulo
4106407;Cornélio Procópio;41;PR;Paraná;Sul;0;-23.1829;-50.6498;7525;43;America/Sao_Paulo
4106456;Coronel Domingos Soares;41;PR;Paraná;Sul;0;-26.2277;-52.0356;0846;46;America/Sao_Paulo
4106506;Coronel Vivida;41;PR;Paraná;Sul;0;-25.9767;-52.5641;7527;46;America/Sao_Paulo
4106555;Corumbataí do Sul;41;PR;Paraná;Sul;0;-24.101;-52.1177;8479;44;America/Sao_Paulo
4106571;Cruzeiro do Iguaçu;41;PR;Paraná;Sul;0;-25.6192;-53.1285;5473;46;America/Sao_Paulo
4106605;Cruzeiro do Oeste;41;PR;Paraná;Sul;0;-23.7799;-53.0774;7529;44;America/Sao_Paulo
4106704;Cruzeiro do Sul;41;PR;Paraná;Sul;0;-22.9624;-52.1622;7531;44;America/Sao_Paulo
4106803;Cruz Machado;41;PR;Paraná;Sul;0;-26.0166;-51.343;7533;42;America/Sao_Paulo
4106852;Cruzmaltina;41;PR;Paraná;Sul;0;-24.0132;-51.4563;0848;43;America/Sao_Paulo
4106902;Curitiba;41;PR;Paraná;Sul;1;-25.4195;-49.2646;7535;41;America/Sao_Paulo
4107009;Curiúva;41;PR;Paraná;Sul;0;-24.0362;-50.4576;7537;43;America/Sao_Paulo
4107108;Diamante do Norte;41;PR;Paraná;Sul;0;-22.655;-52.8617;7539;44;America/Sao_Paulo
4107124;Diamante do Sul;41;PR;Paraná;Sul;0;-25.035;-52.6768;5465;45;America/Sao_Paulo
4107157;Diamante D'Oeste;41;PR;Paraná;Sul;0;-24.9419;-54.1052;9915;45;America/Sao_Paulo
4107207;Dois Vizinhos;41;PR;Paraná;Sul;0;-25.7407;-53.057;7541;46;America/Sao_Paulo
4107256;Douradina;41;PR;Paraná;Sul;0;-23.3807;-53.2918;8465;44;America/Sao_Paulo
4107306;Doutor Camargo;41;PR;Paraná;Sul;0;-23.5582;-52.2178;7543;44;America/Sao_Paulo
4107405;Enéas Marques;41;PR;Paraná;Sul;0;-25.9445;-53.1659;7545;46;America/Sao_Paulo
4107504;Engenheiro Beltrão;41;PR;Paraná;Sul;0;-23.797;-52.2659;7547;44;America/Sao_Paulo
4107520;Esperança Nova;41;PR;Paraná;Sul;0;-23.7238;-53.811;0850;44;America/Sao_Paulo
4107538;Entre Rios do Oeste;41;PR;Paraná;Sul;0;-24.7042;-54.2385;5529;45;America/Sao_Paulo
4107546;Espigão Alto do Iguaçu;41;PR;Paraná;Sul;0;-25.4216;-52.8348;0852;46;America/Sao_Paulo
4107553;Farol;41;PR;Paraná;Sul;0;-24.0958;-52.6217;5511;44;America/Sao_Paulo
4107603;Faxinal;41;PR;Paraná;Sul;0;-24.0077;-51.3227;7549;43;America/Sao_Paulo
4107652;Fazenda Rio Grande;41;PR;Paraná;Sul;0;-25.6624;-49.3073;9983;41;America/Sao_Paulo
4107702;Fênix;41;PR;Paraná;Sul;0;-23.9135;-51.9805;7551;44;America/Sao_Paulo
4107736;Fernandes Pinheiro;41;PR;Paraná;Sul;0;-25.4107;-50.5456;0854;42;America/Sao_Paulo
4107751;Figueira;41;PR;Paraná;Sul;0;-23.8455;-50.4031;8457;43;America/Sao_Paulo
4107801;Floraí;41;PR;Paraná;Sul;0;-23.3178;-52.3029;7553;44;America/Sao_Paulo
4107850;Flor da Serra do Sul;41;PR;Paraná;Sul;0;-26.2523;-53.3092;5475;46;America/Sao_Paulo
4107900;Floresta;41;PR;Paraná;Sul;0;-23.6031;-52.0807;7555;44;America/Sao_Paulo
4108007;Florestópolis;41;PR;Paraná;Sul;0;-22.8623;-51.3882;7557;43;America/Sao_Paulo
4108106;Flórida;41;PR;Paraná;Sul;0;-23.0847;-51.9546;7559;44;America/Sao_Paulo
4108205;Formosa do Oeste;41;PR;Paraná;Sul;0;-24.2951;-53.3114;7561;44;America/Sao_Paulo
4108304;Foz do Iguaçu;41;PR;Paraná;Sul;0;-25.5427;-54.5827;7563;45;America/Sao_Paulo
4108320;Francisco Alves;41;PR;Paraná;Sul;0;-24.0667;-53.8461;7977;44;America/Sao_Paulo
4108403;Francisco Beltrão;41;PR;Paraná;Sul;0;-26.0817;-53.0535;7565;46;America/Sao_Paulo
4108452;Foz do Jordão;41;PR;Paraná;Sul;0;-25.7371;-52.1188;0856;42;America/Sao_Paulo
4108502;General Carneiro;41;PR;Paraná;Sul;0;-26.425;-51.3172;7567;42;America/Sao_Paulo
4108551;Godoy Moreira;41;PR;Paraná;Sul;0;-24.173;-51.9246;9947;43;America/Sao_Paulo
4108601;Goioerê;41;PR;Paraná;Sul;0;-24.1835;-53.0248;7569;44;America/Sao_Paulo
4108650;Goioxim;41;PR;Paraná;Sul;0;-25.1927;-51.9911;0858;42;America/Sao_Paulo
4108700;Grandes Rios;41;PR;Paraná;Sul;0;-24.1466;-51.5094;7959;43;America/Sao_Paulo
4108809;Guaíra;41;PR;Paraná;Sul;0;-24.085;-54.2573;7571;44;America/Sao_Paulo
4108908;Guairaçá;41;PR;Paraná;Sul;0;-22.932;-52.6906;7573;44;America/Sao_Paulo
4108957;Guamiranga;41;PR;Paraná;Sul;0;-25.1912;-50.8021;0860;42;America/Sao_Paulo
4109005;Guapirama;41;PR;Paraná;Sul;0;-23.5203;-50.0407;7575;43;America/Sao_Paulo
4109104;Guaporema;41;PR;Paraná;Sul;0;-23.3402;-52.7786;7577;44;America/Sao_Paulo
4109203;Guaraci;41;PR;Paraná;Sul;0;-22.9694;-51.6504;7579;43;America/Sao_Paulo
4109302;Guaraniaçu;41;PR;Paraná;Sul;0;-25.0968;-52.8755;7581;45;America/Sao_Paulo
4109401;Guarapuava;41;PR;Paraná;Sul;0;-25.3902;-51.4623;7583;42;America/Sao_Paulo
4109500;Guaraqueçaba;41;PR;Paraná;Sul;0;-25.3071;-48.3204;7585;41;America/Sao_Paulo
4109609;Guaratuba;41;PR;Paraná;Sul;0;-25.8817;-48.5752;7587;41;America/Sao_Paulo
4109658;Honório Serpa;41;PR;Paraná;Sul;0;-26.139;-52.3848;9981;46;America/Sao_Paulo
4109708;Ibaiti;41;PR;Paraná;Sul;0;-23.8478;-50.1932;7589;43;America/Sao_Paulo
4109757;Ibema;41;PR;Paraná;Sul;0;-25.1193;-53.0072;9949;45;America/Sao_Paulo
4109807;Ibiporã;41;PR;Paraná;Sul;0;-23.2659;-51.0522;7591;43;America/Sao_Paulo
4109906;Icaraíma;41;PR;Paraná;Sul;0;-23.3944;-53.615;7593;44;America/Sao_Paulo
4110003;Iguaraçu;41;PR;Paraná;Sul;0;-23.1949;-51.8256;7595;44;America/Sao_Paulo
4110052;Iguatu;41;PR;Paraná;Sul;0;-24.7153;-53.0827;5467;45;America/Sao_Paulo
4110078;Imbaú;41;PR;Paraná;Sul;0;-24.448;-50.7533;0862;42;America/Sao_Paulo
4110102;Imbituva;41;PR;Paraná;Sul;0;-25.2285;-50.5989;7597;42;America/Sao_Paulo
4110201;Inácio Martins;41;PR;Paraná;Sul;0;-25.5704;-51.0769;7599;42;America/Sao_Paulo
4110300;Inajá;41;PR;Paraná;Sul;0;-22.7509;-52.1995;7601;44;America/Sao_Paulo
4110409;Indianópolis;41;PR;Paraná;Sul;0;-23.4762;-52.6989;7961;44;America/Sao_Paulo
4110508;Ipiranga;41;PR;Paraná;Sul;0;-25.0238;-50.5794;7603;42;America/Sao_Paulo
4110607;Iporã;41;PR;Paraná;Sul;0;-24.0083;-53.706;7605;44;America/Sao_Paulo
4110656;Iracema do Oeste;41;PR;Paraná;Sul;0;-24.4262;-53.3528;5485;44;America/Sao_Paulo
4110706;Irati;41;PR;Paraná;Sul;0;-25.4697;-50.6493;7607;42;America/Sao_Paulo
4110805;Iretama;41;PR;Paraná;Sul;0;-24.4253;-52.1012;7609;44;America/Sao_Paulo
4110904;Itaguajé;41;PR;Paraná;Sul;0;-22.6183;-51.9674;7611;44;America/Sao_Paulo
4110953;Itaipulândia;41;PR;Paraná;Sul;0;-25.1366;-54.3001;5525;45;America/Sao_Paulo
4111001;Itambaracá;41;PR;Paraná;Sul;0;-23.0181;-50.4097;7613;43;America/Sao_Paulo
4111100;Itambé;41;PR;Paraná;Sul;0;-23.6601;-51.9912;7615;44;America/Sao_Paulo
4111209;Itapejara d'Oeste;41;PR;Paraná;Sul;0;-25.9619;-52.8152;7617;46;America/Sao_Paulo
4111258;Itaperuçu;41;PR;Paraná;Sul;0;-25.2193;-49.3454;5451;41;America/Sao_Paulo
4111308;Itaúna do Sul;41;PR;Paraná;Sul;0;-22.7289;-52.8874;7619;44;America/Sao_Paulo
4111407;Ivaí;41;PR;Paraná;Sul;0;-25.0067;-50.857;7621;42;America/Sao_Paulo
4111506;Ivaiporã;41;PR;Paraná;Sul;0;-24.2485;-51.6754;7623;43;America/Sao_Paulo
4111555;Ivaté;41;PR;Paraná;Sul;0;-23.4072;-53.3687;9955;44;America/Sao_Paulo
4111605;Ivatuba;41;PR;Paraná;Sul;0;-23.6187;-52.2203;7625;44;America/Sao_Paulo
4111704;Jaboti;41;PR;Paraná;Sul;0;-23.7435;-50.0729;7627;43;America/Sao_Paulo
4111803;Jacarezinho;41;PR;Paraná;Sul;0;-23.1591;-49.9739;7629;43;America/Sao_Paulo
4111902;Jaguapitã;41;PR;Paraná;Sul;0;-23.1104;-51.5342;7631;43;America/Sao_Paulo
4112009;Jaguariaíva;41;PR;Paraná;Sul;0;-24.2439;-49.7066;7633;43;America/Sao_Paulo
4112108;Jandaia do Sul;41;PR;Paraná;Sul;0;-23.6011;-51.6448;7635;43;America/Sao_Paulo
4112207;Janiópolis;41;PR;Paraná;Sul;0;-24.1401;-52.7784;7637;44;America/Sao_Paulo
4112306;Japira;41;PR;Paraná;Sul;0;-23.8142;-50.1422;7639;43;America/Sao_Paulo
4112405;Japurá;41;PR;Paraná;Sul;0;-23.4693;-52.5557;7641;44;America/Sao_Paulo
4112504;Jardim Alegre;41;PR;Paraná;Sul;0;-24.1809;-51.6902;7643;43;America/Sao_Paulo
4112603;Jardim Olinda;41;PR;Paraná;Sul;0;-22.5523;-52.0503;7645;44;America/Sao_Paulo
4112702;Jataizinho;41;PR;Paraná;Sul;0;-23.2578;-50.9777;7647;43;America/Sao_Paulo
4112751;Jesuítas;41;PR;Paraná;Sul;0;-24.3839;-53.3849;7997;44;America/Sao_Paulo
4112801;Joaquim Távora;41;PR;Paraná;Sul;0;-23.4987;-49.909;7649;43;America/Sao_Paulo
4112900;Jundiaí do Sul;41;PR;Paraná;Sul;0;-23.4357;-50.2496;7651;43;America/Sao_Paulo
4112959;Juranda;41;PR;Paraná;Sul;0;-24.4209;-52.8413;8463;44;America/Sao_Paulo
4113007;Jussara;41;PR;Paraná;Sul;0;-23.6219;-52.4693;7653;44;America/Sao_Paulo
4113106;Kaloré;41;PR;Paraná;Sul;0;-23.8188;-51.6687;7655;43;America/Sao_Paulo
4113205;Lapa;41;PR;Paraná;Sul;0;-25.7671;-49.7168;7657;41;America/Sao_Paulo
4113254;Laranjal;41;PR;Paraná;Sul;0;-24.8862;-52.47;5501;42;America/Sao_Paulo
4113304;Laranjeiras do Sul;41;PR;Paraná;Sul;0;-25.4077;-52.4109;7659;42;America/Sao_Paulo
4113403;Leópolis;41;PR;Paraná;Sul;0;-23.0818;-50.7511;7661;43;America/Sao_Paulo
4113429;Lidianópolis;41;PR;Paraná;Sul;0;-24.11;-51.6506;5507;43;America/Sao_Paulo
4113452;Lindoeste;41;PR;Paraná;Sul;0;-25.2596;-53.5733;9959;45;America/Sao_Paulo
4113502;Loanda;41;PR;Paraná;Sul;0;-22.9232;-53.1362;7663;44;America/Sao_Paulo
4113601;Lobato;41;PR;Paraná;Sul;0;-23.0058;-51.9524;7665;44;America/Sao_Paulo
4113700;Londrina;41;PR;Paraná;Sul;0;-23.304;-51.1691;7667;43;America/Sao_Paulo
4113734;Luiziana;41;PR;Paraná;Sul;0;-24.2853;-52.269;8481;44;America/Sao_Paulo
4113759;Lunardelli;41;PR;Paraná;Sul;0;-24.0821;-51.7368;8459;43;America/Sao_Paulo
4113809;Lupionópolis;41;PR;Paraná;Sul;0;-22.755;-51.6601;7669;43;America/Sao_Paulo
4113908;Mallet;41;PR;Paraná;Sul;0;-25.8806;-50.8173;7671;42;America/Sao_Paulo
4114005;Mamborê;41;PR;Paraná;Sul;0;-24.317;-52.5271;7673;44;America/Sao_Paulo
4114104;Mandaguaçu;41;PR;Paraná;Sul;0;-23.3458;-52.0944;7675;44;America/Sao_Paulo
4114203;Mandaguari;41;PR;Paraná;Sul;0;-23.5446;-51.671;7677;44;America/Sao_Paulo
4114302;Mandirituba;41;PR;Paraná;Sul;0;-25.777;-49.3282;7679;41;America/Sao_Paulo
4114351;Manfrinópolis;41;PR;Paraná;Sul;0;-26.1441;-53.3113;0864;46;America/Sao_Paulo
4114401;Mangueirinha;41;PR;Paraná;Sul;0;-25.9421;-52.1743;7511;46;America/Sao_Paulo
4114500;Manoel Ribas;41;PR;Paraná;Sul;0;-24.5144;-51.6658;7681;43;America/Sao_Paulo
4114609;Marechal Cândido Rondon;41;PR;Paraná;Sul;0;-24.557;-54.0571;7683;45;America/Sao_Paulo
4114708;Maria Helena;41;PR;Paraná;Sul;0;-23.6158;-53.2053;7685;44;America/Sao_Paulo
4114807;Marialva;41;PR;Paraná;Sul;0;-23.4843;-51.7928;7687;44;America/Sao_Paulo
4114906;Marilândia do Sul;41;PR;Paraná;Sul;0;-23.7425;-51.3137;7433;43;America/Sao_Paulo
4115002;Marilena;41;PR;Paraná;Sul;0;-22.7336;-53.0402;7975;44;America/Sao_Paulo
4115101;Mariluz;41;PR;Paraná;Sul;0;-24.0089;-53.1432;7689;44;America/Sao_Paulo
4115200;Maringá;41;PR;Paraná;Sul;0;-23.4205;-51.9333;7691;44;America/Sao_Paulo
4115309;Mariópolis;41;PR;Paraná;Sul;0;-26.355;-52.5532;7693;46;America/Sao_Paulo
4115358;Maripá;41;PR;Paraná;Sul;0;-24.42;-53.8286;5487;44;America/Sao_Paulo
4115408;Marmeleiro;41;PR;Paraná;Sul;0;-26.1472;-53.0267;7695;46;America/Sao_Paulo
4115457;Marquinho;41;PR;Paraná;Sul;0;-25.112;-52.2497;0866;42;America/Sao_Paulo
4115507;Marumbi;41;PR;Paraná;Sul;0;-23.7058;-51.6404;7697;43;America/Sao_Paulo
4115606;Matelândia;41;PR;Paraná;Sul;0;-25.2496;-53.9935;7699;45;America/Sao_Paulo
4115705;Matinhos;41;PR;Paraná;Sul;0;-25.8237;-48.549;7963;41;America/Sao_Paulo
4115739;Mato Rico;41;PR;Paraná;Sul;0;-24.6995;-52.1454;5503;42;America/Sao_Paulo
4115754;Mauá da Serra;41;PR;Paraná;Sul;0;-23.8988;-51.2277;5459;43;America/Sao_Paulo
4115804;Medianeira;41;PR;Paraná;Sul;0;-25.2977;-54.0943;7701;45;America/Sao_Paulo
4115853;Mercedes;41;PR;Paraná;Sul;0;-24.4538;-54.1618;5531;45;America/Sao_Paulo
4115903;Mirador;41;PR;Paraná;Sul;0;-23.255;-52.7761;7703;44;America/Sao_Paulo
4116000;Miraselva;41;PR;Paraná;Sul;0;-22.9657;-51.4846;7705;43;America/Sao_Paulo
4116059;Missal;41;PR;Paraná;Sul;0;-25.0919;-54.2477;8469;45;America/Sao_Paulo
4116109;Moreira Sales;41;PR;Paraná;Sul;0;-24.0509;-53.0102;7707;44;America/Sao_Paulo
4116208;Morretes;41;PR;Paraná;Sul;0;-25.4744;-48.8345;7709;41;America/Sao_Paulo
4116307;Munhoz de Melo;41;PR;Paraná;Sul;0;-23.1487;-51.7737;7711;44;America/Sao_Paulo
4116406;Nossa Senhora das Graças;41;PR;Paraná;Sul;0;-22.9129;-51.7978;7713;44;America/Sao_Paulo
4116505;Nova Aliança do Ivaí;41;PR;Paraná;Sul;0;-23.1763;-52.6032;7715;44;America/Sao_Paulo
4116604;Nova América da Colina;41;PR;Paraná;Sul;0;-23.3308;-50.7168;7717;43;America/Sao_Paulo
4116703;Nova Aurora;41;PR;Paraná;Sul;0;-24.5289;-53.2575;7965;45;America/Sao_Paulo
4116802;Nova Cantu;41;PR;Paraná;Sul;0;-24.6723;-52.5661;7719;44;America/Sao_Paulo
4116901;Nova Esperança;41;PR;Paraná;Sul;0;-23.182;-52.2031;7721;44;America/Sao_Paulo
4116950;Nova Esperança do Sudoeste;41;PR;Paraná;Sul;0;-25.9004;-53.2618;5477;46;America/Sao_Paulo
4117008;Nova Fátima;41;PR;Paraná;Sul;0;-23.4324;-50.5665;7723;43;America/Sao_Paulo
4117057;Nova Laranjeiras;41;PR;Paraná;Sul;0;-25.3054;-52.5447;5479;42;America/Sao_Paulo
4117107;Nova Londrina;41;PR;Paraná;Sul;0;-22.7639;-52.9868;7725;44;America/Sao_Paulo
4117206;Nova Olímpia;41;PR;Paraná;Sul;0;-23.4703;-53.0898;7967;44;America/Sao_Paulo
4117214;Nova Santa Bárbara;41;PR;Paraná;Sul;0;-23.5865;-50.7598;5457;43;America/Sao_Paulo
4117222;Nova Santa Rosa;41;PR;Paraná;Sul;0;-24.4693;-53.9552;7979;45;America/Sao_Paulo
4117255;Nova Prata do Iguaçu;41;PR;Paraná;Sul;0;-25.6309;-53.3469;7995;46;America/Sao_Paulo
4117271;Nova Tebas;41;PR;Paraná;Sul;0;-24.438;-51.9454;9913;42;America/Sao_Paulo
4117297;Novo Itacolomi;41;PR;Paraná;Sul;0;-23.7631;-51.5079;5517;43;America/Sao_Paulo
4117305;Ortigueira;41;PR;Paraná;Sul;0;-24.2058;-50.9185;7727;42;America/Sao_Paulo
4117404;Ourizona;41;PR;Paraná;Sul;0;-23.4053;-52.1964;7729;44;America/Sao_Paulo
4117453;Ouro Verde do Oeste;41;PR;Paraná;Sul;0;-24.7933;-53.9043;9965;45;America/Sao_Paulo
4117503;Paiçandu;41;PR;Paraná;Sul;0;-23.4555;-52.046;7731;44;America/Sao_Paulo
4117602;Palmas;41;PR;Paraná;Sul;0;-26.4839;-51.9888;7733;46;America/Sao_Paulo
4117701;Palmeira;41;PR;Paraná;Sul;0;-25.4257;-50.007;7735;42;America/Sao_Paulo
4117800;Palmital;41;PR;Paraná;Sul;0;-24.8853;-52.2029;7737;42;America/Sao_Paulo
4117909;Palotina;41;PR;Paraná;Sul;0;-24.2868;-53.8404;7739;44;America/Sao_Paulo
4118006;Paraíso do Norte;41;PR;Paraná;Sul;0;-23.2824;-52.6054;7741;44;America/Sao_Paulo
4118105;Paranacity;41;PR;Paraná;Sul;0;-22.9297;-52.1549;7743;44;America/Sao_Paulo
4118204;Paranaguá;41;PR;Paraná;Sul;0;-25.5161;-48.5225;7745;41;America/Sao_Paulo
4118303;Paranapoema;41;PR;Paraná;Sul;0;-22.6412;-52.0905;7747;44;America/Sao_Paulo
4118402;Paranavaí;41;PR;Paraná;Sul;0;-23.0816;-52.4617;7749;44;America/Sao_Paulo
4118451;Pato Bragado;41;PR;Paraná;Sul;0;-24.6271;-54.2265;5533;45;America/Sao_Paulo
4118501;Pato Branco;41;PR;Paraná;Sul;0;-26.2292;-52.6706;7751;46;America/Sao_Paulo
4118600;Paula Freitas;41;PR;Paraná;Sul;0;-26.2105;-50.931;7753;42;America/Sao_Paulo
4118709;Paulo Frontin;41;PR;Paraná;Sul;0;-26.0466;-50.8304;7755;42;America/Sao_Paulo
4118808;Peabiru;41;PR;Paraná;Sul;0;-23.914;-52.3431;7757;44;America/Sao_Paulo
4118857;Perobal;41;PR;Paraná;Sul;0;-23.8949;-53.4098;0868;44;America/Sao_Paulo
4118907;Pérola;41;PR;Paraná;Sul;0;-23.8039;-53.6834;7969;44;America/Sao_Paulo
4119004;Pérola d'Oeste;41;PR;Paraná;Sul;0;-25.8278;-53.7433;7759;46;America/Sao_Paulo
4119103;Piên;41;PR;Paraná;Sul;0;-26.0965;-49.4336;7761;41;America/Sao_Paulo
4119152;Pinhais;41;PR;Paraná;Sul;0;-25.4429;-49.1927;5453;41;America/Sao_Paulo
4119202;Pinhalão;41;PR;Paraná;Sul;0;-23.7982;-50.0536;7763;43;America/Sao_Paulo
4119251;Pinhal de São Bento;41;PR;Paraná;Sul;0;-26.0324;-53.482;5495;46;America/Sao_Paulo
4119301;Pinhão;41;PR;Paraná;Sul;0;-25.6944;-51.6536;7765;42;America/Sao_Paulo
4119400;Piraí do Sul;41;PR;Paraná;Sul;0;-24.5306;-49.9433;7767;42;America/Sao_Paulo
4119509;Piraquara;41;PR;Paraná;Sul;0;-25.4422;-49.0624;7769;41;America/Sao_Paulo
4119608;Pitanga;41;PR;Paraná;Sul;0;-24.7588;-51.7596;7771;42;America/Sao_Paulo
4119657;Pitangueiras;41;PR;Paraná;Sul;0;-23.2281;-51.5873;5461;43;America/Sao_Paulo
4119707;Planaltina do Paraná;41;PR;Paraná;Sul;0;-23.0101;-52.9162;7773;44;America/Sao_Paulo
4119806;Planalto;41;PR;Paraná;Sul;0;-25.7211;-53.7642;7775;46;America/Sao_Paulo
4119905;Ponta Grossa;41;PR;Paraná;Sul;0;-25.0916;-50.1668;7777;42;America/Sao_Paulo
4119954;Pontal do Paraná;41;PR;Paraná;Sul;0;-25.6735;-48.5111;0870;41;America/Sao_Paulo
4120002;Porecatu;41;PR;Paraná;Sul;0;-22.7537;-51.3795;7779;43;America/Sao_Paulo
4120101;Porto Amazonas;41;PR;Paraná;Sul;0;-25.54;-49.8946;7781;42;America/Sao_Paulo
4120150;Porto Barreiro;41;PR;Paraná;Sul;0;-25.5477;-52.4067;0872;42;America/Sao_Paulo
4120200;Porto Rico;41;PR;Paraná;Sul;0;-22.7747;-53.2677;7783;44;America/Sao_Paulo
4120309;Porto Vitória;41;PR;Paraná;Sul;0;-26.1674;-51.231;7785;42;America/Sao_Paulo
4120333;Prado Ferreira;41;PR;Paraná;Sul;0;-23.0357;-51.4429;0874;43;America/Sao_Paulo
4120358;Pranchita;41;PR;Paraná;Sul;0;-26.0209;-53.7397;7991;46;America/Sao_Paulo
4120408;Presidente Castelo Branco;41;PR;Paraná;Sul;0;-23.2782;-52.1536;7787;44;America/Sao_Paulo
4120507;Primeiro de Maio;41;PR;Paraná;Sul;0;-22.8517;-51.0293;7789;43;America/Sao_Paulo
4120606;Prudentópolis;41;PR;Paraná;Sul;0;-25.2111;-50.9754;7791;42;America/Sao_Paulo
4120655;Quarto Centenário;41;PR;Paraná;Sul;0;-24.2775;-53.0759;0876;44;America/Sao_Paulo
4120705;Quatiguá;41;PR;Paraná;Sul;0;-23.5671;-49.916;7793;43;America/Sao_Paulo
4120804;Quatro Barras;41;PR;Paraná;Sul;0;-25.3673;-49.0763;7795;41;America/Sao_Paulo
4120853;Quatro Pontes;41;PR;Paraná;Sul;0;-24.5752;-53.9759;5535;45;America/Sao_Paulo
4120903;Quedas do Iguaçu;41;PR;Paraná;Sul;0;-25.4492;-52.9102;7955;46;America/Sao_Paulo
4121000;Querência do Norte;41;PR;Paraná;Sul;0;-23.0838;-53.483;7797;44;America/Sao_Paulo
4121109;Quinta do Sol;41;PR;Paraná;Sul;0;-23.8533;-52.1309;7799;44;America/Sao_Paulo
4121208;Quitandinha;41;PR;Paraná;Sul;0;-25.8734;-49.4973;7801;41;America/Sao_Paulo
4121257;Ramilândia;41;PR;Paraná;Sul;0;-25.1195;-54.023;5527;45;America/Sao_Paulo
4121307;Rancho Alegre;41;PR;Paraná;Sul;0;-23.0676;-50.9145;7803;43;America/Sao_Paulo
4121356;Rancho Alegre D'Oeste;41;PR;Paraná;Sul;0;-24.3065;-52.9552;5513;44;America/Sao_Paulo
4121406;Realeza;41;PR;Paraná;Sul;0;-25.7711;-53.526;7805;46;America/Sao_Paulo
4121505;Rebouças;41;PR;Paraná;Sul;0;-25.6232;-50.6877;7807;42;America/Sao_Paulo
4121604;Renascença;41;PR;Paraná;Sul;0;-26.1588;-52.9703;7809;46;America/Sao_Paulo
4121703;Reserva;41;PR;Paraná;Sul;0;-24.6492;-50.8466;7811;42;America/Sao_Paulo
4121752;Reserva do Iguaçu;41;PR;Paraná;Sul;0;-25.8319;-52.0272;0878;42;America/Sao_Paulo
4121802;Ribeirão Claro;41;PR;Paraná;Sul;0;-23.1941;-49.7597;7813;43;America/Sao_Paulo
4121901;Ribeirão do Pinhal;41;PR;Paraná;Sul;0;-23.4091;-50.3601;7815;43;America/Sao_Paulo
4122008;Rio Azul;41;PR;Paraná;Sul;0;-25.7306;-50.7985;7817;42;America/Sao_Paulo
4122107;Rio Bom;41;PR;Paraná;Sul;0;-23.7606;-51.4122;7819;43;America/Sao_Paulo
4122156;Rio Bonito do Iguaçu;41;PR;Paraná;Sul;0;-25.4874;-52.5292;5481;42;America/Sao_Paulo
4122172;Rio Branco do Ivaí;41;PR;Paraná;Sul;0;-24.3244;-51.3187;0880;43;America/Sao_Paulo
4122206;Rio Branco do Sul;41;PR;Paraná;Sul;0;-25.1892;-49.3115;7821;41;America/Sao_Paulo
4122305;Rio Negro;41;PR;Paraná;Sul;0;-26.095;-49.7982;7823;47;America/Sao_Paulo
4122404;Rolândia;41;PR;Paraná;Sul;0;-23.3101;-51.3659;7825;43;America/Sao_Paulo
4122503;Roncador;41;PR;Paraná;Sul;0;-24.5958;-52.2716;7827;44;America/Sao_Paulo
4122602;Rondon;41;PR;Paraná;Sul;0;-23.412;-52.7659;7829;44;America/Sao_Paulo
4122651;Rosário do Ivaí;41;PR;Paraná;Sul;0;-24.2682;-51.272;8473;43;America/Sao_Paulo
4122701;Sabáudia;41;PR;Paraná;Sul;0;-23.3155;-51.555;7831;43;America/Sao_Paulo
4122800;Salgado Filho;41;PR;Paraná;Sul;0;-26.1777;-53.3631;7833;46;America/Sao_Paulo
4122909;Salto do Itararé;41;PR;Paraná;Sul;0;-23.6074;-49.6354;7835;43;America/Sao_Paulo
4123006;Salto do Lontra;41;PR;Paraná;Sul;0;-25.7813;-53.3135;7837;46;America/Sao_Paulo
4123105;Santa Amélia;41;PR;Paraná;Sul;0;-23.2654;-50.4288;7839;43;America/Sao_Paulo
4123204;Santa Cecília do Pavão;41;PR;Paraná;Sul;0;-23.5201;-50.7835;7841;43;America/Sao_Paulo
4123303;Santa Cruz de Monte Castelo;41;PR;Paraná;Sul;0;-22.9582;-53.2949;7843;44;America/Sao_Paulo
4123402;Santa Fé;41;PR;Paraná;Sul;0;-23.04;-51.808;7845;44;America/Sao_Paulo
4123501;Santa Helena;41;PR;Paraná;Sul;0;-24.8585;-54.336;7971;45;America/Sao_Paulo
4123600;Santa Inês;41;PR;Paraná;Sul;0;-22.6376;-51.9024;7847;44;America/Sao_Paulo
4123709;Santa Isabel do Ivaí;41;PR;Paraná;Sul;0;-23.0025;-53.1989;7849;44;America/Sao_Paulo
4123808;Santa Izabel do Oeste;41;PR;Paraná;Sul;0;-25.8217;-53.4801;7851;46;America/Sao_Paulo
4123824;Santa Lúcia;41;PR;Paraná;Sul;0;-25.4104;-53.5638;5469;45;America/Sao_Paulo
4123857;Santa Maria do Oeste;41;PR;Paraná;Sul;0;-24.9377;-51.8696;5505;42;America/Sao_Paulo
4123907;Santa Mariana;41;PR;Paraná;Sul;0;-23.1465;-50.5167;7853;43;America/Sao_Paulo
4123956;Santa Mônica;41;PR;Paraná;Sul;0;-23.108;-53.1103;5519;44;America/Sao_Paulo
4124004;Santana do Itararé;41;PR;Paraná;Sul;0;-23.7587;-49.6293;7855;43;America/Sao_Paulo
4124020;Santa Tereza do Oeste;41;PR;Paraná;Sul;0;-25.0543;-53.6274;9969;45;America/Sao_Paulo
4124053;Santa Terezinha de Itaipu;41;PR;Paraná;Sul;0;-25.4391;-54.402;8467;45;America/Sao_Paulo
4124103;Santo Antônio da Platina;41;PR;Paraná;Sul;0;-23.2959;-50.0815;7859;43;America/Sao_Paulo
4124202;Santo Antônio do Caiuá;41;PR;Paraná;Sul;0;-22.7351;-52.344;7861;44;America/Sao_Paulo
4124301;Santo Antônio do Paraíso;41;PR;Paraná;Sul;0;-23.4969;-50.6455;7863;43;America/Sao_Paulo
4124400;Santo Antônio do Sudoeste;41;PR;Paraná;Sul;0;-26.0737;-53.7251;7857;46;America/Sao_Paulo
4124509;Santo Inácio;41;PR;Paraná;Sul;0;-22.6957;-51.7969;7865;44;America/Sao_Paulo
4124608;São Carlos do Ivaí;41;PR;Paraná;Sul;0;-23.3158;-52.4761;7867;44;America/Sao_Paulo
4124707;São Jerônimo da Serra;41;PR;Paraná;Sul;0;-23.7218;-50.7475;7869;43;America/Sao_Paulo
4124806;São João;41;PR;Paraná;Sul;0;-25.8214;-52.7252;7871;46;America/Sao_Paulo
4124905;São João do Caiuá;41;PR;Paraná;Sul;0;-22.8535;-52.3411;7873;44;America/Sao_Paulo
4125001;São João do Ivaí;41;PR;Paraná;Sul;0;-23.9833;-51.8215;7875;43;America/Sao_Paulo
4125100;São João do Triunfo;41;PR;Paraná;Sul;0;-25.683;-50.2949;7877;42;America/Sao_Paulo
4125209;São Jorge d'Oeste;41;PR;Paraná;Sul;0;-25.7085;-52.9204;7881;46;America/Sao_Paulo
4125308;São Jorge do Ivaí;41;PR;Paraná;Sul;0;-23.4336;-52.2929;7879;44;America/Sao_Paulo
4125357;São Jorge do Patrocínio;41;PR;Paraná;Sul;0;-23.7647;-53.8823;7999;44;America/Sao_Paulo
4125407;São José da Boa Vista;41;PR;Paraná;Sul;0;-23.9122;-49.6577;7883;43;America/Sao_Paulo
4125456;São José das Palmeiras;41;PR;Paraná;Sul;0;-24.8369;-54.0572;8471;45;America/Sao_Paulo
4125506;São José dos Pinhais;41;PR;Paraná;Sul;0;-25.5313;-49.2031;7885;41;America/Sao_Paulo
4125555;São Manoel do Paraná;41;PR;Paraná;Sul;0;-23.3941;-52.6454;5515;44;America/Sao_Paulo
4125605;São Mateus do Sul;41;PR;Paraná;Sul;0;-25.8677;-50.384;7887;42;America/Sao_Paulo
4125704;São Miguel do Iguaçu;41;PR;Paraná;Sul;0;-25.3492;-54.2405;7889;45;America/Sao_Paulo
4125753;São Pedro do Iguaçu;41;PR;Paraná;Sul;0;-24.9373;-53.8521;5489;45;America/Sao_Paulo
4125803;São Pedro do Ivaí;41;PR;Paraná;Sul;0;-23.8634;-51.8568;7891;43;America/Sao_Paulo
4125902;São Pedro do Paraná;41;PR;Paraná;Sul;0;-22.8239;-53.2241;7893;44;America/Sao_Paulo
4126009;São Sebastião da Amoreira;41;PR;Paraná;Sul;0;-23.4656;-50.7625;7895;43;America/Sao_Paulo
4126108;São Tomé;41;PR;Paraná;Sul;0;-23.5349;-52.5901;7897;44;America/Sao_Paulo
4126207;Sapopema;41;PR;Paraná;Sul;0;-23.9078;-50.5801;7899;43;America/Sao_Paulo
4126256;Sarandi;41;PR;Paraná;Sul;0;-23.4441;-51.876;8461;44;America/Sao_Paulo
4126272;Saudade do Iguaçu;41;PR;Paraná;Sul;0;-25.6917;-52.6184;5493;46;America/Sao_Paulo
4126306;Sengés;41;PR;Paraná;Sul;0;-24.1129;-49.4616;7901;43;America/Sao_Paulo
4126355;Serranópolis do Iguaçu;41;PR;Paraná;Sul;0;-25.3799;-54.0518;0882;45;America/Sao_Paulo
4126405;Sertaneja;41;PR;Paraná;Sul;0;-23.0361;-50.8317;7903;43;America/Sao_Paulo
4126504;Sertanópolis;41;PR;Paraná;Sul;0;-23.0571;-51.0399;7905;43;America/Sao_Paulo
4126603;Siqueira Campos;41;PR;Paraná;Sul;0;-23.6875;-49.8304;7907;43;America/Sao_Paulo
4126652;Sulina;41;PR;Paraná;Sul;0;-25.7066;-52.7299;8477;46;America/Sao_Paulo
4126678;Tamarana;41;PR;Paraná;Sul;0;-23.7204;-51.0991;0884;43;America/Sao_Paulo
4126702;Tamboara;41;PR;Paraná;Sul;0;-23.2036;-52.4743;7909;44;America/Sao_Paulo
4126801;Tapejara;41;PR;Paraná;Sul;0;-23.7315;-52.8735;7911;44;America/Sao_Paulo
4126900;Tapira;41;PR;Paraná;Sul;0;-23.3193;-53.0684;7973;44;America/Sao_Paulo
4127007;Teixeira Soares;41;PR;Paraná;Sul;0;-25.3701;-50.4571;7913;42;America/Sao_Paulo
4127106;Telêmaco Borba;41;PR;Paraná;Sul;0;-24.3245;-50.6176;7915;42;America/Sao_Paulo
4127205;Terra Boa;41;PR;Paraná;Sul;0;-23.7683;-52.447;7917;44;America/Sao_Paulo
4127304;Terra Rica;41;PR;Paraná;Sul;0;-22.7111;-52.6188;7919;44;America/Sao_Paulo
4127403;Terra Roxa;41;PR;Paraná;Sul;0;-24.1575;-54.0988;7921;44;America/Sao_Paulo
4127502;Tibagi;41;PR;Paraná;Sul;0;-24.5153;-50.4176;7923;42;America/Sao_Paulo
4127601;Tijucas do Sul;41;PR;Paraná;Sul;0;-25.9311;-49.195;7925;41;America/Sao_Paulo
4127700;Toledo;41;PR;Paraná;Sul;0;-24.7246;-53.7412;7927;45;America/Sao_Paulo
4127809;Tomazina;41;PR;Paraná;Sul;0;-23.7796;-49.9499;7929;43;America/Sao_Paulo
4127858;Três Barras do Paraná;41;PR;Paraná;Sul;0;-25.4185;-53.1833;7987;45;America/Sao_Paulo
4127882;Tunas do Paraná;41;PR;Paraná;Sul;0;-24.9731;-49.0879;5455;41;America/Sao_Paulo
4127908;Tuneiras do Oeste;41;PR;Paraná;Sul;0;-23.8648;-52.8769;7931;44;America/Sao_Paulo
4127957;Tupãssi;41;PR;Paraná;Sul;0;-24.5879;-53.5105;7993;44;America/Sao_Paulo
4127965;Turvo;41;PR;Paraná;Sul;0;-25.0437;-51.5282;8453;42;America/Sao_Paulo
4128005;Ubiratã;41;PR;Paraná;Sul;0;-24.5393;-52.9865;7933;44;America/Sao_Paulo
4128104;Umuarama;41;PR;Paraná;Sul;0;-23.7656;-53.3201;7935;44;America/Sao_Paulo
4128203;União da Vitória;41;PR;Paraná;Sul;0;-26.2273;-51.0873;7937;42;America/Sao_Paulo
4128302;Uniflor;41;PR;Paraná;Sul;0;-23.0868;-52.1573;7939;44;America/Sao_Paulo
4128401;Uraí;41;PR;Paraná;Sul;0;-23.2;-50.7939;7941;43;America/Sao_Paulo
4128500;Wenceslau Braz;41;PR;Paraná;Sul;0;-23.8742;-49.8032;7943;43;America/Sao_Paulo
4128534;Ventania;41;PR;Paraná;Sul;0;-24.2458;-50.2376;5497;42;America/Sao_Paulo
4128559;Vera Cruz do Oeste;41;PR;Paraná;Sul;0;-25.0577;-53.8771;7989;45;America/Sao_Paulo
4128609;Verê;41;PR;Paraná;Sul;0;-25.8772;-52.9051;7945;46;America/Sao_Paulo
4128625;Alto Paraíso;41;PR;Paraná;Sul;0;-26.1146;-52.7469;5523;44;America/Sao_Paulo
4128633;Doutor Ulysses;41;PR;Paraná;Sul;0;-24.5665;-49.4219;5449;41;America/Sao_Paulo
4128658;Virmond;41;PR;Paraná;Sul;0;-25.3829;-52.1987;5483;42;America/Sao_Paulo
4128708;Vitorino;41;PR;Paraná;Sul;0;-26.2683;-52.7843;7947;46;America/Sao_Paulo
4128807;Xambrê;41;PR;Paraná;Sul;0;-23.7364;-53.4884;7949;44;America/Sao_Paulo
4200051;Abdon Batista;42;SC;Santa Catarina;Sul;0;-27.6126;-51.0233;9939;49;America/Sao_Paulo
4200101;Abelardo Luz;42;SC;Santa Catarina;Sul;0;-26.5716;-52.3229;8001;49;America/Sao_Paulo
4200200;Agrolândia;42;SC;Santa Catarina;Sul;0;-27.4087;-49.822;8003;47;America/Sao_Paulo
4200309;Agronômica;42;SC;Santa Catarina;Sul;0;-27.2662;-49.708;8005;47;America/Sao_Paulo
4200408;Água Doce;42;SC;Santa Catarina;Sul;0;-26.9985;-51.5528;8007;49;America/Sao_Paulo
4200507;Águas de Chapecó;42;SC;Santa Catarina;Sul;0;-27.0754;-52.9808;8009;49;America/Sao_Paulo
4200556;Águas Frias;42;SC;Santa Catarina;Sul;0;-26.8794;-52.8568;5577;49;America/Sao_Paulo
4200606;Águas Mornas;42;SC;Santa Catarina;Sul;0;-27.6963;-48.8243;8011;48;America/Sao_Paulo
4200705;Alfredo Wagner;42;SC;Santa Catarina;Sul;0;-27.7001;-49.3273;8013;48;America/Sao_Paulo
4200754;Alto Bela Vista;42;SC;Santa Catarina;Sul;0;-27.4333;-51.9044;0886;49;America/Sao_Paulo
4200804;Anchieta;42;SC;Santa Catarina;Sul;0;-26.5382;-53.3319;8015;49;America/Sao_Paulo
4200903;Angelina;42;SC;Santa Catarina;Sul;0;-27.5704;-48.9879;8017;48;America/Sao_Paulo
4201000;Anita Garibaldi;42;SC;Santa Catarina;Sul;0;-27.6897;-51.1271;8019;49;America/Sao_Paulo
4201109;Anitápolis;42;SC;Santa Catarina;Sul;0;-27.9012;-49.1316;8021;48;America/Sao_Paulo
4201208;Antônio Carlos;42;SC;Santa Catarina;Sul;0;-27.5191;-48.766;8023;48;America/Sao_Paulo
4201257;Apiúna;42;SC;Santa Catarina;Sul;0;-27.0375;-49.3885;9941;47;America/Sao_Paulo
4201273;Arabutã;42;SC;Santa Catarina;Sul;0;-27.1587;-52.1423;5597;49;America/Sao_Paulo
4201307;Araquari;42;SC;Santa Catarina;Sul;0;-26.3754;-48.7188;8025;47;America/Sao_Paulo
4201406;Araranguá;42;SC;Santa Catarina;Sul;0;-28.9356;-49.4918;8027;48;America/Sao_Paulo
4201505;Armazém;42;SC;Santa Catarina;Sul;0;-28.2448;-49.0215;8029;48;America/Sao_Paulo
4201604;Arroio Trinta;42;SC;Santa Catarina;Sul;0;-26.9257;-51.3407;8031;49;America/Sao_Paulo
4201653;Arvoredo;42;SC;Santa Catarina;Sul;0;-27.0748;-52.4543;5599;49;America/Sao_Paulo
4201703;Ascurra;42;SC;Santa Catarina;Sul;0;-26.9548;-49.3783;8033;47;America/Sao_Paulo
4201802;Atalanta;42;SC;Santa Catarina;Sul;0;-27.4219;-49.7789;8035;47;America/Sao_Paulo
4201901;Aurora;42;SC;Santa Catarina;Sul;0;-27.3098;-49.6295;8037;47;America/Sao_Paulo
4201950;Balneário Arroio do Silva;42;SC;Santa Catarina;Sul;0;-28.9806;-49.4237;0888;48;America/Sao_Paulo
4202008;Balneário Camboriú;42;SC;Santa Catarina;Sul;0;-26.9926;-48.6352;8039;47;America/Sao_Paulo
4202057;Balneário Barra do Sul;42;SC;Santa Catarina;Sul;0;-26.4597;-48.6123;5549;47;America/Sao_Paulo
4202073;Balneário Gaivota;42;SC;Santa Catarina;Sul;0;-29.1527;-49.5841;0890;48;America/Sao_Paulo
4202081;Bandeirante;42;SC;Santa Catarina;Sul;0;-26.7705;-53.6413;0892;49;America/Sao_Paulo
4202099;Barra Bonita;42;SC;Santa Catarina;Sul;0;-26.654;-53.44;0894;49;America/Sao_Paulo
4202107;Barra Velha;42;SC;Santa Catarina;Sul;0;-26.637;-48.6933;8041;47;America/Sao_Paulo
4202131;Bela Vista do Toldo;42;SC;Santa Catarina;Sul;0;-26.2746;-50.4664;0896;47;America/Sao_Paulo
4202156;Belmonte;42;SC;Santa Catarina;Sul;0;-26.843;-53.5758;5745;49;America/Sao_Paulo
4202206;Benedito Novo;42;SC;Santa Catarina;Sul;0;-26.781;-49.3593;8043;47;America/Sao_Paulo
4202305;Biguaçu;42;SC;Santa Catarina;Sul;0;-27.496;-48.6598;8045;48;America/Sao_Paulo
4202404;Blumenau;42;SC;Santa Catarina;Sul;0;-26.9155;-49.0709;8047;47;America/Sao_Paulo
4202438;Bocaina do Sul;42;SC;Santa Catarina;Sul;0;-27.7455;-49.9423;0898;49;America/Sao_Paulo
4202453;Bombinhas;42;SC;Santa Catarina;Sul;0;-27.1382;-48.5146;5537;47;America/Sao_Paulo
4202503;Bom Jardim da Serra;42;SC;Santa Catarina;Sul;0;-28.3377;-49.6373;8389;49;America/Sao_Paulo
4202537;Bom Jesus;42;SC;Santa Catarina;Sul;0;-26.7326;-52.3919;0900;49;America/Sao_Paulo
4202578;Bom Jesus do Oeste;42;SC;Santa Catarina;Sul;0;-26.6927;-53.0967;0902;49;America/Sao_Paulo
4202602;Bom Retiro;42;SC;Santa Catarina;Sul;0;-27.799;-49.487;8049;49;America/Sao_Paulo
4202701;Botuverá;42;SC;Santa Catarina;Sul;0;-27.2007;-49.0689;8051;47;America/Sao_Paulo
4202800;Braço do Norte;42;SC;Santa Catarina;Sul;0;-28.2681;-49.1701;8053;48;America/Sao_Paulo
4202859;Braço do Trombudo;42;SC;Santa Catarina;Sul;0;-27.3586;-49.8821;5557;47;America/Sao_Paulo
4202875;Brunópolis;42;SC;Santa Catarina;Sul;0;-27.3058;-50.8684;0904;49;America/Sao_Paulo
4202909;Brusque;42;SC;Santa Catarina;Sul;0;-27.0977;-48.9107;8055;47;America/Sao_Paulo
4203006;Caçador;42;SC;Santa Catarina;Sul;0;-26.7757;-51.012;8057;49;America/Sao_Paulo
4203105;Caibi;42;SC;Santa Catarina;Sul;0;-27.0741;-53.2458;8059;49;America/Sao_Paulo
4203154;Calmon;42;SC;Santa Catarina;Sul;0;-26.5942;-51.095;5553;49;America/Sao_Paulo
4203204;Camboriú;42;SC;Santa Catarina;Sul;0;-27.0241;-48.6503;8061;47;America/Sao_Paulo
4203253;Capão Alto;42;SC;Santa Catarina;Sul;0;-27.9389;-50.5098;0906;49;America/Sao_Paulo
4203303;Campo Alegre;42;SC;Santa Catarina;Sul;0;-26.195;-49.2676;8063;47;America/Sao_Paulo
4203402;Campo Belo do Sul;42;SC;Santa Catarina;Sul;0;-27.8975;-50.7595;8065;49;America/Sao_Paulo
4203501;Campo Erê;42;SC;Santa Catarina;Sul;0;-26.3931;-53.0856;8067;49;America/Sao_Paulo
4203600;Campos Novos;42;SC;Santa Catarina;Sul;0;-27.4002;-51.2276;8069;49;America/Sao_Paulo
4203709;Canelinha;42;SC;Santa Catarina;Sul;0;-27.2616;-48.7658;8071;48;America/Sao_Paulo
4203808;Canoinhas;42;SC;Santa Catarina;Sul;0;-26.1766;-50.395;8073;47;America/Sao_Paulo
4203907;Capinzal;42;SC;Santa Catarina;Sul;0;-27.3473;-51.6057;8075;49;America/Sao_Paulo
4203956;Capivari de Baixo;42;SC;Santa Catarina;Sul;0;-28.4498;-48.9631;5545;48;America/Sao_Paulo
4204004;Catanduvas;42;SC;Santa Catarina;Sul;0;-27.069;-51.6602;8077;49;America/Sao_Paulo
4204103;Caxambu do Sul;42;SC;Santa Catarina;Sul;0;-27.1624;-52.8807;8079;49;America/Sao_Paulo
4204152;Celso Ramos;42;SC;Santa Catarina;Sul;0;-27.6327;-51.335;9943;49;America/Sao_Paulo
4204178;Cerro Negro;42;SC;Santa Catarina;Sul;0;-27.7942;-50.8673;5567;49;America/Sao_Paulo
4204194;Chapadão do Lageado;42;SC;Santa Catarina;Sul;0;-27.5905;-49.5539;0908;47;America/Sao_Paulo
4204202;Chapecó;42;SC;Santa Catarina;Sul;0;-27.1004;-52.6152;8081;49;America/Sao_Paulo
4204251;Cocal do Sul;42;SC;Santa Catarina;Sul;0;-28.5986;-49.3335;5543;48;America/Sao_Paulo
4204301;Concórdia;42;SC;Santa Catarina;Sul;0;-27.2335;-52.026;8083;49;America/Sao_Paulo
4204350;Cordilheira Alta;42;SC;Santa Catarina;Sul;0;-26.9844;-52.6056;5579;49;America/Sao_Paulo
4204400;Coronel Freitas;42;SC;Santa Catarina;Sul;0;-26.9057;-52.7011;8085;49;America/Sao_Paulo
4204459;Coronel Martins;42;SC;Santa Catarina;Sul;0;-26.511;-52.6694;5735;49;America/Sao_Paulo
4204509;Corupá;42;SC;Santa Catarina;Sul;0;-26.4246;-49.246;8087;47;America/Sao_Paulo
4204558;Correia Pinto;42;SC;Santa Catarina;Sul;0;-27.5877;-50.3614;8395;49;America/Sao_Paulo
4204608;Criciúma;42;SC;Santa Catarina;Sul;0;-28.6723;-49.3729;8089;48;America/Sao_Paulo
4204707;Cunha Porã;42;SC;Santa Catarina;Sul;0;-26.895;-53.1662;8091;49;America/Sao_Paulo
4204756;Cunhataí;42;SC;Santa Catarina;Sul;0;-26.9709;-53.0895;0910;49;America/Sao_Paulo
4204806;Curitibanos;42;SC;Santa Catarina;Sul;0;-27.2824;-50.5816;8093;49;America/Sao_Paulo
4204905;Descanso;42;SC;Santa Catarina;Sul;0;-26.827;-53.5034;8095;49;America/Sao_Paulo
4205001;Dionísio Cerqueira;42;SC;Santa Catarina;Sul;0;-26.2648;-53.6351;8097;49;America/Sao_Paulo
4205100;Dona Emma;42;SC;Santa Catarina;Sul;0;-26.981;-49.7261;8099;47;America/Sao_Paulo
4205159;Doutor Pedrinho;42;SC;Santa Catarina;Sul;0;-26.7174;-49.4795;9945;47;America/Sao_Paulo
4205175;Entre Rios;42;SC;Santa Catarina;Sul;0;-26.7225;-52.5585;0912;49;America/Sao_Paulo
4205191;Ermo;42;SC;Santa Catarina;Sul;0;-28.9869;-49.643;0914;48;America/Sao_Paulo
4205209;Erval Velho;42;SC;Santa Catarina;Sul;0;-27.2743;-51.443;8101;49;America/Sao_Paulo
4205308;Faxinal dos Guedes;42;SC;Santa Catarina;Sul;0;-26.8451;-52.2596;8103;49;America/Sao_Paulo
4205357;Flor do Sertão;42;SC;Santa Catarina;Sul;0;-26.7811;-53.3505;0916;49;America/Sao_Paulo
4205407;Florianópolis;42;SC;Santa Catarina;Sul;1;-27.5945;-48.5477;8105;48;America/Sao_Paulo
4205431;Formosa do Sul;42;SC;Santa Catarina;Sul;0;-26.6453;-52.7946;5581;49;America/Sao_Paulo
4205456;Forquilhinha;42;SC;Santa Catarina;Sul;0;-28.7454;-49.4785;0973;48;America/Sao_Paulo
4205506;Fraiburgo;42;SC;Santa Catarina;Sul;0;-27.0233;-50.92;8107;49;America/Sao_Paulo
4205555;Frei Rogério;42;SC;Santa Catarina;Sul;0;-27.175;-50.8076;0918;49;America/Sao_Paulo
4205605;Galvão;42;SC;Santa Catarina;Sul;0;-26.4549;-52.6875;8109;49;America/Sao_Paulo
4205704;Garopaba;42;SC;Santa Catarina;Sul;0;-28.0275;-48.6192;8113;48;America/Sao_Paulo
4205803;Garuva;42;SC;Santa Catarina;Sul;0;-26.0292;-48.852;8115;47;America/Sao_Paulo
4205902;Gaspar;42;SC;Santa Catarina;Sul;0;-26.9336;-48.9534;8117;47;America/Sao_Paulo
4206009;Governador Celso Ramos;42;SC;Santa Catarina;Sul;0;-27.3172;-48.5576;8111;48;America/Sao_Paulo
4206108;Grão Pará;42;SC;Santa Catarina;Sul;0;-28.1809;-49.2252;8119;48;America/Sao_Paulo
4206207;Gravatal;42;SC;Santa Catarina;Sul;0;-28.3208;-49.0427;8121;48;America/Sao_Paulo
4206306;Guabiruba;42;SC;Santa Catarina;Sul;0;-27.0808;-48.9804;8123;47;America/Sao_Paulo
4206405;Guaraciaba;42;SC;Santa Catarina;Sul;0;-26.6042;-53.5243;8125;49;America/Sao_Paulo
4206504;Guaramirim;42;SC;Santa Catarina;Sul;0;-26.4688;-49.0026;8127;47;America/Sao_Paulo
4206603;Guarujá do Sul;42;SC;Santa Catarina;Sul;0;-26.3858;-53.5296;8129;49;America/Sao_Paulo
4206652;Guatambú;42;SC;Santa Catarina;Sul;0;-27.1341;-52.7887;5583;49;America/Sao_Paulo
4206702;Herval d'Oeste;42;SC;Santa Catarina;Sul;0;-27.1903;-51.4917;8131;49;America/Sao_Paulo
4206751;Ibiam;42;SC;Santa Catarina;Sul;0;-27.1847;-51.2352;0920;49;America/Sao_Paulo
4206801;Ibicaré;42;SC;Santa Catarina;Sul;0;-27.0881;-51.3681;8133;49;America/Sao_Paulo
4206900;Ibirama;42;SC;Santa Catarina;Sul;0;-27.0547;-49.5193;8135;47;America/Sao_Paulo
4207007;Içara;42;SC;Santa Catarina;Sul;0;-28.7132;-49.3087;8137;48;America/Sao_Paulo
4207106;Ilhota;42;SC;Santa Catarina;Sul;0;-26.9023;-48.8251;8139;47;America/Sao_Paulo
4207205;Imaruí;42;SC;Santa Catarina;Sul;0;-28.3339;-48.817;8141;48;America/Sao_Paulo
4207304;Imbituba;42;SC;Santa Catarina;Sul;0;-28.2284;-48.6659;8143;48;America/Sao_Paulo
4207403;Imbuia;42;SC;Santa Catarina;Sul;0;-27.4908;-49.4218;8145;47;America/Sao_Paulo
4207502;Indaial;42;SC;Santa Catarina;Sul;0;-26.8992;-49.2354;8147;47;America/Sao_Paulo
4207577;Iomerê;42;SC;Santa Catarina;Sul;0;-27.0019;-51.2442;0922;49;America/Sao_Paulo
4207601;Ipira;42;SC;Santa Catarina;Sul;0;-27.4038;-51.7758;8149;49;America/Sao_Paulo
4207650;Iporã do Oeste;42;SC;Santa Catarina;Sul;0;-26.9854;-53.5355;9951;49;America/Sao_Paulo
4207684;Ipuaçu;42;SC;Santa Catarina;Sul;0;-26.635;-52.4556;5737;49;America/Sao_Paulo
4207700;Ipumirim;42;SC;Santa Catarina;Sul;0;-27.0772;-52.1289;8151;49;America/Sao_Paulo
4207759;Iraceminha;42;SC;Santa Catarina;Sul;0;-26.8215;-53.2767;9953;49;America/Sao_Paulo
4207809;Irani;42;SC;Santa Catarina;Sul;0;-27.0287;-51.9012;8153;49;America/Sao_Paulo
4207858;Irati;42;SC;Santa Catarina;Sul;0;-26.6539;-52.8955;5585;49;America/Sao_Paulo
4207908;Irineópolis;42;SC;Santa Catarina;Sul;0;-26.242;-50.7957;8155;47;America/Sao_Paulo
4208005;Itá;42;SC;Santa Catarina;Sul;0;-27.2907;-52.3212;8157;49;America/Sao_Paulo
4208104;Itaiópolis;42;SC;Santa Catarina;Sul;0;-26.339;-49.9092;8159;47;America/Sao_Paulo
4208203;Itajaí;42;SC;Santa Catarina;Sul;0;-26.9101;-48.6705;8161;47;America/Sao_Paulo
4208302;Itapema;42;SC;Santa Catarina;Sul;0;-27.0861;-48.616;8163;47;America/Sao_Paulo
4208401;Itapiranga;42;SC;Santa Catarina;Sul;0;-27.1659;-53.7166;8165;49;America/Sao_Paulo
4208450;Itapoá;42;SC;Santa Catarina;Sul;0;-26.1158;-48.6182;9985;47;America/Sao_Paulo
4208500;Ituporanga;42;SC;Santa Catarina;Sul;0;-27.4101;-49.5963;8167;47;America/Sao_Paulo
4208609;Jaborá;42;SC;Santa Catarina;Sul;0;-27.1782;-51.7279;8169;49;America/Sao_Paulo
4208708;Jacinto Machado;42;SC;Santa Catarina;Sul;0;-28.9961;-49.7623;8171;48;America/Sao_Paulo
4208807;Jaguaruna;42;SC;Santa Catarina;Sul;0;-28.6146;-49.0296;8173;48;America/Sao_Paulo
4208906;Jaraguá do Sul;42;SC;Santa Catarina;Sul;0;-26.4851;-49.0713;8175;47;America/Sao_Paulo
4208955;Jardinópolis;42;SC;Santa Catarina;Sul;0;-26.7191;-52.8625;5587;49;America/Sao_Paulo
4209003;Joaçaba;42;SC;Santa Catarina;Sul;0;-27.1721;-51.5108;8177;49;America/Sao_Paulo
4209102;Joinville;42;SC;Santa Catarina;Sul;0;-26.3045;-48.8487;8179;47;America/Sao_Paulo
4209151;José Boiteux;42;SC;Santa Catarina;Sul;0;-26.9566;-49.6286;9957;47;America/Sao_Paulo
4209177;Jupiá;42;SC;Santa Catarina;Sul;0;-26.395;-52.7298;0924;49;America/Sao_Paulo
4209201;Lacerdópolis;42;SC;Santa Catarina;Sul;0;-27.2579;-51.5577;8181;49;America/Sao_Paulo
4209300;Lages;42;SC;Santa Catarina;Sul;0;-27.815;-50.3259;8183;49;America/Sao_Paulo
4209409;Laguna;42;SC;Santa Catarina;Sul;0;-28.4843;-48.7772;8185;48;America/Sao_Paulo
4209458;Lajeado Grande;42;SC;Santa Catarina;Sul;0;-26.8576;-52.5648;5739;49;America/Sao_Paulo
4209508;Laurentino;42;SC;Santa Catarina;Sul;0;-27.2173;-49.7331;8187;47;America/Sao_Paulo
4209607;Lauro Muller;42;SC;Santa Catarina;Sul;0;-28.3859;-49.4035;8189;48;America/Sao_Paulo
4209706;Lebon Régis;42;SC;Santa Catarina;Sul;0;-26.928;-50.6921;8191;49;America/Sao_Paulo
4209805;Leoberto Leal;42;SC;Santa Catarina;Sul;0;-27.5081;-49.2789;8193;48;America/Sao_Paulo
4209854;Lindóia do Sul;42;SC;Santa Catarina;Sul;0;-27.0545;-52.069;9961;49;America/Sao_Paulo
4209904;Lontras;42;SC;Santa Catarina;Sul;0;-27.1684;-49.535;8195;47;America/Sao_Paulo
4210001;Luiz Alves;42;SC;Santa Catarina;Sul;0;-26.7151;-48.9322;8197;47;America/Sao_Paulo
4210035;Luzerna;42;SC;Santa Catarina;Sul;0;-27.1304;-51.4682;0926;49;America/Sao_Paulo
4210050;Macieira;42;SC;Santa Catarina;Sul;0;-26.8552;-51.3705;5575;49;America/Sao_Paulo
4210100;Mafra;42;SC;Santa Catarina;Sul;0;-26.1159;-49.8086;8199;47;America/Sao_Paulo
4210209;Major Gercino;42;SC;Santa Catarina;Sul;0;-27.4192;-48.9488;8201;48;America/Sao_Paulo
4210308;Major Vieira;42;SC;Santa Catarina;Sul;0;-26.3709;-50.3266;8203;47;America/Sao_Paulo
4210407;Maracajá;42;SC;Santa Catarina;Sul;0;-28.8463;-49.4605;8391;48;America/Sao_Paulo
4210506;Maravilha;42;SC;Santa Catarina;Sul;0;-26.7665;-53.1737;8205;49;America/Sao_Paulo
4210555;Marema;42;SC;Santa Catarina;Sul;0;-26.8024;-52.6264;9963;49;America/Sao_Paulo
4210605;Massaranduba;42;SC;Santa Catarina;Sul;0;-26.6109;-49.0054;8207;47;America/Sao_Paulo
4210704;Matos Costa;42;SC;Santa Catarina;Sul;0;-26.4709;-51.1501;8209;49;America/Sao_Paulo
4210803;Meleiro;42;SC;Santa Catarina;Sul;0;-28.8244;-49.6378;8211;48;America/Sao_Paulo
4210852;Mirim Doce;42;SC;Santa Catarina;Sul;0;-27.197;-50.0786;5559;47;America/Sao_Paulo
4210902;Modelo;42;SC;Santa Catarina;Sul;0;-26.7729;-53.04;8213;49;America/Sao_Paulo
4211009;Mondaí;42;SC;Santa Catarina;Sul;0;-27.1008;-53.4032;8215;49;America/Sao_Paulo
4211058;Monte Carlo;42;SC;Santa Catarina;Sul;0;-27.2239;-50.9808;5561;49;America/Sao_Paulo
4211108;Monte Castelo;42;SC;Santa Catarina;Sul;0;-26.461;-50.2327;8217;47;America/Sao_Paulo
4211207;Morro da Fumaça;42;SC;Santa Catarina;Sul;0;-28.6511;-49.2169;8219;48;America/Sao_Paulo
4211256;Morro Grande;42;SC;Santa Catarina;Sul;0;-28.8006;-49.7214;5539;48;America/Sao_Paulo
4211306;Navegantes;42;SC;Santa Catarina;Sul;0;-26.8943;-48.6546;8221;47;America/Sao_Paulo
4211405;Nova Erechim;42;SC;Santa Catarina;Sul;0;-26.8982;-52.9066;8223;49;America/Sao_Paulo
4211454;Nova Itaberaba;42;SC;Santa Catarina;Sul;0;-26.9428;-52.8141;5589;49;America/Sao_Paulo
4211504;Nova Trento;42;SC;Santa Catarina;Sul;0;-27.278;-48.9298;8225;48;America/Sao_Paulo
4211603;Nova Veneza;42;SC;Santa Catarina;Sul;0;-28.6338;-49.5055;8227;48;America/Sao_Paulo
4211652;Novo Horizonte;42;SC;Santa Catarina;Sul;0;-26.4442;-52.8281;5591;49;America/Sao_Paulo
4211702;Orleans;42;SC;Santa Catarina;Sul;0;-28.3487;-49.2986;8229;48;America/Sao_Paulo
4211751;Otacílio Costa;42;SC;Santa Catarina;Sul;0;-27.4789;-50.1231;8397;49;America/Sao_Paulo
4211801;Ouro;42;SC;Santa Catarina;Sul;0;-27.3379;-51.6194;8231;49;America/Sao_Paulo
4211850;Ouro Verde;42;SC;Santa Catarina;Sul;0;-26.692;-52.3108;5741;49;America/Sao_Paulo
4211876;Paial;42;SC;Santa Catarina;Sul;0;-27.2541;-52.4975;0928;49;America/Sao_Paulo
4211892;Painel;42;SC;Santa Catarina;Sul;0;-27.9234;-50.0972;0930;49;America/Sao_Paulo
4211900;Palhoça;42;SC;Santa Catarina;Sul;0;-27.6455;-48.6697;8233;48;America/Sao_Paulo
4212007;Palma Sola;42;SC;Santa Catarina;Sul;0;-26.3471;-53.2771;8235;49;America/Sao_Paulo
4212056;Palmeira;42;SC;Santa Catarina;Sul;0;-27.583;-50.1577;0932;49;America/Sao_Paulo
4212106;Palmitos;42;SC;Santa Catarina;Sul;0;-27.0702;-53.1586;8237;49;America/Sao_Paulo
4212205;Papanduva;42;SC;Santa Catarina;Sul;0;-26.3777;-50.1419;8239;47;America/Sao_Paulo
4212239;Paraíso;42;SC;Santa Catarina;Sul;0;-26.62;-53.6716;5747;49;America/Sao_Paulo
4212254;Passo de Torres;42;SC;Santa Catarina;Sul;0;-29.3099;-49.722;5541;48;America/Sao_Paulo
4212270;Passos Maia;42;SC;Santa Catarina;Sul;0;-26.7829;-52.0568;5743;49;America/Sao_Paulo
4212304;Paulo Lopes;42;SC;Santa Catarina;Sul;0;-27.9607;-48.6864;8241;48;America/Sao_Paulo
4212403;Pedras Grandes;42;SC;Santa Catarina;Sul;0;-28.4339;-49.1949;8243;48;America/Sao_Paulo
4212502;Penha;42;SC;Santa Catarina;Sul;0;-26.7754;-48.6465;8245;47;America/Sao_Paulo
4212601;Peritiba;42;SC;Santa Catarina;Sul;0;-27.3754;-51.9018;8247;49;America/Sao_Paulo
4212650;Pescaria Brava;42;SC;Santa Catarina;Sul;0;-28.3966;-48.8864;1194;48;America/Sao_Paulo
4212700;Petrolândia;42;SC;Santa Catarina;Sul;0;-27.5346;-49.6937;8249;47;America/Sao_Paulo
4212809;Balneário Piçarras;42;SC;Santa Catarina;Sul;0;-26.7639;-48.6717;8251;47;America/Sao_Paulo
4212908;Pinhalzinho;42;SC;Santa Catarina;Sul;0;-26.8495;-52.9913;8253;49;America/Sao_Paulo
4213005;Pinheiro Preto;42;SC;Santa Catarina;Sul;0;-27.0483;-51.2243;8255;49;America/Sao_Paulo
4213104;Piratuba;42;SC;Santa Catarina;Sul;0;-27.4242;-51.7668;8257;49;America/Sao_Paulo
4213153;Planalto Alegre;42;SC;Santa Catarina;Sul;0;-27.0704;-52.867;5593;49;America/Sao_Paulo
4213203;Pomerode;42;SC;Santa Catarina;Sul;0;-26.7384;-49.1785;8259;47;America/Sao_Paulo
4213302;Ponte Alta;42;SC;Santa Catarina;Sul;0;-27.4835;-50.3764;8261;49;America/Sao_Paulo
4213351;Ponte Alta do Norte;42;SC;Santa Catarina;Sul;0;-27.1591;-50.4659;5569;49;America/Sao_Paulo
4213401;Ponte Serrada;42;SC;Santa Catarina;Sul;0;-26.8733;-52.0112;8263;49;America/Sao_Paulo
4213500;Porto Belo;42;SC;Santa Catarina;Sul;0;-27.1586;-48.5469;8265;47;America/Sao_Paulo
4213609;Porto União;42;SC;Santa Catarina;Sul;0;-26.2451;-51.0759;8267;42;America/Sao_Paulo
4213708;Pouso Redondo;42;SC;Santa Catarina;Sul;0;-27.2567;-49.9301;8269;47;America/Sao_Paulo
4213807;Praia Grande;42;SC;Santa Catarina;Sul;0;-29.1918;-49.9525;8271;48;America/Sao_Paulo
4213906;Presidente Castello Branco;42;SC;Santa Catarina;Sul;0;-27.2218;-51.8089;8273;49;America/Sao_Paulo
4214003;Presidente Getúlio;42;SC;Santa Catarina;Sul;0;-27.0474;-49.6246;8275;47;America/Sao_Paulo
4214102;Presidente Nereu;42;SC;Santa Catarina;Sul;0;-27.2768;-49.3889;8277;47;America/Sao_Paulo
4214151;Princesa;42;SC;Santa Catarina;Sul;0;-26.4441;-53.5994;0934;49;America/Sao_Paulo
4214201;Quilombo;42;SC;Santa Catarina;Sul;0;-26.7264;-52.724;8279;49;America/Sao_Paulo
4214300;Rancho Queimado;42;SC;Santa Catarina;Sul;0;-27.6727;-49.0191;8281;48;America/Sao_Paulo
4214409;Rio das Antas;42;SC;Santa Catarina;Sul;0;-26.8946;-51.0674;8283;49;America/Sao_Paulo
4214508;Rio do Campo;42;SC;Santa Catarina;Sul;0;-26.9452;-50.136;8285;47;America/Sao_Paulo
4214607;Rio do Oeste;42;SC;Santa Catarina;Sul;0;-27.1952;-49.7989;8287;47;America/Sao_Paulo
4214706;Rio dos Cedros;42;SC;Santa Catarina;Sul;0;-26.7398;-49.2718;8289;47;America/Sao_Paulo
4214805;Rio do Sul;42;SC;Santa Catarina;Sul;0;-27.2156;-49.643;8291;47;America/Sao_Paulo
4214904;Rio Fortuna;42;SC;Santa Catarina;Sul;0;-28.1244;-49.1068;8293;48;America/Sao_Paulo
4215000;Rio Negrinho;42;SC;Santa Catarina;Sul;0;-26.2591;-49.5177;8295;47;America/Sao_Paulo
4215059;Rio Rufino;42;SC;Santa Catarina;Sul;0;-27.8592;-49.7754;5571;49;America/Sao_Paulo
4215075;Riqueza;42;SC;Santa Catarina;Sul;0;-27.0653;-53.3265;5749;49;America/Sao_Paulo
4215109;Rodeio;42;SC;Santa Catarina;Sul;0;-26.9243;-49.3649;8297;47;America/Sao_Paulo
4215208;Romelândia;42;SC;Santa Catarina;Sul;0;-26.6809;-53.3172;8299;49;America/Sao_Paulo
4215307;Salete;42;SC;Santa Catarina;Sul;0;-26.9798;-49.9988;8301;47;America/Sao_Paulo
4215356;Saltinho;42;SC;Santa Catarina;Sul;0;-26.6049;-53.0578;0936;49;America/Sao_Paulo
4215406;Salto Veloso;42;SC;Santa Catarina;Sul;0;-26.903;-51.4043;8303;49;America/Sao_Paulo
4215455;Sangão;42;SC;Santa Catarina;Sul;0;-28.6326;-49.1322;5547;48;America/Sao_Paulo
4215505;Santa Cecília;42;SC;Santa Catarina;Sul;0;-26.9592;-50.4252;8305;49;America/Sao_Paulo
4215554;Santa Helena;42;SC;Santa Catarina;Sul;0;-26.937;-53.6214;5751;49;America/Sao_Paulo
4215604;Santa Rosa de Lima;42;SC;Santa Catarina;Sul;0;-28.0331;-49.133;8307;48;America/Sao_Paulo
4215653;Santa Rosa do Sul;42;SC;Santa Catarina;Sul;0;-29.1313;-49.7109;9967;48;America/Sao_Paulo
4215679;Santa Terezinha;42;SC;Santa Catarina;Sul;0;-26.7813;-50.009;5555;47;America/Sao_Paulo
4215687;Santa Terezinha do Progresso;42;SC;Santa Catarina;Sul;0;-26.624;-53.1997;0938;49;America/Sao_Paulo
4215695;Santiago do Sul;42;SC;Santa Catarina;Sul;0;-26.6388;-52.6799;0940;49;America/Sao_Paulo
4215703;Santo Amaro da Imperatriz;42;SC;Santa Catarina;Sul;0;-27.6852;-48.7813;8309;48;America/Sao_Paulo
4215752;São Bernardino;42;SC;Santa Catarina;Sul;0;-26.4739;-52.9687;0942;49;America/Sao_Paulo
4215802;São Bento do Sul;42;SC;Santa Catarina;Sul;0;-26.2495;-49.3831;8311;47;America/Sao_Paulo
4215901;São Bonifácio;42;SC;Santa Catarina;Sul;0;-27.9009;-48.9326;8313;48;America/Sao_Paulo
4216008;São Carlos;42;SC;Santa Catarina;Sul;0;-27.0798;-53.0037;8315;49;America/Sao_Paulo
4216057;São Cristovão do Sul;42;SC;Santa Catarina;Sul;0;-27.2666;-50.4388;5573;49;America/Sao_Paulo
4216107;São Domingos;42;SC;Santa Catarina;Sul;0;-26.5548;-52.5313;8317;49;America/Sao_Paulo
4216206;São Francisco do Sul;42;SC;Santa Catarina;Sul;0;-26.2579;-48.6344;8319;47;America/Sao_Paulo
4216255;São João do Oeste;42;SC;Santa Catarina;Sul;0;-27.0984;-53.5977;5753;49;America/Sao_Paulo
4216305;São João Batista;42;SC;Santa Catarina;Sul;0;-27.2772;-48.8474;8321;48;America/Sao_Paulo
4216354;São João do Itaperiú;42;SC;Santa Catarina;Sul;0;-26.6213;-48.7683;5551;47;America/Sao_Paulo
4216404;São João do Sul;42;SC;Santa Catarina;Sul;0;-29.2154;-49.8094;8323;48;America/Sao_Paulo
4216503;São Joaquim;42;SC;Santa Catarina;Sul;0;-28.2887;-49.9457;8325;49;America/Sao_Paulo
4216602;São José;42;SC;Santa Catarina;Sul;0;-27.6136;-48.6366;8327;48;America/Sao_Paulo
4216701;São José do Cedro;42;SC;Santa Catarina;Sul;0;-26.4561;-53.4955;8329;49;America/Sao_Paulo
4216800;São José do Cerrito;42;SC;Santa Catarina;Sul;0;-27.6602;-50.5733;8331;49;America/Sao_Paulo
4216909;São Lourenço do Oeste;42;SC;Santa Catarina;Sul;0;-26.3557;-52.8498;8333;49;America/Sao_Paulo
4217006;São Ludgero;42;SC;Santa Catarina;Sul;0;-28.3144;-49.1806;8335;48;America/Sao_Paulo
4217105;São Martinho;42;SC;Santa Catarina;Sul;0;-28.1609;-48.9867;8337;48;America/Sao_Paulo
4217154;São Miguel da Boa Vista;42;SC;Santa Catarina;Sul;0;-26.687;-53.2511;5755;49;America/Sao_Paulo
4217204;São Miguel do Oeste;42;SC;Santa Catarina;Sul;0;-26.7242;-53.5163;8339;49;America/Sao_Paulo
4217253;São Pedro de Alcântara;42;SC;Santa Catarina;Sul;0;-27.5665;-48.8048;0944;48;America/Sao_Paulo
4217303;Saudades;42;SC;Santa Catarina;Sul;0;-26.9317;-53.0021;8341;49;America/Sao_Paulo
4217402;Schroeder;42;SC;Santa Catarina;Sul;0;-26.4116;-49.074;8343;47;America/Sao_Paulo
4217501;Seara;42;SC;Santa Catarina;Sul;0;-27.1564;-52.299;8345;49;America/Sao_Paulo
4217550;Serra Alta;42;SC;Santa Catarina;Sul;0;-26.7229;-53.0409;9989;49;America/Sao_Paulo
4217600;Siderópolis;42;SC;Santa Catarina;Sul;0;-28.5955;-49.4314;8347;48;America/Sao_Paulo
4217709;Sombrio;42;SC;Santa Catarina;Sul;0;-29.108;-49.6328;8349;48;America/Sao_Paulo
4217758;Sul Brasil;42;SC;Santa Catarina;Sul;0;-26.7351;-52.964;5595;49;America/Sao_Paulo
4217808;Taió;42;SC;Santa Catarina;Sul;0;-27.121;-49.9942;8351;47;America/Sao_Paulo
4217907;Tangará;42;SC;Santa Catarina;Sul;0;-27.0996;-51.2473;8353;49;America/Sao_Paulo
4217956;Tigrinhos;42;SC;Santa Catarina;Sul;0;-26.6876;-53.1545;0946;49;America/Sao_Paulo
4218004;Tijucas;42;SC;Santa Catarina;Sul;0;-27.2354;-48.6322;8355;48;America/Sao_Paulo
4218103;Timbé do Sul;42;SC;Santa Catarina;Sul;0;-28.8287;-49.842;8393;48;America/Sao_Paulo
4218202;Timbó;42;SC;Santa Catarina;Sul;0;-26.8246;-49.269;8357;47;America/Sao_Paulo
4218251;Timbó Grande;42;SC;Santa Catarina;Sul;0;-26.6127;-50.6607;9971;49;America/Sao_Paulo
4218301;Três Barras;42;SC;Santa Catarina;Sul;0;-26.1056;-50.3197;8359;47;America/Sao_Paulo
4218350;Treviso;42;SC;Santa Catarina;Sul;0;-28.5097;-49.4634;0948;48;America/Sao_Paulo
4218400;Treze de Maio;42;SC;Santa Catarina;Sul;0;-28.5537;-49.1565;8361;48;America/Sao_Paulo
4218509;Treze Tílias;42;SC;Santa Catarina;Sul;0;-27.0026;-51.4084;8363;49;America/Sao_Paulo
4218608;Trombudo Central;42;SC;Santa Catarina;Sul;0;-27.3033;-49.793;8365;47;America/Sao_Paulo
4218707;Tubarão;42;SC;Santa Catarina;Sul;0;-28.4713;-49.0144;8367;48;America/Sao_Paulo
4218756;Tunápolis;42;SC;Santa Catarina;Sul;0;-26.9681;-53.6417;9991;49;America/Sao_Paulo
4218806;Turvo;42;SC;Santa Catarina;Sul;0;-28.9272;-49.6831;8369;48;America/Sao_Paulo
4218855;União do Oeste;42;SC;Santa Catarina;Sul;0;-26.762;-52.8541;9973;49;America/Sao_Paulo
4218905;Urubici;42;SC;Santa Catarina;Sul;0;-28.0157;-49.5925;8371;49;America/Sao_Paulo
4218954;Urupema;42;SC;Santa Catarina;Sul;0;-27.9557;-49.8729;9975;49;America/Sao_Paulo
4219002;Urussanga;42;SC;Santa Catarina;Sul;0;-28.518;-49.3238;8373;48;America/Sao_Paulo
4219101;Vargeão;42;SC;Santa Catarina;Sul;0;-26.8621;-52.1549;8375;49;America/Sao_Paulo
4219150;Vargem;42;SC;Santa Catarina;Sul;0;-27.4867;-50.9724;5563;49;America/Sao_Paulo
4219176;Vargem Bonita;42;SC;Santa Catarina;Sul;0;-27.0055;-51.7402;5565;49;America/Sao_Paulo
4219200;Vidal Ramos;42;SC;Santa Catarina;Sul;0;-27.3886;-49.3593;8377;47;America/Sao_Paulo
4219309;Videira;42;SC;Santa Catarina;Sul;0;-27.0086;-51.1543;8379;49;America/Sao_Paulo
4219358;Vitor Meireles;42;SC;Santa Catarina;Sul;0;-26.8782;-49.8328;9977;47;America/Sao_Paulo
4219408;Witmarsum;42;SC;Santa Catarina;Sul;0;-26.9275;-49.7947;8381;47;America/Sao_Paulo
4219507;Xanxerê;42;SC;Santa Catarina;Sul;0;-26.8747;-52.4036;8383;49;America/Sao_Paulo
4219606;Xavantina;42;SC;Santa Catarina;Sul;0;-27.0667;-52.343;8385;49;America/Sao_Paulo
4219705;Xaxim;42;SC;Santa Catarina;Sul;0;-26.9596;-52.5374;8387;49;America/Sao_Paulo
4219853;Zortéa;42;SC;Santa Catarina;Sul;0;-27.4521;-51.552;0950;49;America/Sao_Paulo
4220000;Balneário Rincão;42;SC;Santa Catarina;Sul;0;-28.8314;-49.2352;1192;48;America/Sao_Paulo
4300034;Aceguá;43;RS;Rio Grande do Sul;Sul;0;-31.8665;-54.1615;1118;53;America/Sao_Paulo
4300059;Água Santa;43;RS;Rio Grande do Sul;Sul;0;-28.1672;-52.031;8499;54;America/Sao_Paulo
4300109;Agudo;43;RS;Rio Grande do Sul;Sul;0;-29.6447;-53.2515;8501;55;America/Sao_Paulo
4300208;Ajuricaba;43;RS;Rio Grande do Sul;Sul;0;-28.2342;-53.7757;8503;55;America/Sao_Paulo
4300307;Alecrim;43;RS;Rio Grande do Sul;Sul;0;-27.6579;-54.7649;8505;55;America/Sao_Paulo
4300406;Alegrete;43;RS;Rio Grande do Sul;Sul;0;-29.7902;-55.7949;8507;55;America/Sao_Paulo
4300455;Alegria;43;RS;Rio Grande do Sul;Sul;0;-27.8345;-54.0557;8497;55;America/Sao_Paulo
4300471;Almirante Tamandaré do Sul;43;RS;Rio Grande do Sul;Sul;0;-28.1149;-52.9142;1120;54;America/Sao_Paulo
4300505;Alpestre;43;RS;Rio Grande do Sul;Sul;0;-27.2502;-53.0341;8509;55;America/Sao_Paulo
4300554;Alto Alegre;43;RS;Rio Grande do Sul;Sul;0;-28.7769;-52.9893;8495;54;America/Sao_Paulo
4300570;Alto Feliz;43;RS;Rio Grande do Sul;Sul;0;-29.3919;-51.3123;6045;51;America/Sao_Paulo
4300604;Alvorada;43;RS;Rio Grande do Sul;Sul;0;-29.9914;-51.0809;8511;51;America/Sao_Paulo
4300638;Amaral Ferrador;43;RS;Rio Grande do Sul;Sul;0;-30.8756;-52.2509;8493;51;America/Sao_Paulo
4300646;Ametista do Sul;43;RS;Rio Grande do Sul;Sul;0;-27.3607;-53.183;5969;55;America/Sao_Paulo
4300661;André da Rocha;43;RS;Rio Grande do Sul;Sul;0;-28.6283;-51.5797;8491;54;America/Sao_Paulo
4300703;Anta Gorda;43;RS;Rio Grande do Sul;Sul;0;-28.9698;-52.0102;8513;51;America/Sao_Paulo
4300802;Antônio Prado;43;RS;Rio Grande do Sul;Sul;0;-28.8565;-51.2883;8515;54;America/Sao_Paulo
4300851;Arambaré;43;RS;Rio Grande do Sul;Sul;0;-30.9092;-51.5046;5779;51;America/Sao_Paulo
4300877;Araricá;43;RS;Rio Grande do Sul;Sul;0;-29.6168;-50.9291;0952;51;America/Sao_Paulo
4300901;Aratiba;43;RS;Rio Grande do Sul;Sul;0;-27.3978;-52.2975;8517;54;America/Sao_Paulo
4301008;Arroio do Meio;43;RS;Rio Grande do Sul;Sul;0;-29.4014;-51.9557;8519;51;America/Sao_Paulo
4301057;Arroio do Sal;43;RS;Rio Grande do Sul;Sul;0;-29.5439;-49.8895;8489;51;America/Sao_Paulo
4301073;Arroio do Padre;43;RS;Rio Grande do Sul;Sul;0;-31.4389;-52.4246;1122;53;America/Sao_Paulo
4301107;Arroio dos Ratos;43;RS;Rio Grande do Sul;Sul;0;-30.0875;-51.7275;8521;51;America/Sao_Paulo
4301206;Arroio do Tigre;43;RS;Rio Grande do Sul;Sul;0;-29.3348;-53.0966;8523;51;America/Sao_Paulo
4301305;Arroio Grande;43;RS;Rio Grande do Sul;Sul;0;-32.2327;-53.0862;8525;53;America/Sao_Paulo
4301404;Arvorezinha;43;RS;Rio Grande do Sul;Sul;0;-28.8737;-52.1781;8527;51;America/Sao_Paulo
4301503;Augusto Pestana;43;RS;Rio Grande do Sul;Sul;0;-28.5172;-53.9883;8529;55;America/Sao_Paulo
4301552;Áurea;43;RS;Rio Grande do Sul;Sul;0;-27.6936;-52.0505;8487;54;America/Sao_Paulo
4301602;Bagé;43;RS;Rio Grande do Sul;Sul;0;-31.3297;-54.0999;8531;53;America/Sao_Paulo
4301636;Balneário Pinhal;43;RS;Rio Grande do Sul;Sul;0;-30.2419;-50.2337;0954;51;America/Sao_Paulo
4301651;Barão;43;RS;Rio Grande do Sul;Sul;0;-29.3725;-51.4949;8485;51;America/Sao_Paulo
4301701;Barão de Cotegipe;43;RS;Rio Grande do Sul;Sul;0;-27.6208;-52.3798;8533;54;America/Sao_Paulo
4301750;Barão do Triunfo;43;RS;Rio Grande do Sul;Sul;0;-30.3891;-51.7384;5771;51;America/Sao_Paulo
4301800;Barracão;43;RS;Rio Grande do Sul;Sul;0;-27.6739;-51.4585;8535;54;America/Sao_Paulo
4301859;Barra do Guarita;43;RS;Rio Grande do Sul;Sul;0;-27.1927;-53.7109;6069;55;America/Sao_Paulo
4301875;Barra do Quaraí;43;RS;Rio Grande do Sul;Sul;0;-30.2029;-57.5497;0956;55;America/Sao_Paulo
4301909;Barra do Ribeiro;43;RS;Rio Grande do Sul;Sul;0;-30.2939;-51.3014;8537;51;America/Sao_Paulo
4301925;Barra do Rio Azul;43;RS;Rio Grande do Sul;Sul;0;-27.4069;-52.4084;5959;54;America/Sao_Paulo
4301958;Barra Funda;43;RS;Rio Grande do Sul;Sul;0;-27.9205;-53.0391;5943;54;America/Sao_Paulo
4302006;Barros Cassal;43;RS;Rio Grande do Sul;Sul;0;-29.0947;-52.5836;8539;54;America/Sao_Paulo
4302055;Benjamin Constant do Sul;43;RS;Rio Grande do Sul;Sul;0;-27.5086;-52.5995;0958;54;America/Sao_Paulo
4302105;Bento Gonçalves;43;RS;Rio Grande do Sul;Sul;0;-29.1662;-51.5165;8541;54;America/Sao_Paulo
4302154;Boa Vista das Missões;43;RS;Rio Grande do Sul;Sul;0;-27.6671;-53.3102;5981;55;America/Sao_Paulo
4302204;Boa Vista do Buricá;43;RS;Rio Grande do Sul;Sul;0;-27.6693;-54.1082;8543;55;America/Sao_Paulo
4302220;Boa Vista do Cadeado;43;RS;Rio Grande do Sul;Sul;0;-28.5791;-53.8108;1124;55;America/Sao_Paulo
4302238;Boa Vista do Incra;43;RS;Rio Grande do Sul;Sul;0;-28.8185;-53.391;1126;55;America/Sao_Paulo
4302253;Boa Vista do Sul;43;RS;Rio Grande do Sul;Sul;0;-29.3544;-51.6687;0960;54;America/Sao_Paulo
4302303;Bom Jesus;43;RS;Rio Grande do Sul;Sul;0;-28.6697;-50.4295;8545;54;America/Sao_Paulo
4302352;Bom Princípio;43;RS;Rio Grande do Sul;Sul;0;-29.4856;-51.3548;9823;51;America/Sao_Paulo
4302378;Bom Progresso;43;RS;Rio Grande do Sul;Sul;0;-27.5399;-53.8716;6071;55;America/Sao_Paulo
4302402;Bom Retiro do Sul;43;RS;Rio Grande do Sul;Sul;0;-29.6071;-51.9456;8547;51;America/Sao_Paulo
4302451;Boqueirão do Leão;43;RS;Rio Grande do Sul;Sul;0;-29.3046;-52.4284;8483;51;America/Sao_Paulo
4302501;Bossoroca;43;RS;Rio Grande do Sul;Sul;0;-28.7291;-54.9035;8549;55;America/Sao_Paulo
4302584;Bozano;43;RS;Rio Grande do Sul;Sul;0;-28.3659;-53.772;1128;55;America/Sao_Paulo
4302600;Braga;43;RS;Rio Grande do Sul;Sul;0;-27.6173;-53.7405;8551;55;America/Sao_Paulo
4302659;Brochier;43;RS;Rio Grande do Sul;Sul;0;-29.5501;-51.5945;8449;51;America/Sao_Paulo
4302709;Butiá;43;RS;Rio Grande do Sul;Sul;0;-30.1179;-51.9601;8553;51;America/Sao_Paulo
4302808;Caçapava do Sul;43;RS;Rio Grande do Sul;Sul;0;-30.5144;-53.4827;8555;55;America/Sao_Paulo
4302907;Cacequi;43;RS;Rio Grande do Sul;Sul;0;-29.8883;-54.822;8557;55;America/Sao_Paulo
4303004;Cachoeira do Sul;43;RS;Rio Grande do Sul;Sul;0;-30.033;-52.8928;8559;51;America/Sao_Paulo
4303103;Cachoeirinha;43;RS;Rio Grande do Sul;Sul;0;-29.9472;-51.1016;8561;51;America/Sao_Paulo
4303202;Cacique Doble;43;RS;Rio Grande do Sul;Sul;0;-27.767;-51.6597;8563;54;America/Sao_Paulo
4303301;Caibaté;43;RS;Rio Grande do Sul;Sul;0;-28.2905;-54.6454;8565;55;America/Sao_Paulo
4303400;Caiçara;43;RS;Rio Grande do Sul;Sul;0;-27.2791;-53.4257;8567;55;America/Sao_Paulo
4303509;Camaquã;43;RS;Rio Grande do Sul;Sul;0;-30.8489;-51.8043;8569;51;America/Sao_Paulo
4303558;Camargo;43;RS;Rio Grande do Sul;Sul;0;-28.588;-52.2003;8447;54;America/Sao_Paulo
4303608;Cambará do Sul;43;RS;Rio Grande do Sul;Sul;0;-29.0474;-50.1465;8571;54;America/Sao_Paulo
4303673;Campestre da Serra;43;RS;Rio Grande do Sul;Sul;0;-28.7926;-51.0941;6013;54;America/Sao_Paulo
4303707;Campina das Missões;43;RS;Rio Grande do Sul;Sul;0;-27.9888;-54.8416;8573;55;America/Sao_Paulo
4303806;Campinas do Sul;43;RS;Rio Grande do Sul;Sul;0;-27.7174;-52.6248;8575;54;America/Sao_Paulo
4303905;Campo Bom;43;RS;Rio Grande do Sul;Sul;0;-29.6747;-51.0606;8577;51;America/Sao_Paulo
4304002;Campo Novo;43;RS;Rio Grande do Sul;Sul;0;-27.6792;-53.8052;8579;55;America/Sao_Paulo
4304101;Campos Borges;43;RS;Rio Grande do Sul;Sul;0;-28.8871;-53.0008;8445;54;America/Sao_Paulo
4304200;Candelária;43;RS;Rio Grande do Sul;Sul;0;-29.6684;-52.7895;8581;51;America/Sao_Paulo
4304309;Cândido Godói;43;RS;Rio Grande do Sul;Sul;0;-27.9515;-54.7517;8583;55;America/Sao_Paulo
4304358;Candiota;43;RS;Rio Grande do Sul;Sul;0;-31.5516;-53.6773;6083;53;America/Sao_Paulo
4304408;Canela;43;RS;Rio Grande do Sul;Sul;0;-29.356;-50.8119;8585;54;America/Sao_Paulo
4304507;Canguçu;43;RS;Rio Grande do Sul;Sul;0;-31.396;-52.6783;8587;53;America/Sao_Paulo
4304606;Canoas;43;RS;Rio Grande do Sul;Sul;0;-29.9128;-51.1857;8589;51;America/Sao_Paulo
4304614;Canudos do Vale;43;RS;Rio Grande do Sul;Sul;0;-29.3271;-52.2374;1130;51;America/Sao_Paulo
4304622;Capão Bonito do Sul;43;RS;Rio Grande do Sul;Sul;0;-28.1254;-51.3961;1132;54;America/Sao_Paulo
4304630;Capão da Canoa;43;RS;Rio Grande do Sul;Sul;0;-29.7642;-50.0282;8915;51;America/Sao_Paulo
4304655;Capão do Cipó;43;RS;Rio Grande do Sul;Sul;0;-28.9312;-54.5558;1134;55;America/Sao_Paulo
4304663;Capão do Leão;43;RS;Rio Grande do Sul;Sul;0;-31.7565;-52.4889;8973;53;America/Sao_Paulo
4304671;Capivari do Sul;43;RS;Rio Grande do Sul;Sul;0;-30.1383;-50.5152;0962;51;America/Sao_Paulo
4304689;Capela de Santana;43;RS;Rio Grande do Sul;Sul;0;-29.6961;-51.328;8443;51;America/Sao_Paulo
4304697;Capitão;43;RS;Rio Grande do Sul;Sul;0;-29.2674;-51.9853;6025;51;America/Sao_Paulo
4304705;Carazinho;43;RS;Rio Grande do Sul;Sul;0;-28.2958;-52.7933;8591;54;America/Sao_Paulo
4304713;Caraá;43;RS;Rio Grande do Sul;Sul;0;-29.7869;-50.4316;0964;51;America/Sao_Paulo
4304804;Carlos Barbosa;43;RS;Rio Grande do Sul;Sul;0;-29.2969;-51.5028;8593;54;America/Sao_Paulo
4304853;Carlos Gomes;43;RS;Rio Grande do Sul;Sul;0;-27.7167;-51.9121;5961;54;America/Sao_Paulo
4304903;Casca;43;RS;Rio Grande do Sul;Sul;0;-28.5605;-51.9815;8595;54;America/Sao_Paulo
4304952;Caseiros;43;RS;Rio Grande do Sul;Sul;0;-28.2582;-51.6861;8441;54;America/Sao_Paulo
4305009;Catuípe;43;RS;Rio Grande do Sul;Sul;0;-28.2554;-54.0132;8597;55;America/Sao_Paulo
4305108;Caxias do Sul;43;RS;Rio Grande do Sul;Sul;0;-29.1629;-51.1792;8599;54;America/Sao_Paulo
4305116;Centenário;43;RS;Rio Grande do Sul;Sul;0;-27.7615;-51.9984;5963;54;America/Sao_Paulo
4305124;Cerrito;43;RS;Rio Grande do Sul;Sul;0;-31.8419;-52.8004;0966;53;America/Sao_Paulo
4305132;Cerro Branco;43;RS;Rio Grande do Sul;Sul;0;-29.657;-52.9406;8439;51;America/Sao_Paulo
4305157;Cerro Grande;43;RS;Rio Grande do Sul;Sul;0;-27.6106;-53.1672;8437;55;America/Sao_Paulo
4305173;Cerro Grande do Sul;43;RS;Rio Grande do Sul;Sul;0;-30.5905;-51.7418;8435;51;America/Sao_Paulo
4305207;Cerro Largo;43;RS;Rio Grande do Sul;Sul;0;-28.1463;-54.7428;8601;55;America/Sao_Paulo
4305306;Chapada;43;RS;Rio Grande do Sul;Sul;0;-28.0559;-53.0665;8603;54;America/Sao_Paulo
4305355;Charqueadas;43;RS;Rio Grande do Sul;Sul;0;-29.9625;-51.6289;8693;51;America/Sao_Paulo
4305371;Charrua;43;RS;Rio Grande do Sul;Sul;0;-27.9493;-52.015;5965;54;America/Sao_Paulo
4305405;Chiapetta;43;RS;Rio Grande do Sul;Sul;0;-27.923;-53.9419;8605;55;America/Sao_Paulo
4305439;Chuí;43;RS;Rio Grande do Sul;Sul;0;-33.6866;-53.4594;0968;53;America/Sao_Paulo
4305447;Chuvisca;43;RS;Rio Grande do Sul;Sul;0;-30.7504;-51.9737;0970;51;America/Sao_Paulo
4305454;Cidreira;43;RS;Rio Grande do Sul;Sul;0;-30.1604;-50.2337;8433;51;America/Sao_Paulo
4305504;Ciríaco;43;RS;Rio Grande do Sul;Sul;0;-28.3419;-51.8741;8607;54;America/Sao_Paulo
4305587;Colinas;43;RS;Rio Grande do Sul;Sul;0;-29.3948;-51.8556;6029;51;America/Sao_Paulo
4305603;Colorado;43;RS;Rio Grande do Sul;Sul;0;-28.5258;-52.9928;8609;54;America/Sao_Paulo
4305702;Condor;43;RS;Rio Grande do Sul;Sul;0;-28.2075;-53.4905;8611;55;America/Sao_Paulo
4305801;Constantina;43;RS;Rio Grande do Sul;Sul;0;-27.732;-52.9938;8613;54;America/Sao_Paulo
4305835;Coqueiro Baixo;43;RS;Rio Grande do Sul;Sul;0;-29.1802;-52.0942;1136;51;America/Sao_Paulo
4305850;Coqueiros do Sul;43;RS;Rio Grande do Sul;Sul;0;-28.1194;-52.7842;5945;54;America/Sao_Paulo
4305871;Coronel Barros;43;RS;Rio Grande do Sul;Sul;0;-28.3921;-54.0686;6055;55;America/Sao_Paulo
4305900;Coronel Bicaco;43;RS;Rio Grande do Sul;Sul;0;-27.7197;-53.7022;8615;55;America/Sao_Paulo
4305934;Coronel Pilar;43;RS;Rio Grande do Sul;Sul;0;-29.2695;-51.6847;1138;54;America/Sao_Paulo
4305959;Cotiporã;43;RS;Rio Grande do Sul;Sul;0;-28.9891;-51.6971;8977;54;America/Sao_Paulo
4305975;Coxilha;43;RS;Rio Grande do Sul;Sul;0;-28.128;-52.3023;5797;54;America/Sao_Paulo
4306007;Crissiumal;43;RS;Rio Grande do Sul;Sul;0;-27.4999;-54.0994;8617;55;America/Sao_Paulo
4306056;Cristal;43;RS;Rio Grande do Sul;Sul;0;-31.0046;-52.0436;8431;51;America/Sao_Paulo
4306072;Cristal do Sul;43;RS;Rio Grande do Sul;Sul;0;-27.452;-53.2422;0972;55;America/Sao_Paulo
4306106;Cruz Alta;43;RS;Rio Grande do Sul;Sul;0;-28.645;-53.6048;8619;55;America/Sao_Paulo
4306130;Cruzaltense;43;RS;Rio Grande do Sul;Sul;0;-27.6672;-52.6522;1140;54;America/Sao_Paulo
4306205;Cruzeiro do Sul;43;RS;Rio Grande do Sul;Sul;0;-29.5148;-51.9928;8621;51;America/Sao_Paulo
4306304;David Canabarro;43;RS;Rio Grande do Sul;Sul;0;-28.3849;-51.8482;8623;54;America/Sao_Paulo
4306320;Derrubadas;43;RS;Rio Grande do Sul;Sul;0;-27.2642;-53.8645;6073;55;America/Sao_Paulo
4306353;Dezesseis de Novembro;43;RS;Rio Grande do Sul;Sul;0;-28.219;-55.0617;8429;55;America/Sao_Paulo
4306379;Dilermando de Aguiar;43;RS;Rio Grande do Sul;Sul;0;-29.7054;-54.2122;0974;55;America/Sao_Paulo
4306403;Dois Irmãos;43;RS;Rio Grande do Sul;Sul;0;-29.5836;-51.0898;8625;51;America/Sao_Paulo
4306429;Dois Irmãos das Missões;43;RS;Rio Grande do Sul;Sul;0;-27.6621;-53.5304;5971;55;America/Sao_Paulo
4306452;Dois Lajeados;43;RS;Rio Grande do Sul;Sul;0;-28.983;-51.8396;8427;54;America/Sao_Paulo
4306502;Dom Feliciano;43;RS;Rio Grande do Sul;Sul;0;-30.7004;-52.1026;8627;51;America/Sao_Paulo
4306551;Dom Pedro de Alcântara;43;RS;Rio Grande do Sul;Sul;0;-29.3639;-49.853;0976;51;America/Sao_Paulo
4306601;Dom Pedrito;43;RS;Rio Grande do Sul;Sul;0;-30.9756;-54.6694;8629;53;America/Sao_Paulo
4306700;Dona Francisca;43;RS;Rio Grande do Sul;Sul;0;-29.6195;-53.3617;8631;55;America/Sao_Paulo
4306734;Doutor Maurício Cardoso;43;RS;Rio Grande do Sul;Sul;0;-27.5103;-54.3577;8425;55;America/Sao_Paulo
4306759;Doutor Ricardo;43;RS;Rio Grande do Sul;Sul;0;-29.084;-51.9972;0978;51;America/Sao_Paulo
4306767;Eldorado do Sul;43;RS;Rio Grande do Sul;Sul;0;-30.0847;-51.6187;8423;51;America/Sao_Paulo
4306809;Encantado;43;RS;Rio Grande do Sul;Sul;0;-29.2351;-51.8703;8633;51;America/Sao_Paulo
4306908;Encruzilhada do Sul;43;RS;Rio Grande do Sul;Sul;0;-30.543;-52.5204;8635;51;America/Sao_Paulo
4306924;Engenho Velho;43;RS;Rio Grande do Sul;Sul;0;-27.706;-52.9145;5947;54;America/Sao_Paulo
4306932;Entre-Ijuís;43;RS;Rio Grande do Sul;Sul;0;-28.3686;-54.2686;8419;55;America/Sao_Paulo
4306957;Entre Rios do Sul;43;RS;Rio Grande do Sul;Sul;0;-27.5298;-52.7347;8421;54;America/Sao_Paulo
4306973;Erebango;43;RS;Rio Grande do Sul;Sul;0;-27.8544;-52.3005;8417;54;America/Sao_Paulo
4307005;Erechim;43;RS;Rio Grande do Sul;Sul;0;-27.6364;-52.2697;8637;54;America/Sao_Paulo
4307054;Ernestina;43;RS;Rio Grande do Sul;Sul;0;-28.4977;-52.5836;8415;54;America/Sao_Paulo
4307104;Herval;43;RS;Rio Grande do Sul;Sul;0;-32.024;-53.3944;8639;53;America/Sao_Paulo
4307203;Erval Grande;43;RS;Rio Grande do Sul;Sul;0;-27.3926;-52.574;8641;54;America/Sao_Paulo
4307302;Erval Seco;43;RS;Rio Grande do Sul;Sul;0;-27.5443;-53.5005;8643;55;America/Sao_Paulo
4307401;Esmeralda;43;RS;Rio Grande do Sul;Sul;0;-28.0518;-51.1933;8645;54;America/Sao_Paulo
4307450;Esperança do Sul;43;RS;Rio Grande do Sul;Sul;0;-27.3603;-53.9891;0980;55;America/Sao_Paulo
4307500;Espumoso;43;RS;Rio Grande do Sul;Sul;0;-28.7286;-52.8461;8647;54;America/Sao_Paulo
4307559;Estação;43;RS;Rio Grande do Sul;Sul;0;-27.9135;-52.2635;7301;54;America/Sao_Paulo
4307609;Estância Velha;43;RS;Rio Grande do Sul;Sul;0;-29.6535;-51.1843;8649;51;America/Sao_Paulo
4307708;Esteio;43;RS;Rio Grande do Sul;Sul;0;-29.852;-51.1841;8651;51;America/Sao_Paulo
4307807;Estrela;43;RS;Rio Grande do Sul;Sul;0;-29.5002;-51.9495;8653;51;America/Sao_Paulo
4307815;Estrela Velha;43;RS;Rio Grande do Sul;Sul;0;-29.1713;-53.1639;0982;51;America/Sao_Paulo
4307831;Eugênio de Castro;43;RS;Rio Grande do Sul;Sul;0;-28.5315;-54.1506;8413;55;America/Sao_Paulo
4307864;Fagundes Varela;43;RS;Rio Grande do Sul;Sul;0;-28.8794;-51.7014;8411;54;America/Sao_Paulo
4307906;Farroupilha;43;RS;Rio Grande do Sul;Sul;0;-29.2227;-51.3419;8655;54;America/Sao_Paulo
4308003;Faxinal do Soturno;43;RS;Rio Grande do Sul;Sul;0;-29.5788;-53.4484;8657;55;America/Sao_Paulo
4308052;Faxinalzinho;43;RS;Rio Grande do Sul;Sul;0;-27.4238;-52.6789;8409;54;America/Sao_Paulo
4308078;Fazenda Vilanova;43;RS;Rio Grande do Sul;Sul;0;-29.5885;-51.8217;0984;51;America/Sao_Paulo
4308102;Feliz;43;RS;Rio Grande do Sul;Sul;0;-29.4527;-51.3032;8659;51;America/Sao_Paulo
4308201;Flores da Cunha;43;RS;Rio Grande do Sul;Sul;0;-29.0261;-51.1875;8661;54;America/Sao_Paulo
4308250;Floriano Peixoto;43;RS;Rio Grande do Sul;Sul;0;-27.8614;-52.0838;0986;54;America/Sao_Paulo
4308300;Fontoura Xavier;43;RS;Rio Grande do Sul;Sul;0;-28.9817;-52.3445;8663;54;America/Sao_Paulo
4308409;Formigueiro;43;RS;Rio Grande do Sul;Sul;0;-30.0035;-53.4959;8665;55;America/Sao_Paulo
4308433;Forquetinha;43;RS;Rio Grande do Sul;Sul;0;-29.3828;-52.0981;1142;51;America/Sao_Paulo
4308458;Fortaleza dos Valos;43;RS;Rio Grande do Sul;Sul;0;-28.7986;-53.2249;9827;55;America/Sao_Paulo
4308508;Frederico Westphalen;43;RS;Rio Grande do Sul;Sul;0;-27.3586;-53.3958;8667;55;America/Sao_Paulo
4308607;Garibaldi;43;RS;Rio Grande do Sul;Sul;0;-29.259;-51.5352;8669;54;America/Sao_Paulo
4308656;Garruchos;43;RS;Rio Grande do Sul;Sul;0;-28.1944;-55.6383;6081;55;America/Sao_Paulo
4308706;Gaurama;43;RS;Rio Grande do Sul;Sul;0;-27.5856;-52.0915;8671;54;America/Sao_Paulo
4308805;General Câmara;43;RS;Rio Grande do Sul;Sul;0;-29.9032;-51.7612;8673;51;America/Sao_Paulo
4308854;Gentil;43;RS;Rio Grande do Sul;Sul;0;-28.4316;-52.0337;5799;54;America/Sao_Paulo
4308904;Getúlio Vargas;43;RS;Rio Grande do Sul;Sul;0;-27.8911;-52.2294;8677;54;America/Sao_Paulo
4309001;Giruá;43;RS;Rio Grande do Sul;Sul;0;-28.0297;-54.3517;8679;55;America/Sao_Paulo
4309050;Glorinha;43;RS;Rio Grande do Sul;Sul;0;-29.8798;-50.7734;8407;51;America/Sao_Paulo
4309100;Gramado;43;RS;Rio Grande do Sul;Sul;0;-29.3734;-50.8762;8681;54;America/Sao_Paulo
4309126;Gramado dos Loureiros;43;RS;Rio Grande do Sul;Sul;0;-27.4429;-52.9149;5949;54;America/Sao_Paulo
4309159;Gramado Xavier;43;RS;Rio Grande do Sul;Sul;0;-29.2706;-52.5795;5763;51;America/Sao_Paulo
4309209;Gravataí;43;RS;Rio Grande do Sul;Sul;0;-29.9413;-50.9869;8683;51;America/Sao_Paulo
4309258;Guabiju;43;RS;Rio Grande do Sul;Sul;0;-28.5421;-51.6948;8405;54;America/Sao_Paulo
4309308;Guaíba;43;RS;Rio Grande do Sul;Sul;0;-30.1086;-51.3233;8685;51;America/Sao_Paulo
4309407;Guaporé;43;RS;Rio Grande do Sul;Sul;0;-28.8399;-51.8895;8687;54;America/Sao_Paulo
4309506;Guarani das Missões;43;RS;Rio Grande do Sul;Sul;0;-28.1491;-54.5629;8689;55;America/Sao_Paulo
4309555;Harmonia;43;RS;Rio Grande do Sul;Sul;0;-29.5456;-51.4185;8403;51;America/Sao_Paulo
4309571;Herveiras;43;RS;Rio Grande do Sul;Sul;0;-29.4552;-52.6553;0988;51;America/Sao_Paulo
4309605;Horizontina;43;RS;Rio Grande do Sul;Sul;0;-27.6282;-54.3053;8691;55;America/Sao_Paulo
4309654;Hulha Negra;43;RS;Rio Grande do Sul;Sul;0;-31.4067;-53.8667;6085;53;America/Sao_Paulo
4309704;Humaitá;43;RS;Rio Grande do Sul;Sul;0;-27.5691;-53.9695;8695;55;America/Sao_Paulo
4309753;Ibarama;43;RS;Rio Grande do Sul;Sul;0;-29.4203;-53.1295;8401;51;America/Sao_Paulo
4309803;Ibiaçá;43;RS;Rio Grande do Sul;Sul;0;-28.0566;-51.8599;8697;54;America/Sao_Paulo
4309902;Ibiraiaras;43;RS;Rio Grande do Sul;Sul;0;-28.3741;-51.6377;8699;54;America/Sao_Paulo
4309951;Ibirapuitã;43;RS;Rio Grande do Sul;Sul;0;-28.6247;-52.5158;7299;54;America/Sao_Paulo
4310009;Ibirubá;43;RS;Rio Grande do Sul;Sul;0;-28.6302;-53.0961;8701;54;America/Sao_Paulo
4310108;Igrejinha;43;RS;Rio Grande do Sul;Sul;0;-29.5693;-50.7919;8703;51;America/Sao_Paulo
4310207;Ijuí;43;RS;Rio Grande do Sul;Sul;0;-28.388;-53.92;8705;55;America/Sao_Paulo
4310306;Ilópolis;43;RS;Rio Grande do Sul;Sul;0;-28.9282;-52.1258;8707;51;America/Sao_Paulo
4310330;Imbé;43;RS;Rio Grande do Sul;Sul;0;-29.9753;-50.1281;7297;51;America/Sao_Paulo
4310363;Imigrante;43;RS;Rio Grande do Sul;Sul;0;-29.3508;-51.7748;7295;51;America/Sao_Paulo
4310405;Independência;43;RS;Rio Grande do Sul;Sul;0;-27.8354;-54.1886;8709;55;America/Sao_Paulo
4310413;Inhacorá;43;RS;Rio Grande do Sul;Sul;0;-27.8752;-54.015;6051;55;America/Sao_Paulo
4310439;Ipê;43;RS;Rio Grande do Sul;Sul;0;-28.8171;-51.2859;8399;54;America/Sao_Paulo
4310462;Ipiranga do Sul;43;RS;Rio Grande do Sul;Sul;0;-27.9404;-52.4271;7399;54;America/Sao_Paulo
4310504;Iraí;43;RS;Rio Grande do Sul;Sul;0;-27.1951;-53.2543;8711;55;America/Sao_Paulo
4310538;Itaara;43;RS;Rio Grande do Sul;Sul;0;-29.6013;-53.7725;0990;55;America/Sao_Paulo
4310553;Itacurubi;43;RS;Rio Grande do Sul;Sul;0;-28.7913;-55.2447;7397;55;America/Sao_Paulo
4310579;Itapuca;43;RS;Rio Grande do Sul;Sul;0;-28.7768;-52.1693;6027;51;America/Sao_Paulo
4310603;Itaqui;43;RS;Rio Grande do Sul;Sul;0;-29.1311;-56.5515;8713;55;America/Sao_Paulo
4310652;Itati;43;RS;Rio Grande do Sul;Sul;0;-29.4974;-50.1016;1144;51;America/Sao_Paulo
4310702;Itatiba do Sul;43;RS;Rio Grande do Sul;Sul;0;-27.3846;-52.4538;8715;54;America/Sao_Paulo
4310751;Ivorá;43;RS;Rio Grande do Sul;Sul;0;-29.5232;-53.5842;7395;55;America/Sao_Paulo
4310801;Ivoti;43;RS;Rio Grande do Sul;Sul;0;-29.5995;-51.1533;8717;51;America/Sao_Paulo
4310850;Jaboticaba;43;RS;Rio Grande do Sul;Sul;0;-27.6347;-53.2762;7393;55;America/Sao_Paulo
4310876;Jacuizinho;43;RS;Rio Grande do Sul;Sul;0;-29.0401;-53.0657;1146;55;America/Sao_Paulo
4310900;Jacutinga;43;RS;Rio Grande do Sul;Sul;0;-27.7291;-52.5372;8719;54;America/Sao_Paulo
4311007;Jaguarão;43;RS;Rio Grande do Sul;Sul;0;-32.5604;-53.377;8721;53;America/Sao_Paulo
4311106;Jaguari;43;RS;Rio Grande do Sul;Sul;0;-29.4936;-54.703;8723;55;America/Sao_Paulo
4311122;Jaquirana;43;RS;Rio Grande do Sul;Sul;0;-28.8811;-50.3637;7391;54;America/Sao_Paulo
4311130;Jari;43;RS;Rio Grande do Sul;Sul;0;-29.2922;-54.2237;0992;55;America/Sao_Paulo
4311155;Jóia;43;RS;Rio Grande do Sul;Sul;0;-28.6435;-54.1141;9829;55;America/Sao_Paulo
4311205;Júlio de Castilhos;43;RS;Rio Grande do Sul;Sul;0;-29.2299;-53.6772;8725;55;America/Sao_Paulo
4311239;Lagoa Bonita do Sul;43;RS;Rio Grande do Sul;Sul;0;-29.4939;-53.017;1148;51;America/Sao_Paulo
4311254;Lagoão;43;RS;Rio Grande do Sul;Sul;0;-29.2348;-52.7997;7389;51;America/Sao_Paulo
4311270;Lagoa dos Três Cantos;43;RS;Rio Grande do Sul;Sul;0;-28.5676;-52.8618;5951;54;America/Sao_Paulo
4311304;Lagoa Vermelha;43;RS;Rio Grande do Sul;Sul;0;-28.2093;-51.5248;8727;54;America/Sao_Paulo
4311403;Lajeado;43;RS;Rio Grande do Sul;Sul;0;-29.4591;-51.9644;8729;51;America/Sao_Paulo
4311429;Lajeado do Bugre;43;RS;Rio Grande do Sul;Sul;0;-27.6913;-53.1818;5983;55;America/Sao_Paulo
4311502;Lavras do Sul;43;RS;Rio Grande do Sul;Sul;0;-30.8071;-53.8931;8731;55;America/Sao_Paulo
4311601;Liberato Salzano;43;RS;Rio Grande do Sul;Sul;0;-27.601;-53.0753;8733;55;America/Sao_Paulo
4311627;Lindolfo Collor;43;RS;Rio Grande do Sul;Sul;0;-29.5859;-51.2141;6017;51;America/Sao_Paulo
4311643;Linha Nova;43;RS;Rio Grande do Sul;Sul;0;-29.4679;-51.2003;6047;51;America/Sao_Paulo
4311700;Machadinho;43;RS;Rio Grande do Sul;Sul;0;-27.5667;-51.6668;8735;54;America/Sao_Paulo
4311718;Maçambará;43;RS;Rio Grande do Sul;Sul;0;-29.1445;-56.0674;0994;55;America/Sao_Paulo
4311734;Mampituba;43;RS;Rio Grande do Sul;Sul;0;-29.2136;-49.9311;0996;51;America/Sao_Paulo
4311759;Manoel Viana;43;RS;Rio Grande do Sul;Sul;0;-29.5859;-55.4841;6079;55;America/Sao_Paulo
4311775;Maquiné;43;RS;Rio Grande do Sul;Sul;0;-29.6798;-50.2079;5783;51;America/Sao_Paulo
4311791;Maratá;43;RS;Rio Grande do Sul;Sul;0;-29.5457;-51.5573;6039;51;America/Sao_Paulo
4311809;Marau;43;RS;Rio Grande do Sul;Sul;0;-28.4498;-52.1986;8737;54;America/Sao_Paulo
4311908;Marcelino Ramos;43;RS;Rio Grande do Sul;Sul;0;-27.4676;-51.9095;8739;54;America/Sao_Paulo
4311981;Mariana Pimentel;43;RS;Rio Grande do Sul;Sul;0;-30.353;-51.5803;5759;51;America/Sao_Paulo
4312005;Mariano Moro;43;RS;Rio Grande do Sul;Sul;0;-27.3568;-52.1467;8741;54;America/Sao_Paulo
4312054;Marques de Souza;43;RS;Rio Grande do Sul;Sul;0;-29.3311;-52.0973;0998;51;America/Sao_Paulo
4312104;Mata;43;RS;Rio Grande do Sul;Sul;0;-29.5649;-54.4641;8743;55;America/Sao_Paulo
4312138;Mato Castelhano;43;RS;Rio Grande do Sul;Sul;0;-28.28;-52.1932;5931;54;America/Sao_Paulo
4312153;Mato Leitão;43;RS;Rio Grande do Sul;Sul;0;-29.5285;-52.1278;6031;51;America/Sao_Paulo
4312179;Mato Queimado;43;RS;Rio Grande do Sul;Sul;0;-28.252;-54.6159;1150;55;America/Sao_Paulo
4312203;Maximiliano de Almeida;43;RS;Rio Grande do Sul;Sul;0;-27.6325;-51.802;8745;54;America/Sao_Paulo
4312252;Minas do Leão;43;RS;Rio Grande do Sul;Sul;0;-30.1346;-52.0423;5773;51;America/Sao_Paulo
4312302;Miraguaí;43;RS;Rio Grande do Sul;Sul;0;-27.497;-53.6891;8747;55;America/Sao_Paulo
4312351;Montauri;43;RS;Rio Grande do Sul;Sul;0;-28.6462;-52.0767;7387;54;America/Sao_Paulo
4312377;Monte Alegre dos Campos;43;RS;Rio Grande do Sul;Sul;0;-28.6805;-50.7834;1000;54;America/Sao_Paulo
4312385;Monte Belo do Sul;43;RS;Rio Grande do Sul;Sul;0;-29.1607;-51.6333;5993;54;America/Sao_Paulo
4312401;Montenegro;43;RS;Rio Grande do Sul;Sul;0;-29.6824;-51.4679;8749;51;America/Sao_Paulo
4312427;Mormaço;43;RS;Rio Grande do Sul;Sul;0;-28.6968;-52.6999;5933;54;America/Sao_Paulo
4312443;Morrinhos do Sul;43;RS;Rio Grande do Sul;Sul;0;-29.3578;-49.9328;5775;51;America/Sao_Paulo
4312450;Morro Redondo;43;RS;Rio Grande do Sul;Sul;0;-31.5887;-52.6261;7385;53;America/Sao_Paulo
4312476;Morro Reuter;43;RS;Rio Grande do Sul;Sul;0;-29.5379;-51.0811;6019;51;America/Sao_Paulo
4312500;Mostardas;43;RS;Rio Grande do Sul;Sul;0;-31.1054;-50.9167;8751;51;America/Sao_Paulo
4312609;Muçum;43;RS;Rio Grande do Sul;Sul;0;-29.163;-51.8714;8753;51;America/Sao_Paulo
4312617;Muitos Capões;43;RS;Rio Grande do Sul;Sul;0;-28.3132;-51.1836;1002;54;America/Sao_Paulo
4312625;Muliterno;43;RS;Rio Grande do Sul;Sul;0;-28.3253;-51.7697;5935;54;America/Sao_Paulo
4312658;Não-Me-Toque;43;RS;Rio Grande do Sul;Sul;0;-28.4548;-52.8182;8755;54;America/Sao_Paulo
4312674;Nicolau Vergueiro;43;RS;Rio Grande do Sul;Sul;0;-28.5298;-52.4676;5937;54;America/Sao_Paulo
4312708;Nonoai;43;RS;Rio Grande do Sul;Sul;0;-27.3689;-52.7756;8757;54;America/Sao_Paulo
4312757;Nova Alvorada;43;RS;Rio Grande do Sul;Sul;0;-28.6822;-52.1631;7383;54;America/Sao_Paulo
4312807;Nova Araçá;43;RS;Rio Grande do Sul;Sul;0;-28.6537;-51.7458;8759;54;America/Sao_Paulo
4312906;Nova Bassano;43;RS;Rio Grande do Sul;Sul;0;-28.7291;-51.7072;8761;54;America/Sao_Paulo
4312955;Nova Boa Vista;43;RS;Rio Grande do Sul;Sul;0;-27.9926;-52.9784;5953;54;America/Sao_Paulo
4313003;Nova Bréscia;43;RS;Rio Grande do Sul;Sul;0;-29.2182;-52.0319;8763;51;America/Sao_Paulo
4313011;Nova Candelária;43;RS;Rio Grande do Sul;Sul;0;-27.6137;-54.1074;1004;55;America/Sao_Paulo
4313037;Nova Esperança do Sul;43;RS;Rio Grande do Sul;Sul;0;-29.4066;-54.8293;7381;55;America/Sao_Paulo
4313060;Nova Hartz;43;RS;Rio Grande do Sul;Sul;0;-29.5808;-50.9051;7379;51;America/Sao_Paulo
4313086;Nova Pádua;43;RS;Rio Grande do Sul;Sul;0;-29.0275;-51.3098;5991;54;America/Sao_Paulo
4313102;Nova Palma;43;RS;Rio Grande do Sul;Sul;0;-29.471;-53.4689;8765;55;America/Sao_Paulo
4313201;Nova Petrópolis;43;RS;Rio Grande do Sul;Sul;0;-29.3741;-51.1136;8767;54;America/Sao_Paulo
4313300;Nova Prata;43;RS;Rio Grande do Sul;Sul;0;-28.7799;-51.6113;8769;54;America/Sao_Paulo
4313334;Nova Ramada;43;RS;Rio Grande do Sul;Sul;0;-28.0667;-53.6992;1006;55;America/Sao_Paulo
4313359;Nova Roma do Sul;43;RS;Rio Grande do Sul;Sul;0;-28.9882;-51.4095;7377;54;America/Sao_Paulo
4313375;Nova Santa Rita;43;RS;Rio Grande do Sul;Sul;0;-29.8525;-51.2837;5757;51;America/Sao_Paulo
4313391;Novo Cabrais;43;RS;Rio Grande do Sul;Sul;0;-29.7338;-52.9489;1008;51;America/Sao_Paulo
4313409;Novo Hamburgo;43;RS;Rio Grande do Sul;Sul;0;-29.6875;-51.1328;8771;51;America/Sao_Paulo
4313425;Novo Machado;43;RS;Rio Grande do Sul;Sul;0;-27.5765;-54.5036;6057;55;America/Sao_Paulo
4313441;Novo Tiradentes;43;RS;Rio Grande do Sul;Sul;0;-27.5649;-53.1837;5973;55;America/Sao_Paulo
4313466;Novo Xingu;43;RS;Rio Grande do Sul;Sul;0;-27.749;-53.0639;1152;54;America/Sao_Paulo
4313490;Novo Barreiro;43;RS;Rio Grande do Sul;Sul;0;-27.9077;-53.1103;5985;55;America/Sao_Paulo
4313508;Osório;43;RS;Rio Grande do Sul;Sul;0;-29.8881;-50.2667;8773;51;America/Sao_Paulo
4313607;Paim Filho;43;RS;Rio Grande do Sul;Sul;0;-27.7075;-51.763;8775;54;America/Sao_Paulo
4313656;Palmares do Sul;43;RS;Rio Grande do Sul;Sul;0;-30.2535;-50.5103;8967;51;America/Sao_Paulo
4313706;Palmeira das Missões;43;RS;Rio Grande do Sul;Sul;0;-27.9007;-53.3134;8777;55;America/Sao_Paulo
4313805;Palmitinho;43;RS;Rio Grande do Sul;Sul;0;-27.3596;-53.558;8779;55;America/Sao_Paulo
4313904;Panambi;43;RS;Rio Grande do Sul;Sul;0;-28.2833;-53.5023;8781;55;America/Sao_Paulo
4313953;Pantano Grande;43;RS;Rio Grande do Sul;Sul;0;-30.1902;-52.3729;7375;51;America/Sao_Paulo
4314001;Paraí;43;RS;Rio Grande do Sul;Sul;0;-28.5964;-51.7896;8783;54;America/Sao_Paulo
4314027;Paraíso do Sul;43;RS;Rio Grande do Sul;Sul;0;-29.6717;-53.144;7373;55;America/Sao_Paulo
4314035;Pareci Novo;43;RS;Rio Grande do Sul;Sul;0;-29.6365;-51.3974;6041;51;America/Sao_Paulo
4314050;Parobé;43;RS;Rio Grande do Sul;Sul;0;-29.6243;-50.8312;9825;51;America/Sao_Paulo
4314068;Passa Sete;43;RS;Rio Grande do Sul;Sul;0;-29.4577;-52.9599;1010;51;America/Sao_Paulo
4314076;Passo do Sobrado;43;RS;Rio Grande do Sul;Sul;0;-29.748;-52.2748;5765;51;America/Sao_Paulo
4314100;Passo Fundo;43;RS;Rio Grande do Sul;Sul;0;-28.2576;-52.4091;8785;54;America/Sao_Paulo
4314134;Paulo Bento;43;RS;Rio Grande do Sul;Sul;0;-27.7051;-52.4169;1154;54;America/Sao_Paulo
4314159;Paverama;43;RS;Rio Grande do Sul;Sul;0;-29.5486;-51.7339;7371;51;America/Sao_Paulo
4314175;Pedras Altas;43;RS;Rio Grande do Sul;Sul;0;-31.7365;-53.5814;1156;53;America/Sao_Paulo
4314209;Pedro Osório;43;RS;Rio Grande do Sul;Sul;0;-31.8642;-52.8184;8787;53;America/Sao_Paulo
4314308;Pejuçara;43;RS;Rio Grande do Sul;Sul;0;-28.4283;-53.6579;8789;55;America/Sao_Paulo
4314407;Pelotas;43;RS;Rio Grande do Sul;Sul;0;-31.7649;-52.3371;8791;53;America/Sao_Paulo
4314423;Picada Café;43;RS;Rio Grande do Sul;Sul;0;-29.4464;-51.1367;6021;54;America/Sao_Paulo
4314456;Pinhal;43;RS;Rio Grande do Sul;Sul;0;-27.508;-53.2082;7369;55;America/Sao_Paulo
4314464;Pinhal da Serra;43;RS;Rio Grande do Sul;Sul;0;-27.8751;-51.1673;1158;54;America/Sao_Paulo
4314472;Pinhal Grande;43;RS;Rio Grande do Sul;Sul;0;-29.345;-53.3206;5787;55;America/Sao_Paulo
4314498;Pinheirinho do Vale;43;RS;Rio Grande do Sul;Sul;0;-27.2109;-53.608;5975;55;America/Sao_Paulo
4314506;Pinheiro Machado;43;RS;Rio Grande do Sul;Sul;0;-31.5794;-53.3798;8793;53;America/Sao_Paulo
4314548;Pinto Bandeira;43;RS;Rio Grande do Sul;Sul;0;-29.0975;-51.4503;1160;54;America/Sao_Paulo
4314555;Pirapó;43;RS;Rio Grande do Sul;Sul;0;-28.0439;-55.2001;7367;55;America/Sao_Paulo
4314605;Piratini;43;RS;Rio Grande do Sul;Sul;0;-31.4473;-53.0973;8795;53;America/Sao_Paulo
4314704;Planalto;43;RS;Rio Grande do Sul;Sul;0;-27.3297;-53.0575;8797;55;America/Sao_Paulo
4314753;Poço das Antas;43;RS;Rio Grande do Sul;Sul;0;-29.4481;-51.6719;7365;51;America/Sao_Paulo
4314779;Pontão;43;RS;Rio Grande do Sul;Sul;0;-28.0585;-52.6791;5939;54;America/Sao_Paulo
4314787;Ponte Preta;43;RS;Rio Grande do Sul;Sul;0;-27.6587;-52.4848;5967;54;America/Sao_Paulo
4314803;Portão;43;RS;Rio Grande do Sul;Sul;0;-29.7015;-51.2429;8799;51;America/Sao_Paulo
4314902;Porto Alegre;43;RS;Rio Grande do Sul;Sul;1;-30.0318;-51.2065;8801;51;America/Sao_Paulo
4315008;Porto Lucena;43;RS;Rio Grande do Sul;Sul;0;-27.8569;-55.01;8803;55;America/Sao_Paulo
4315057;Porto Mauá;43;RS;Rio Grande do Sul;Sul;0;-27.5796;-54.6657;6065;55;America/Sao_Paulo
4315073;Porto Vera Cruz;43;RS;Rio Grande do Sul;Sul;0;-27.7405;-54.8994;6067;55;America/Sao_Paulo
4315107;Porto Xavier;43;RS;Rio Grande do Sul;Sul;0;-27.9082;-55.1379;8805;55;America/Sao_Paulo
4315131;Pouso Novo;43;RS;Rio Grande do Sul;Sul;0;-29.1738;-52.2136;7363;51;America/Sao_Paulo
4315149;Presidente Lucena;43;RS;Rio Grande do Sul;Sul;0;-29.5175;-51.1798;6023;51;America/Sao_Paulo
4315156;Progresso;43;RS;Rio Grande do Sul;Sul;0;-29.2441;-52.3197;7361;51;America/Sao_Paulo
4315172;Protásio Alves;43;RS;Rio Grande do Sul;Sul;0;-28.7572;-51.4757;7359;54;America/Sao_Paulo
4315206;Putinga;43;RS;Rio Grande do Sul;Sul;0;-29.0045;-52.1569;8807;51;America/Sao_Paulo
4315305;Quaraí;43;RS;Rio Grande do Sul;Sul;0;-30.384;-56.4483;8809;55;America/Sao_Paulo
4315313;Quatro Irmãos;43;RS;Rio Grande do Sul;Sul;0;-27.8257;-52.4424;1162;54;America/Sao_Paulo
4315321;Quevedos;43;RS;Rio Grande do Sul;Sul;0;-29.3504;-54.0789;5789;55;America/Sao_Paulo
4315354;Quinze de Novembro;43;RS;Rio Grande do Sul;Sul;0;-28.7466;-53.1011;7357;54;America/Sao_Paulo
4315404;Redentora;43;RS;Rio Grande do Sul;Sul;0;-27.664;-53.6407;8811;55;America/Sao_Paulo
4315453;Relvado;43;RS;Rio Grande do Sul;Sul;0;-29.1164;-52.0778;7355;51;America/Sao_Paulo
4315503;Restinga Sêca;43;RS;Rio Grande do Sul;Sul;0;-29.8188;-53.3807;8813;55;America/Sao_Paulo
4315552;Rio dos Índios;43;RS;Rio Grande do Sul;Sul;0;-27.2973;-52.8417;5955;54;America/Sao_Paulo
4315602;Rio Grande;43;RS;Rio Grande do Sul;Sul;0;-32.0349;-52.1071;8815;53;America/Sao_Paulo
4315701;Rio Pardo;43;RS;Rio Grande do Sul;Sul;0;-29.988;-52.3711;8817;51;America/Sao_Paulo
4315750;Riozinho;43;RS;Rio Grande do Sul;Sul;0;-29.639;-50.4488;7353;51;America/Sao_Paulo
4315800;Roca Sales;43;RS;Rio Grande do Sul;Sul;0;-29.2884;-51.8658;8819;51;America/Sao_Paulo
4315909;Rodeio Bonito;43;RS;Rio Grande do Sul;Sul;0;-27.4742;-53.1706;8821;55;America/Sao_Paulo
4315958;Rolador;43;RS;Rio Grande do Sul;Sul;0;-28.2566;-54.8186;1164;55;America/Sao_Paulo
4316006;Rolante;43;RS;Rio Grande do Sul;Sul;0;-29.6462;-50.5819;8823;51;America/Sao_Paulo
4316105;Ronda Alta;43;RS;Rio Grande do Sul;Sul;0;-27.7758;-52.8056;8825;54;America/Sao_Paulo
4316204;Rondinha;43;RS;Rio Grande do Sul;Sul;0;-27.8315;-52.9081;8827;54;America/Sao_Paulo
4316303;Roque Gonzales;43;RS;Rio Grande do Sul;Sul;0;-28.1297;-55.0266;8829;55;America/Sao_Paulo
4316402;Rosário do Sul;43;RS;Rio Grande do Sul;Sul;0;-30.2515;-54.9221;8831;55;America/Sao_Paulo
4316428;Sagrada Família;43;RS;Rio Grande do Sul;Sul;0;-27.7085;-53.1351;5987;55;America/Sao_Paulo
4316436;Saldanha Marinho;43;RS;Rio Grande do Sul;Sul;0;-28.3941;-53.097;7339;55;America/Sao_Paulo
4316451;Salto do Jacuí;43;RS;Rio Grande do Sul;Sul;0;-29.0951;-53.2133;8975;55;America/Sao_Paulo
4316477;Salvador das Missões;43;RS;Rio Grande do Sul;Sul;0;-28.1233;-54.8373;6061;55;America/Sao_Paulo
4316501;Salvador do Sul;43;RS;Rio Grande do Sul;Sul;0;-29.4386;-51.5077;8833;51;America/Sao_Paulo
4316600;Sananduva;43;RS;Rio Grande do Sul;Sul;0;-27.947;-51.8079;8835;54;America/Sao_Paulo
4316709;Santa Bárbara do Sul;43;RS;Rio Grande do Sul;Sul;0;-28.3653;-53.251;8837;55;America/Sao_Paulo
4316733;Santa Cecília do Sul;43;RS;Rio Grande do Sul;Sul;0;-28.1609;-51.9279;1166;54;America/Sao_Paulo
4316758;Santa Clara do Sul;43;RS;Rio Grande do Sul;Sul;0;-29.4747;-52.0843;6033;51;America/Sao_Paulo
4316808;Santa Cruz do Sul;43;RS;Rio Grande do Sul;Sul;0;-29.722;-52.4343;8839;51;America/Sao_Paulo
4316907;Santa Maria;43;RS;Rio Grande do Sul;Sul;0;-29.6868;-53.8149;8841;55;America/Sao_Paulo
4316956;Santa Maria do Herval;43;RS;Rio Grande do Sul;Sul;0;-29.4902;-50.9919;7337;51;America/Sao_Paulo
4316972;Santa Margarida do Sul;43;RS;Rio Grande do Sul;Sul;0;-30.3393;-54.0817;1168;55;America/Sao_Paulo
4317004;Santana da Boa Vista;43;RS;Rio Grande do Sul;Sul;0;-30.8697;-53.11;8843;53;America/Sao_Paulo
4317103;Sant'Ana do Livramento;43;RS;Rio Grande do Sul;Sul;0;-30.8773;-55.5392;8845;55;America/Sao_Paulo
4317202;Santa Rosa;43;RS;Rio Grande do Sul;Sul;0;-27.8702;-54.4796;8847;55;America/Sao_Paulo
4317251;Santa Tereza;43;RS;Rio Grande do Sul;Sul;0;-29.1655;-51.7351;5995;54;America/Sao_Paulo
4317301;Santa Vitória do Palmar;43;RS;Rio Grande do Sul;Sul;0;-33.525;-53.3717;8849;53;America/Sao_Paulo
4317400;Santiago;43;RS;Rio Grande do Sul;Sul;0;-29.1897;-54.8666;8851;55;America/Sao_Paulo
4317509;Santo Ângelo;43;RS;Rio Grande do Sul;Sul;0;-28.3001;-54.2668;8853;55;America/Sao_Paulo
4317558;Santo Antônio do Palma;43;RS;Rio Grande do Sul;Sul;0;-28.4956;-52.0267;5941;54;America/Sao_Paulo
4317608;Santo Antônio da Patrulha;43;RS;Rio Grande do Sul;Sul;0;-29.8268;-50.5175;8855;51;America/Sao_Paulo
4317707;Santo Antônio das Missões;43;RS;Rio Grande do Sul;Sul;0;-28.514;-55.2251;8857;55;America/Sao_Paulo
4317756;Santo Antônio do Planalto;43;RS;Rio Grande do Sul;Sul;0;-28.403;-52.6992;5957;54;America/Sao_Paulo
4317806;Santo Augusto;43;RS;Rio Grande do Sul;Sul;0;-27.8526;-53.7776;8859;55;America/Sao_Paulo
4317905;Santo Cristo;43;RS;Rio Grande do Sul;Sul;0;-27.8263;-54.662;8861;55;America/Sao_Paulo
4317954;Santo Expedito do Sul;43;RS;Rio Grande do Sul;Sul;0;-27.9074;-51.6434;5977;54;America/Sao_Paulo
4318002;São Borja;43;RS;Rio Grande do Sul;Sul;0;-28.6578;-56.0036;8863;55;America/Sao_Paulo
4318051;São Domingos do Sul;43;RS;Rio Grande do Sul;Sul;0;-28.5312;-51.886;7351;54;America/Sao_Paulo
4318101;São Francisco de Assis;43;RS;Rio Grande do Sul;Sul;0;-29.5547;-55.1253;8865;55;America/Sao_Paulo
4318200;São Francisco de Paula;43;RS;Rio Grande do Sul;Sul;0;-29.4404;-50.5828;8867;54;America/Sao_Paulo
4318309;São Gabriel;43;RS;Rio Grande do Sul;Sul;0;-30.3337;-54.3217;8869;55;America/Sao_Paulo
4318408;São Jerônimo;43;RS;Rio Grande do Sul;Sul;0;-29.9716;-51.7251;8871;51;America/Sao_Paulo
4318424;São João da Urtiga;43;RS;Rio Grande do Sul;Sul;0;-27.8195;-51.8257;7349;54;America/Sao_Paulo
4318432;São João do Polêsine;43;RS;Rio Grande do Sul;Sul;0;-29.6194;-53.4439;5791;55;America/Sao_Paulo
4318440;São Jorge;43;RS;Rio Grande do Sul;Sul;0;-28.4984;-51.7064;7347;54;America/Sao_Paulo
4318457;São José das Missões;43;RS;Rio Grande do Sul;Sul;0;-27.7789;-53.1226;5989;55;America/Sao_Paulo
4318465;São José do Herval;43;RS;Rio Grande do Sul;Sul;0;-29.052;-52.295;7345;54;America/Sao_Paulo
4318481;São José do Hortêncio;43;RS;Rio Grande do Sul;Sul;0;-29.528;-51.245;7343;51;America/Sao_Paulo
4318499;São José do Inhacorá;43;RS;Rio Grande do Sul;Sul;0;-27.7251;-54.1275;6059;55;America/Sao_Paulo
4318507;São José do Norte;43;RS;Rio Grande do Sul;Sul;0;-32.0151;-52.0331;8873;53;America/Sao_Paulo
4318606;São José do Ouro;43;RS;Rio Grande do Sul;Sul;0;-27.7707;-51.5966;8875;54;America/Sao_Paulo
4318614;São José do Sul;43;RS;Rio Grande do Sul;Sul;0;-29.5448;-51.4821;1170;51;America/Sao_Paulo
4318622;São José dos Ausentes;43;RS;Rio Grande do Sul;Sul;0;-28.7476;-50.0677;6015;54;America/Sao_Paulo
4318705;São Leopoldo;43;RS;Rio Grande do Sul;Sul;0;-29.7545;-51.1498;8877;51;America/Sao_Paulo
4318804;São Lourenço do Sul;43;RS;Rio Grande do Sul;Sul;0;-31.3564;-51.9715;8879;53;America/Sao_Paulo
4318903;São Luiz Gonzaga;43;RS;Rio Grande do Sul;Sul;0;-28.412;-54.9559;8881;55;America/Sao_Paulo
4319000;São Marcos;43;RS;Rio Grande do Sul;Sul;0;-28.9677;-51.0696;8883;54;America/Sao_Paulo
4319109;São Martinho;43;RS;Rio Grande do Sul;Sul;0;-27.7112;-53.9699;8885;55;America/Sao_Paulo
4319125;São Martinho da Serra;43;RS;Rio Grande do Sul;Sul;0;-29.5397;-53.859;5793;55;America/Sao_Paulo
4319158;São Miguel das Missões;43;RS;Rio Grande do Sul;Sul;0;-28.556;-54.5559;7341;55;America/Sao_Paulo
4319208;São Nicolau;43;RS;Rio Grande do Sul;Sul;0;-28.1834;-55.2654;8887;55;America/Sao_Paulo
4319307;São Paulo das Missões;43;RS;Rio Grande do Sul;Sul;0;-28.0195;-54.9404;8889;55;America/Sao_Paulo
4319356;São Pedro da Serra;43;RS;Rio Grande do Sul;Sul;0;-29.4193;-51.5134;6043;51;America/Sao_Paulo
4319364;São Pedro das Missões;43;RS;Rio Grande do Sul;Sul;0;-27.7706;-53.2513;1172;55;America/Sao_Paulo
4319372;São Pedro do Butiá;43;RS;Rio Grande do Sul;Sul;0;-28.1243;-54.8926;6063;55;America/Sao_Paulo
4319406;São Pedro do Sul;43;RS;Rio Grande do Sul;Sul;0;-29.6202;-54.1855;8891;55;America/Sao_Paulo
4319505;São Sebastião do Caí;43;RS;Rio Grande do Sul;Sul;0;-29.5885;-51.3749;8893;51;America/Sao_Paulo
4319604;São Sepé;43;RS;Rio Grande do Sul;Sul;0;-30.1643;-53.5603;8895;55;America/Sao_Paulo
4319703;São Valentim;43;RS;Rio Grande do Sul;Sul;0;-27.5583;-52.5237;8897;54;America/Sao_Paulo
4319711;São Valentim do Sul;43;RS;Rio Grande do Sul;Sul;0;-29.0451;-51.7684;5997;54;America/Sao_Paulo
4319737;São Valério do Sul;43;RS;Rio Grande do Sul;Sul;0;-27.7906;-53.9368;6075;55;America/Sao_Paulo
4319752;São Vendelino;43;RS;Rio Grande do Sul;Sul;0;-29.3729;-51.3675;7293;51;America/Sao_Paulo
4319802;São Vicente do Sul;43;RS;Rio Grande do Sul;Sul;0;-29.6882;-54.6826;8675;55;America/Sao_Paulo
4319901;Sapiranga;43;RS;Rio Grande do Sul;Sul;0;-29.6349;-51.0064;8899;51;America/Sao_Paulo
4320008;Sapucaia do Sul;43;RS;Rio Grande do Sul;Sul;0;-29.8276;-51.145;8901;51;America/Sao_Paulo
4320107;Sarandi;43;RS;Rio Grande do Sul;Sul;0;-27.942;-52.9231;8903;54;America/Sao_Paulo
4320206;Seberi;43;RS;Rio Grande do Sul;Sul;0;-27.4829;-53.4026;8905;55;America/Sao_Paulo
4320230;Sede Nova;43;RS;Rio Grande do Sul;Sul;0;-27.6367;-53.9493;7335;55;America/Sao_Paulo
4320263;Segredo;43;RS;Rio Grande do Sul;Sul;0;-29.3523;-52.9767;7317;51;America/Sao_Paulo
4320305;Selbach;43;RS;Rio Grande do Sul;Sul;0;-28.6294;-52.9498;8907;54;America/Sao_Paulo
4320321;Senador Salgado Filho;43;RS;Rio Grande do Sul;Sul;0;-28.025;-54.5507;1012;55;America/Sao_Paulo
4320354;Sentinela do Sul;43;RS;Rio Grande do Sul;Sul;0;-30.6107;-51.5862;5781;51;America/Sao_Paulo
4320404;Serafina Corrêa;43;RS;Rio Grande do Sul;Sul;0;-28.7126;-51.9352;8909;54;America/Sao_Paulo
4320453;Sério;43;RS;Rio Grande do Sul;Sul;0;-29.3904;-52.2685;6035;51;America/Sao_Paulo
4320503;Sertão;43;RS;Rio Grande do Sul;Sul;0;-27.9798;-52.2588;8911;54;America/Sao_Paulo
4320552;Sertão Santana;43;RS;Rio Grande do Sul;Sul;0;-30.4562;-51.6017;5761;51;America/Sao_Paulo
4320578;Sete de Setembro;43;RS;Rio Grande do Sul;Sul;0;-28.1362;-54.4637;1014;55;America/Sao_Paulo
4320602;Severiano de Almeida;43;RS;Rio Grande do Sul;Sul;0;-27.4362;-52.1217;8913;54;America/Sao_Paulo
4320651;Silveira Martins;43;RS;Rio Grande do Sul;Sul;0;-29.6467;-53.591;7315;55;America/Sao_Paulo
4320677;Sinimbu;43;RS;Rio Grande do Sul;Sul;0;-29.5357;-52.5304;5767;51;America/Sao_Paulo
4320701;Sobradinho;43;RS;Rio Grande do Sul;Sul;0;-29.4194;-53.0326;8917;51;America/Sao_Paulo
4320800;Soledade;43;RS;Rio Grande do Sul;Sul;0;-28.8306;-52.5131;8919;54;America/Sao_Paulo
4320859;Tabaí;43;RS;Rio Grande do Sul;Sul;0;-29.643;-51.6823;1016;51;America/Sao_Paulo
4320909;Tapejara;43;RS;Rio Grande do Sul;Sul;0;-28.0652;-52.0097;8921;54;America/Sao_Paulo
4321006;Tapera;43;RS;Rio Grande do Sul;Sul;0;-28.6277;-52.8613;8923;54;America/Sao_Paulo
4321105;Tapes;43;RS;Rio Grande do Sul;Sul;0;-30.6683;-51.3991;8925;51;America/Sao_Paulo
4321204;Taquara;43;RS;Rio Grande do Sul;Sul;0;-29.6505;-50.7753;8927;51;America/Sao_Paulo
4321303;Taquari;43;RS;Rio Grande do Sul;Sul;0;-29.7943;-51.8653;8929;51;America/Sao_Paulo
4321329;Taquaruçu do Sul;43;RS;Rio Grande do Sul;Sul;0;-27.4005;-53.4702;7313;55;America/Sao_Paulo
4321352;Tavares;43;RS;Rio Grande do Sul;Sul;0;-31.2843;-51.088;8971;51;America/Sao_Paulo
4321402;Tenente Portela;43;RS;Rio Grande do Sul;Sul;0;-27.3711;-53.7585;8931;55;America/Sao_Paulo
4321436;Terra de Areia;43;RS;Rio Grande do Sul;Sul;0;-29.5782;-50.0644;7333;51;America/Sao_Paulo
4321451;Teutônia;43;RS;Rio Grande do Sul;Sul;0;-29.4482;-51.8044;9821;51;America/Sao_Paulo
4321469;Tio Hugo;43;RS;Rio Grande do Sul;Sul;0;-28.5712;-52.5955;1174;54;America/Sao_Paulo
4321477;Tiradentes do Sul;43;RS;Rio Grande do Sul;Sul;0;-27.4022;-54.0814;6077;55;America/Sao_Paulo
4321493;Toropi;43;RS;Rio Grande do Sul;Sul;0;-29.4782;-54.2244;1018;55;America/Sao_Paulo
4321501;Torres;43;RS;Rio Grande do Sul;Sul;0;-29.3334;-49.7333;8933;51;America/Sao_Paulo
4321600;Tramandaí;43;RS;Rio Grande do Sul;Sul;0;-29.9841;-50.1322;8935;51;America/Sao_Paulo
4321626;Travesseiro;43;RS;Rio Grande do Sul;Sul;0;-29.2977;-52.0532;6037;51;America/Sao_Paulo
4321634;Três Arroios;43;RS;Rio Grande do Sul;Sul;0;-27.5003;-52.1448;7331;54;America/Sao_Paulo
4321667;Três Cachoeiras;43;RS;Rio Grande do Sul;Sul;0;-29.4487;-49.9275;7329;51;America/Sao_Paulo
4321709;Três Coroas;43;RS;Rio Grande do Sul;Sul;0;-29.5137;-50.7739;8937;51;America/Sao_Paulo
4321808;Três de Maio;43;RS;Rio Grande do Sul;Sul;0;-27.78;-54.2357;8939;55;America/Sao_Paulo
4321832;Três Forquilhas;43;RS;Rio Grande do Sul;Sul;0;-29.5384;-50.0708;5777;51;America/Sao_Paulo
4321857;Três Palmeiras;43;RS;Rio Grande do Sul;Sul;0;-27.6139;-52.8437;7327;54;America/Sao_Paulo
4321907;Três Passos;43;RS;Rio Grande do Sul;Sul;0;-27.4555;-53.9296;8941;55;America/Sao_Paulo
4321956;Trindade do Sul;43;RS;Rio Grande do Sul;Sul;0;-27.5239;-52.8956;7325;54;America/Sao_Paulo
4322004;Triunfo;43;RS;Rio Grande do Sul;Sul;0;-29.9291;-51.7075;8943;51;America/Sao_Paulo
4322103;Tucunduva;43;RS;Rio Grande do Sul;Sul;0;-27.6573;-54.4439;8945;55;America/Sao_Paulo
4322152;Tunas;43;RS;Rio Grande do Sul;Sul;0;-29.1039;-52.9538;7323;51;America/Sao_Paulo
4322186;Tupanci do Sul;43;RS;Rio Grande do Sul;Sul;0;-27.9241;-51.5383;5979;54;America/Sao_Paulo
4322202;Tupanciretã;43;RS;Rio Grande do Sul;Sul;0;-29.0858;-53.8445;8947;55;America/Sao_Paulo
4322251;Tupandi;43;RS;Rio Grande do Sul;Sul;0;-29.4772;-51.4174;7321;51;America/Sao_Paulo
4322301;Tuparendi;43;RS;Rio Grande do Sul;Sul;0;-27.7598;-54.4814;8949;55;America/Sao_Paulo
4322327;Turuçu;43;RS;Rio Grande do Sul;Sul;0;-31.4173;-52.1706;1020;53;America/Sao_Paulo
4322343;Ubiretama;43;RS;Rio Grande do Sul;Sul;0;-28.0404;-54.686;1022;55;America/Sao_Paulo
4322350;União da Serra;43;RS;Rio Grande do Sul;Sul;0;-28.7833;-52.0238;5999;54;America/Sao_Paulo
4322376;Unistalda;43;RS;Rio Grande do Sul;Sul;0;-29.04;-55.1517;1024;55;America/Sao_Paulo
4322400;Uruguaiana;43;RS;Rio Grande do Sul;Sul;0;-29.7614;-57.0853;8951;55;America/Sao_Paulo
4322509;Vacaria;43;RS;Rio Grande do Sul;Sul;0;-28.5079;-50.9418;8953;54;America/Sao_Paulo
4322525;Vale Verde;43;RS;Rio Grande do Sul;Sul;0;-29.7864;-52.1857;1026;51;America/Sao_Paulo
4322533;Vale do Sol;43;RS;Rio Grande do Sul;Sul;0;-29.5967;-52.6839;5769;51;America/Sao_Paulo
4322541;Vale Real;43;RS;Rio Grande do Sul;Sul;0;-29.3919;-51.2559;6049;51;America/Sao_Paulo
4322558;Vanini;43;RS;Rio Grande do Sul;Sul;0;-28.4758;-51.8447;7319;54;America/Sao_Paulo
4322608;Venâncio Aires;43;RS;Rio Grande do Sul;Sul;0;-29.6143;-52.1932;8955;51;America/Sao_Paulo
4322707;Vera Cruz;43;RS;Rio Grande do Sul;Sul;0;-29.7184;-52.5152;8957;51;America/Sao_Paulo
4322806;Veranópolis;43;RS;Rio Grande do Sul;Sul;0;-28.9312;-51.5516;8959;54;America/Sao_Paulo
4322855;Vespasiano Corrêa;43;RS;Rio Grande do Sul;Sul;0;-29.0655;-51.8625;1028;51;America/Sao_Paulo
4322905;Viadutos;43;RS;Rio Grande do Sul;Sul;0;-27.5716;-52.0211;8961;54;America/Sao_Paulo
4323002;Viamão;43;RS;Rio Grande do Sul;Sul;0;-30.0819;-51.0194;8963;51;America/Sao_Paulo
4323101;Vicente Dutra;43;RS;Rio Grande do Sul;Sul;0;-27.1607;-53.4022;8965;55;America/Sao_Paulo
4323200;Victor Graeff;43;RS;Rio Grande do Sul;Sul;0;-28.5632;-52.7495;8969;54;America/Sao_Paulo
4323309;Vila Flores;43;RS;Rio Grande do Sul;Sul;0;-28.8598;-51.5504;7311;54;America/Sao_Paulo
4323358;Vila Lângaro;43;RS;Rio Grande do Sul;Sul;0;-28.1062;-52.1438;1030;54;America/Sao_Paulo
4323408;Vila Maria;43;RS;Rio Grande do Sul;Sul;0;-28.5359;-52.1486;7309;54;America/Sao_Paulo
4323457;Vila Nova do Sul;43;RS;Rio Grande do Sul;Sul;0;-30.3461;-53.876;5795;55;America/Sao_Paulo
4323507;Vista Alegre;43;RS;Rio Grande do Sul;Sul;0;-27.3686;-53.4919;7307;55;America/Sao_Paulo
4323606;Vista Alegre do Prata;43;RS;Rio Grande do Sul;Sul;0;-28.8052;-51.7947;7305;54;America/Sao_Paulo
4323705;Vista Gaúcha;43;RS;Rio Grande do Sul;Sul;0;-27.2902;-53.6974;7303;55;America/Sao_Paulo
4323754;Vitória das Missões;43;RS;Rio Grande do Sul;Sul;0;-28.3516;-54.504;6053;55;America/Sao_Paulo
4323770;Westfália;43;RS;Rio Grande do Sul;Sul;0;-29.4263;-51.7645;1176;51;America/Sao_Paulo
4323804;Xangri-lá;43;RS;Rio Grande do Sul;Sul;0;-29.8065;-50.0519;5785;51;America/Sao_Paulo
5000203;Água Clara;50;MS;Mato Grosso do Sul;Centro-Oeste;0;-20.4452;-52.879;9003;67;America/Porto_Velho
5000252;Alcinópolis;50;MS;Mato Grosso do Sul;Centro-Oeste;0;-18.3255;-53.7042;0141;67;America/Porto_Velho
5000609;Amambai;50;MS;Mato Grosso do Sul;Centro-Oeste;0;-23.1058;-55.2253;9011;67;America/Porto_Velho
5000708;Anastácio;50;MS;Mato Grosso do Sul;Centro-Oeste;0;-20.4823;-55.8104;9013;67;America/Porto_Velho
5000807;Anaurilândia;50;MS;Mato Grosso do Sul;Centro-Oeste;0;-22.1852;-52.7191;9015;67;America/Porto_Velho
5000856;Angélica;50;MS;Mato Grosso do Sul;Centro-Oeste;0;-22.1527;-53.7708;9169;67;America/Porto_Velho
5000906;Antônio João;50;MS;Mato Grosso do Sul;Centro-Oeste;0;-22.1927;-55.9517;9017;67;America/Porto_Velho
5001003;Aparecida do Taboado;50;MS;Mato Grosso do Sul;Centro-Oeste;0;-20.0873;-51.0961;9019;67;America/Porto_Velho
5001102;Aquidauana;50;MS;Mato Grosso do Sul;Centro-Oeste;0;-20.4666;-55.7868;9021;67;America/Porto_Velho
5001243;Aral Moreira;50;MS;Mato Grosso do Sul;Centro-Oeste;0;-22.9385;-55.6334;9171;67;America/Porto_Velho
5001508;Bandeirantes;50;MS;Mato Grosso do Sul;Centro-Oeste;0;-19.9275;-54.3585;9029;67;America/Porto_Velho
5001904;Bataguassu;50;MS;Mato Grosso do Sul;Centro-Oeste;0;-21.7159;-52.4221;9037;67;America/Porto_Velho
5002001;Batayporã;50;MS;Mato Grosso do Sul;Centro-Oeste;0;-22.2944;-53.2705;9039;67;America/Porto_Velho
5002100;Bela Vista;50;MS;Mato Grosso do Sul;Centro-Oeste;0;-22.1073;-56.5263;9041;67;America/Porto_Velho
5002159;Bodoquena;50;MS;Mato Grosso do Sul;Centro-Oeste;0;-20.537;-56.7127;9801;67;America/Porto_Velho
5002209;Bonito;50;MS;Mato Grosso do Sul;Centro-Oeste;0;-21.1261;-56.4836;9043;67;America/Porto_Velho
5002308;Brasilândia;50;MS;Mato Grosso do Sul;Centro-Oeste;0;-21.2544;-52.0365;9045;67;America/Porto_Velho
5002407;Caarapó;50;MS;Mato Grosso do Sul;Centro-Oeste;0;-22.6368;-54.8209;9055;67;America/Porto_Velho
5002605;Camapuã;50;MS;Mato Grosso do Sul;Centro-Oeste;0;-19.5347;-54.0431;9049;67;America/Porto_Velho
5002704;Campo Grande;50;MS;Mato Grosso do Sul;Centro-Oeste;1;-20.4486;-54.6295;9051;67;America/Porto_Velho
5002803;Caracol;50;MS;Mato Grosso do Sul;Centro-Oeste;0;-22.011;-57.0277;9053;67;America/Porto_Velho
5002902;Cassilândia;50;MS;Mato Grosso do Sul;Centro-Oeste;0;-19.1179;-51.7313;9057;67;America/Porto_Velho
5002951;Chapadão do Sul;50;MS;Mato Grosso do Sul;Centro-Oeste;0;-18.788;-52.6263;9787;67;America/Porto_Velho
5003108;Corguinho;50;MS;Mato Grosso do Sul;Centro-Oeste;0;-19.8243;-54.8281;9061;67;America/Porto_Velho
5003157;Coronel Sapucaia;50;MS;Mato Grosso do Sul;Centro-Oeste;0;-23.2724;-55.5278;9997;67;America/Porto_Velho
5003207;Corumbá;50;MS;Mato Grosso do Sul;Centro-Oeste;0;-19.0077;-57.651;9063;67;America/Porto_Velho
5003256;Costa Rica;50;MS;Mato Grosso do Sul;Centro-Oeste;0;-18.5432;-53.1287;9803;67;America/Porto_Velho
5003306;Coxim;50;MS;Mato Grosso do Sul;Centro-Oeste;0;-18.5013;-54.751;9065;67;America/Porto_Velho
5003454;Deodápolis;50;MS;Mato Grosso do Sul;Centro-Oeste;0;-22.2763;-54.1682;9175;67;America/Porto_Velho
5003488;Dois Irmãos do Buriti;50;MS;Mato Grosso do Sul;Centro-Oeste;0;-20.6848;-55.2915;9793;67;America/Porto_Velho
5003504;Douradina;50;MS;Mato Grosso do Sul;Centro-Oeste;0;-22.0405;-54.6158;9805;67;America/Porto_Velho
5003702;Dourados;50;MS;Mato Grosso do Sul;Centro-Oeste;0;-22.2231;-54.812;9073;67;America/Porto_Velho
5003751;Eldorado;50;MS;Mato Grosso do Sul;Centro-Oeste;0;-23.7868;-54.2838;9173;67;America/Porto_Velho
5003801;Fátima do Sul;50;MS;Mato Grosso do Sul;Centro-Oeste;0;-22.3789;-54.5131;9075;67;America/Porto_Velho
5003900;Figueirão;50;MS;Mato Grosso do Sul;Centro-Oeste;0;-18.6782;-53.638;1178;67;America/Porto_Velho
5004007;Glória de Dourados;50;MS;Mato Grosso do Sul;Centro-Oeste;0;-22.4136;-54.2335;9079;67;America/Porto_Velho
5004106;Guia Lopes da Laguna;50;MS;Mato Grosso do Sul;Centro-Oeste;0;-21.4583;-56.1117;9081;67;America/Porto_Velho
5004304;Iguatemi;50;MS;Mato Grosso do Sul;Centro-Oeste;0;-23.6736;-54.5637;9085;67;America/Porto_Velho
5004403;Inocência;50;MS;Mato Grosso do Sul;Centro-Oeste;0;-19.7277;-51.9281;9087;67;America/Porto_Velho
5004502;Itaporã;50;MS;Mato Grosso do Sul;Centro-Oeste;0;-22.08;-54.7934;9089;67;America/Porto_Velho
5004601;Itaquiraí;50;MS;Mato Grosso do Sul;Centro-Oeste;0;-23.4779;-54.187;9807;67;America/Porto_Velho
5004700;Ivinhema;50;MS;Mato Grosso do Sul;Centro-Oeste;0;-22.3046;-53.8184;9093;67;America/Porto_Velho
5004809;Japorã;50;MS;Mato Grosso do Sul;Centro-Oeste;0;-23.8903;-54.4059;0161;67;America/Porto_Velho
5004908;Jaraguari;50;MS;Mato Grosso do Sul;Centro-Oeste;0;-20.1386;-54.3996;9097;67;America/Porto_Velho
5005004;Jardim;50;MS;Mato Grosso do Sul;Centro-Oeste;0;-21.4799;-56.1489;9099;67;America/Porto_Velho
5005103;Jateí;50;MS;Mato Grosso do Sul;Centro-Oeste;0;-22.4806;-54.3079;9101;67;America/Porto_Velho
5005152;Juti;50;MS;Mato Grosso do Sul;Centro-Oeste;0;-22.8596;-54.6061;9923;67;America/Porto_Velho
5005202;Ladário;50;MS;Mato Grosso do Sul;Centro-Oeste;0;-19.0089;-57.5973;9103;67;America/Porto_Velho
5005251;Laguna Carapã;50;MS;Mato Grosso do Sul;Centro-Oeste;0;-22.5448;-55.1502;0163;67;America/Porto_Velho
5005400;Maracaju;50;MS;Mato Grosso do Sul;Centro-Oeste;0;-21.6105;-55.1678;9107;67;America/Porto_Velho
5005608;Miranda;50;MS;Mato Grosso do Sul;Centro-Oeste;0;-20.2355;-56.3746;9111;67;America/Porto_Velho
5005681;Mundo Novo;50;MS;Mato Grosso do Sul;Centro-Oeste;0;-23.9355;-54.281;9179;67;America/Porto_Velho
5005707;Naviraí;50;MS;Mato Grosso do Sul;Centro-Oeste;0;-23.0618;-54.1995;9113;67;America/Porto_Velho
5005806;Nioaque;50;MS;Mato Grosso do Sul;Centro-Oeste;0;-21.1419;-55.8296;9115;67;America/Porto_Velho
5006002;Nova Alvorada do Sul;50;MS;Mato Grosso do Sul;Centro-Oeste;0;-21.4657;-54.3825;0143;67;America/Porto_Velho
5006200;Nova Andradina;50;MS;Mato Grosso do Sul;Centro-Oeste;0;-22.238;-53.3437;9123;67;America/Porto_Velho
5006259;Novo Horizonte do Sul;50;MS;Mato Grosso do Sul;Centro-Oeste;0;-22.6693;-53.8601;0159;67;America/Porto_Velho
5006275;Paraíso das Águas;50;MS;Mato Grosso do Sul;Centro-Oeste;0;-19.0216;-53.0116;1196;67;America/Porto_Velho
5006309;Paranaíba;50;MS;Mato Grosso do Sul;Centro-Oeste;0;-19.6746;-51.1909;9125;67;America/Porto_Velho
5006358;Paranhos;50;MS;Mato Grosso do Sul;Centro-Oeste;0;-23.8911;-55.429;9739;67;America/Porto_Velho
5006408;Pedro Gomes;50;MS;Mato Grosso do Sul;Centro-Oeste;0;-18.0996;-54.5507;9127;67;America/Porto_Velho
5006606;Ponta Porã;50;MS;Mato Grosso do Sul;Centro-Oeste;0;-22.5296;-55.7203;9131;67;America/Porto_Velho
5006903;Porto Murtinho;50;MS;Mato Grosso do Sul;Centro-Oeste;0;-21.6981;-57.8836;9137;67;America/Porto_Velho
5007109;Ribas do Rio Pardo;50;MS;Mato Grosso do Sul;Centro-Oeste;0;-20.4445;-53.7588;9141;67;America/Porto_Velho
5007208;Rio Brilhante;50;MS;Mato Grosso do Sul;Centro-Oeste;0;-21.8033;-54.5427;9143;67;America/Porto_Velho
5007307;Rio Negro;50;MS;Mato Grosso do Sul;Centro-Oeste;0;-19.447;-54.9859;9145;67;America/Porto_Velho
5007406;Rio Verde de Mato Grosso;50;MS;Mato Grosso do Sul;Centro-Oeste;0;-18.9249;-54.8434;9147;67;America/Porto_Velho
5007505;Rochedo;50;MS;Mato Grosso do Sul;Centro-Oeste;0;-19.9565;-54.8848;9149;67;America/Porto_Velho
5007554;Santa Rita do Pardo;50;MS;Mato Grosso do Sul;Centro-Oeste;0;-21.3016;-52.8333;9745;67;America/Porto_Velho
5007695;São Gabriel do Oeste;50;MS;Mato Grosso do Sul;Centro-Oeste;0;-19.3889;-54.5507;9809;67;America/Porto_Velho
5007703;Sete Quedas;50;MS;Mato Grosso do Sul;Centro-Oeste;0;-23.9705;-55.0398;9813;67;America/Porto_Velho
5007802;Selvíria;50;MS;Mato Grosso do Sul;Centro-Oeste;0;-20.3637;-51.4192;9811;67;America/Porto_Velho
5007901;Sidrolândia;50;MS;Mato Grosso do Sul;Centro-Oeste;0;-20.9302;-54.9692;9157;67;America/Porto_Velho
5007935;Sonora;50;MS;Mato Grosso do Sul;Centro-Oeste;0;-17.5698;-54.7551;9757;67;America/Porto_Velho
5007950;Tacuru;50;MS;Mato Grosso do Sul;Centro-Oeste;0;-23.636;-55.0141;9815;67;America/Porto_Velho
5007976;Taquarussu;50;MS;Mato Grosso do Sul;Centro-Oeste;0;-22.4898;-53.3519;9817;67;America/Porto_Velho
5008008;Terenos;50;MS;Mato Grosso do Sul;Centro-Oeste;0;-20.4378;-54.8647;9159;67;America/Porto_Velho
5008305;Três Lagoas;50;MS;Mato Grosso do Sul;Centro-Oeste;0;-20.7849;-51.7007;9165;67;America/Porto_Velho
5008404;Vicentina;50;MS;Mato Grosso do Sul;Centro-Oeste;0;-22.4098;-54.4415;9187;67;America/Porto_Velho
5100102;Acorizal;51;MT;Mato Grosso;Centro-Oeste;0;-15.194;-56.3632;9001;65;America/Porto_Velho
5100201;Água Boa;51;MT;Mato Grosso;Centro-Oeste;0;-14.051;-52.1601;9191;66;America/Porto_Velho
5100250;Alta Floresta;51;MT;Mato Grosso;Centro-Oeste;0;-9.86674;-56.0867;8987;66;America/Porto_Velho
5100300;Alto Araguaia;51;MT;Mato Grosso;Centro-Oeste;0;-17.3153;-53.2181;9005;66;America/Porto_Velho
5100359;Alto Boa Vista;51;MT;Mato Grosso;Centro-Oeste;0;-11.6732;-51.3883;0127;66;America/Porto_Velho
5100409;Alto Garças;51;MT;Mato Grosso;Centro-Oeste;0;-16.9462;-53.5272;9007;66;America/Porto_Velho
5100508;Alto Paraguai;51;MT;Mato Grosso;Centro-Oeste;0;-14.5137;-56.4776;9009;65;America/Porto_Velho
5100607;Alto Taquari;51;MT;Mato Grosso;Centro-Oeste;0;-17.8241;-53.2792;9911;66;America/Porto_Velho
5100805;Apiacás;51;MT;Mato Grosso;Centro-Oeste;0;-9.53981;-57.4587;9773;66;America/Porto_Velho
5101001;Araguaiana;51;MT;Mato Grosso;Centro-Oeste;0;-15.7291;-51.8341;9869;66;America/Porto_Velho
5101209;Araguainha;51;MT;Mato Grosso;Centro-Oeste;0;-16.857;-53.0318;9023;66;America/Porto_Velho
5101258;Araputanga;51;MT;Mato Grosso;Centro-Oeste;0;-15.4641;-58.3425;8989;65;America/Porto_Velho
5101308;Arenápolis;51;MT;Mato Grosso;Centro-Oeste;0;-14.4472;-56.8437;9025;65;America/Porto_Velho
5101407;Aripuanã;51;MT;Mato Grosso;Centro-Oeste;0;-10.1723;-59.4568;9027;66;America/Porto_Velho
5101605;Barão de Melgaço;51;MT;Mato Grosso;Centro-Oeste;0;-16.2067;-55.9623;9031;65;America/Porto_Velho
5101704;Barra do Bugres;51;MT;Mato Grosso;Centro-Oeste;0;-15.0702;-57.1878;9033;65;America/Porto_Velho
5101803;Barra do Garças;51;MT;Mato Grosso;Centro-Oeste;0;-15.8804;-52.264;9035;66;America/Porto_Velho
5101837;Boa Esperança do Norte;51;MT;Mato Grosso;Centro-Oeste;0;-13.5067;-55.1486;1182;66;America/Porto_Velho
5101852;Bom Jesus do Araguaia;51;MT;Mato Grosso;Centro-Oeste;0;-12.1706;-51.5032;1078;66;America/Porto_Velho
5101902;Brasnorte;51;MT;Mato Grosso;Centro-Oeste;0;-12.1474;-57.9833;9873;66;America/Porto_Velho
5102504;Cáceres;51;MT;Mato Grosso;Centro-Oeste;0;-16.0764;-57.6818;9047;65;America/Porto_Velho
5102603;Campinápolis;51;MT;Mato Grosso;Centro-Oeste;0;-14.5162;-52.893;9863;66;America/Porto_Velho
5102637;Campo Novo do Parecis;51;MT;Mato Grosso;Centro-Oeste;0;-13.6587;-57.8907;9777;65;America/Porto_Velho
5102678;Campo Verde;51;MT;Mato Grosso;Centro-Oeste;0;-15.545;-55.1626;9779;66;America/Porto_Velho
5102686;Campos de Júlio;51;MT;Mato Grosso;Centro-Oeste;0;-13.7242;-59.2858;1032;65;America/Porto_Velho
5102694;Canabrava do Norte;51;MT;Mato Grosso;Centro-Oeste;0;-11.0556;-51.8209;0129;66;America/Porto_Velho
5102702;Canarana;51;MT;Mato Grosso;Centro-Oeste;0;-13.5515;-52.2705;9193;66;America/Porto_Velho
5102793;Carlinda;51;MT;Mato Grosso;Centro-Oeste;0;-9.94912;-55.8417;1034;66;America/Porto_Velho
5102850;Castanheira;51;MT;Mato Grosso;Centro-Oeste;0;-11.1251;-58.6081;9783;66;America/Porto_Velho
5103007;Chapada dos Guimarães;51;MT;Mato Grosso;Centro-Oeste;0;-15.4643;-55.7499;9059;65;America/Porto_Velho
5103056;Cláudia;51;MT;Mato Grosso;Centro-Oeste;0;-11.5075;-54.8835;9789;66;America/Porto_Velho
5103106;Cocalinho;51;MT;Mato Grosso;Centro-Oeste;0;-14.3903;-51.0001;9865;66;America/Porto_Velho
5103205;Colíder;51;MT;Mato Grosso;Centro-Oeste;0;-10.8135;-55.461;8979;66;America/Porto_Velho
5103254;Colniza;51;MT;Mato Grosso;Centro-Oeste;0;-9.46121;-59.2252;1080;66;America/Porto_Velho
5103304;Comodoro;51;MT;Mato Grosso;Centro-Oeste;0;-13.6614;-59.7848;9883;65;America/Porto_Velho
5103353;Confresa;51;MT;Mato Grosso;Centro-Oeste;0;-10.6437;-51.5699;0131;66;America/Porto_Velho
5103361;Conquista D'Oeste;51;MT;Mato Grosso;Centro-Oeste;0;-14.5381;-59.5444;1082;65;America/Porto_Velho
5103379;Cotriguaçu;51;MT;Mato Grosso;Centro-Oeste;0;-9.85656;-58.4192;0089;66;America/Porto_Velho
5103403;Cuiabá;51;MT;Mato Grosso;Centro-Oeste;1;-15.601;-56.0974;9067;65;America/Porto_Velho
5103437;Curvelândia;51;MT;Mato Grosso;Centro-Oeste;0;-15.6084;-57.9133;1084;65;America/Porto_Velho
5103452;Denise;51;MT;Mato Grosso;Centro-Oeste;0;-14.7324;-57.0583;9833;65;America/Porto_Velho
5103502;Diamantino;51;MT;Mato Grosso;Centro-Oeste;0;-14.4037;-56.4366;9069;65;America/Porto_Velho
5103601;Dom Aquino;51;MT;Mato Grosso;Centro-Oeste;0;-15.8099;-54.9223;9071;66;America/Porto_Velho
5103700;Feliz Natal;51;MT;Mato Grosso;Centro-Oeste;0;-12.385;-54.9227;1036;66;America/Porto_Velho
5103809;Figueirópolis D'Oeste;51;MT;Mato Grosso;Centro-Oeste;0;-15.4439;-58.7391;9881;65;America/Porto_Velho
5103858;Gaúcha do Norte;51;MT;Mato Grosso;Centro-Oeste;0;-13.2443;-53.0809;1038;66;America/Porto_Velho
5103908;General Carneiro;51;MT;Mato Grosso;Centro-Oeste;0;-15.7094;-52.7574;9077;66;America/Porto_Velho
5103957;Glória D'Oeste;51;MT;Mato Grosso;Centro-Oeste;0;-15.768;-58.3108;0135;65;America/Porto_Velho
5104104;Guarantã do Norte;51;MT;Mato Grosso;Centro-Oeste;0;-9.96218;-54.9121;9887;66;America/Porto_Velho
5104203;Guiratinga;51;MT;Mato Grosso;Centro-Oeste;0;-16.346;-53.7575;9083;66;America/Porto_Velho
5104500;Indiavaí;51;MT;Mato Grosso;Centro-Oeste;0;-15.4921;-58.5802;9877;65;America/Porto_Velho
5104526;Ipiranga do Norte;51;MT;Mato Grosso;Centro-Oeste;0;-12.2408;-56.1531;1184;65;America/Porto_Velho
5104542;Itanhangá;51;MT;Mato Grosso;Centro-Oeste;0;-12.2259;-56.6463;1186;66;America/Porto_Velho
5104559;Itaúba;51;MT;Mato Grosso;Centro-Oeste;0;-11.0614;-55.2766;9901;66;America/Porto_Velho
5104609;Itiquira;51;MT;Mato Grosso;Centro-Oeste;0;-17.2147;-54.1422;9091;65;America/Porto_Velho
5104807;Jaciara;51;MT;Mato Grosso;Centro-Oeste;0;-15.9548;-54.9733;9095;66;America/Porto_Velho
5104906;Jangada;51;MT;Mato Grosso;Centro-Oeste;0;-15.235;-56.4917;9861;65;America/Porto_Velho
5105002;Jauru;51;MT;Mato Grosso;Centro-Oeste;0;-15.3342;-58.8723;8991;65;America/Porto_Velho
5105101;Juara;51;MT;Mato Grosso;Centro-Oeste;0;-11.2639;-57.5244;9819;66;America/Porto_Velho
5105150;Juína;51;MT;Mato Grosso;Centro-Oeste;0;-11.3728;-58.7483;9831;66;America/Porto_Velho
5105176;Juruena;51;MT;Mato Grosso;Centro-Oeste;0;-10.3178;-58.3592;9921;66;America/Porto_Velho
5105200;Juscimeira;51;MT;Mato Grosso;Centro-Oeste;0;-16.0633;-54.8859;9189;66;America/Porto_Velho
5105234;Lambari D'Oeste;51;MT;Mato Grosso;Centro-Oeste;0;-15.3188;-58.0046;0137;65;America/Porto_Velho
5105259;Lucas do Rio Verde;51;MT;Mato Grosso;Centro-Oeste;0;-13.0588;-55.9042;9925;65;America/Porto_Velho
5105309;Luciara;51;MT;Mato Grosso;Centro-Oeste;0;-11.2219;-50.6676;9105;66;America/Porto_Velho
5105507;Vila Bela da Santíssima Trindade;51;MT;Mato Grosso;Centro-Oeste;0;-15.0068;-59.9504;9109;65;America/Porto_Velho
5105580;Marcelândia;51;MT;Mato Grosso;Centro-Oeste;0;-11.0463;-54.4377;9899;66;America/Porto_Velho
5105606;Matupá;51;MT;Mato Grosso;Centro-Oeste;0;-10.1821;-54.9467;9929;66;America/Porto_Velho
5105622;Mirassol d'Oeste;51;MT;Mato Grosso;Centro-Oeste;0;-15.6759;-58.0951;9177;65;America/Porto_Velho
5105903;Nobres;51;MT;Mato Grosso;Centro-Oeste;0;-14.7192;-56.3284;9117;65;America/Porto_Velho
5106000;Nortelândia;51;MT;Mato Grosso;Centro-Oeste;0;-14.454;-56.7945;9119;65;America/Porto_Velho
5106109;Nossa Senhora do Livramento;51;MT;Mato Grosso;Centro-Oeste;0;-15.772;-56.3432;9121;65;America/Porto_Velho
5106158;Nova Bandeirantes;51;MT;Mato Grosso;Centro-Oeste;0;-9.84977;-57.8139;0117;66;America/Porto_Velho
5106174;Nova Nazaré;51;MT;Mato Grosso;Centro-Oeste;0;-13.9486;-51.8002;1086;66;America/Porto_Velho
5106182;Nova Lacerda;51;MT;Mato Grosso;Centro-Oeste;0;-14.4727;-59.6001;1040;65;America/Porto_Velho
5106190;Nova Santa Helena;51;MT;Mato Grosso;Centro-Oeste;0;-10.8651;-55.1872;1088;66;America/Porto_Velho
5106208;Nova Brasilândia;51;MT;Mato Grosso;Centro-Oeste;0;-14.9612;-54.9685;8981;66;America/Porto_Velho
5106216;Nova Canaã do Norte;51;MT;Mato Grosso;Centro-Oeste;0;-10.558;-55.953;9889;66;America/Porto_Velho
5106224;Nova Mutum;51;MT;Mato Grosso;Centro-Oeste;0;-13.8374;-56.0743;9937;65;America/Porto_Velho
5106232;Nova Olímpia;51;MT;Mato Grosso;Centro-Oeste;0;-14.7889;-57.2886;9893;65;America/Porto_Velho
5106240;Nova Ubiratã;51;MT;Mato Grosso;Centro-Oeste;0;-12.9834;-55.2556;1042;66;America/Porto_Velho
5106257;Nova Xavantina;51;MT;Mato Grosso;Centro-Oeste;0;-14.6771;-52.3502;9195;66;America/Porto_Velho
5106265;Novo Mundo;51;MT;Mato Grosso;Centro-Oeste;0;-9.95616;-55.2029;1044;66;America/Porto_Velho
5106273;Novo Horizonte do Norte;51;MT;Mato Grosso;Centro-Oeste;0;-11.4089;-57.3488;9903;66;America/Porto_Velho
5106281;Novo São Joaquim;51;MT;Mato Grosso;Centro-Oeste;0;-14.9054;-53.0194;9867;66;America/Porto_Velho
5106299;Paranaíta;51;MT;Mato Grosso;Centro-Oeste;0;-9.65835;-56.4786;9885;66;America/Porto_Velho
5106307;Paranatinga;51;MT;Mato Grosso;Centro-Oeste;0;-14.4265;-54.0524;8983;66;America/Porto_Velho
5106315;Novo Santo Antônio;51;MT;Mato Grosso;Centro-Oeste;0;-12.2875;-50.9686;1090;66;America/Porto_Velho
5106372;Pedra Preta;51;MT;Mato Grosso;Centro-Oeste;0;-16.6245;-54.4722;9181;66;America/Porto_Velho
5106422;Peixoto de Azevedo;51;MT;Mato Grosso;Centro-Oeste;0;-10.2262;-54.9794;9891;66;America/Porto_Velho
5106455;Planalto da Serra;51;MT;Mato Grosso;Centro-Oeste;0;-14.6518;-54.7819;0091;66;America/Porto_Velho
5106505;Poconé;51;MT;Mato Grosso;Centro-Oeste;0;-16.266;-56.6261;9129;65;America/Porto_Velho
5106653;Pontal do Araguaia;51;MT;Mato Grosso;Centro-Oeste;0;-15.9274;-52.3273;0095;66;America/Porto_Velho
5106703;Ponte Branca;51;MT;Mato Grosso;Centro-Oeste;0;-16.7584;-52.8369;9133;66;America/Porto_Velho
5106752;Pontes e Lacerda;51;MT;Mato Grosso;Centro-Oeste;0;-15.2219;-59.3435;8999;65;America/Porto_Velho
5106778;Porto Alegre do Norte;51;MT;Mato Grosso;Centro-Oeste;0;-10.8761;-51.6357;9895;66;America/Porto_Velho
5106802;Porto dos Gaúchos;51;MT;Mato Grosso;Centro-Oeste;0;-11.533;-57.4132;9135;66;America/Porto_Velho
5106828;Porto Esperidião;51;MT;Mato Grosso;Centro-Oeste;0;-15.857;-58.4619;9875;65;America/Porto_Velho
5106851;Porto Estrela;51;MT;Mato Grosso;Centro-Oeste;0;-15.3235;-57.2204;0101;65;America/Porto_Velho
5107008;Poxoréu;51;MT;Mato Grosso;Centro-Oeste;0;-15.8299;-54.4208;9139;66;America/Porto_Velho
5107040;Primavera do Leste;51;MT;Mato Grosso;Centro-Oeste;0;-15.544;-54.2811;9871;66;America/Porto_Velho
5107065;Querência;51;MT;Mato Grosso;Centro-Oeste;0;-12.6093;-52.1821;0097;66;America/Porto_Velho
5107107;São José dos Quatro Marcos;51;MT;Mato Grosso;Centro-Oeste;0;-15.6276;-58.1772;8993;65;America/Porto_Velho
5107156;Reserva do Cabaçal;51;MT;Mato Grosso;Centro-Oeste;0;-15.0743;-58.4585;9879;65;America/Porto_Velho
5107180;Ribeirão Cascalheira;51;MT;Mato Grosso;Centro-Oeste;0;-12.9367;-51.8244;9741;66;America/Porto_Velho
5107198;Ribeirãozinho;51;MT;Mato Grosso;Centro-Oeste;0;-16.4856;-52.6924;0099;66;America/Porto_Velho
5107206;Rio Branco;51;MT;Mato Grosso;Centro-Oeste;0;-15.2483;-58.1259;8995;65;America/Porto_Velho
5107248;Santa Carmem;51;MT;Mato Grosso;Centro-Oeste;0;-11.9125;-55.2263;0123;66;America/Porto_Velho
5107263;Santo Afonso;51;MT;Mato Grosso;Centro-Oeste;0;-14.4945;-57.0091;0115;65;America/Porto_Velho
5107297;São José do Povo;51;MT;Mato Grosso;Centro-Oeste;0;-16.4549;-54.2487;6087;66;America/Porto_Velho
5107305;São José do Rio Claro;51;MT;Mato Grosso;Centro-Oeste;0;-13.4398;-56.7218;9199;65;America/Porto_Velho
5107354;São José do Xingu;51;MT;Mato Grosso;Centro-Oeste;0;-10.7982;-52.7486;0133;66;America/Porto_Velho
5107404;São Pedro da Cipa;51;MT;Mato Grosso;Centro-Oeste;0;-16.0109;-54.9176;0093;66;America/Porto_Velho
5107578;Rondolândia;51;MT;Mato Grosso;Centro-Oeste;0;-10.8376;-61.4697;1092;66;America/Porto_Velho
5107602;Rondonópolis;51;MT;Mato Grosso;Centro-Oeste;0;-16.4673;-54.6372;9151;66;America/Porto_Velho
5107701;Rosário Oeste;51;MT;Mato Grosso;Centro-Oeste;0;-14.8259;-56.4236;9153;65;America/Porto_Velho
5107743;Santa Cruz do Xingu;51;MT;Mato Grosso;Centro-Oeste;0;-10.1532;-52.3953;1094;66;America/Porto_Velho
5107750;Salto do Céu;51;MT;Mato Grosso;Centro-Oeste;0;-15.1303;-58.1317;8997;65;America/Porto_Velho
5107768;Santa Rita do Trivelato;51;MT;Mato Grosso;Centro-Oeste;0;-13.8146;-55.2706;1096;65;America/Porto_Velho
5107776;Santa Terezinha;51;MT;Mato Grosso;Centro-Oeste;0;-10.4704;-50.514;9197;66;America/Porto_Velho
5107792;Santo Antônio do Leste;51;MT;Mato Grosso;Centro-Oeste;0;-14.805;-53.6075;1098;66;America/Porto_Velho
5107800;Santo Antônio do Leverger;51;MT;Mato Grosso;Centro-Oeste;0;-15.8632;-56.0788;9155;65;America/Porto_Velho
5107859;São Félix do Araguaia;51;MT;Mato Grosso;Centro-Oeste;0;-11.615;-50.6706;9183;66;America/Porto_Velho
5107875;Sapezal;51;MT;Mato Grosso;Centro-Oeste;0;-12.9892;-58.7645;1046;65;America/Porto_Velho
5107883;Serra Nova Dourada;51;MT;Mato Grosso;Centro-Oeste;0;-12.0896;-51.4025;1100;66;America/Porto_Velho
5107909;Sinop;51;MT;Mato Grosso;Centro-Oeste;0;-11.8604;-55.5091;8985;66;America/Porto_Velho
5107925;Sorriso;51;MT;Mato Grosso;Centro-Oeste;0;-12.5425;-55.7211;9907;66;America/Porto_Velho
5107941;Tabaporã;51;MT;Mato Grosso;Centro-Oeste;0;-11.3007;-56.8312;0125;66;America/Porto_Velho
5107958;Tangará da Serra;51;MT;Mato Grosso;Centro-Oeste;0;-14.6229;-57.4933;9185;65;America/Porto_Velho
5108006;Tapurah;51;MT;Mato Grosso;Centro-Oeste;0;-12.695;-56.5178;9763;66;America/Porto_Velho
5108055;Terra Nova do Norte;51;MT;Mato Grosso;Centro-Oeste;0;-10.517;-55.231;9909;66;America/Porto_Velho
5108105;Tesouro;51;MT;Mato Grosso;Centro-Oeste;0;-16.0809;-53.559;9161;66;America/Porto_Velho
5108204;Torixoréu;51;MT;Mato Grosso;Centro-Oeste;0;-16.2006;-52.5571;9163;66;America/Porto_Velho
5108303;União do Sul;51;MT;Mato Grosso;Centro-Oeste;0;-11.5308;-54.3616;1048;66;America/Porto_Velho
5108352;Vale de São Domingos;51;MT;Mato Grosso;Centro-Oeste;0;-15.286;-59.0683;1102;65;America/Porto_Velho
5108402;Várzea Grande;51;MT;Mato Grosso;Centro-Oeste;0;-15.6458;-56.1322;9167;65;America/Porto_Velho
5108501;Vera;51;MT;Mato Grosso;Centro-Oeste;0;-12.3017;-55.3045;9905;66;America/Porto_Velho
5108600;Vila Rica;51;MT;Mato Grosso;Centro-Oeste;0;-10.0137;-51.1186;9897;66;America/Porto_Velho
5108808;Nova Guarita;51;MT;Mato Grosso;Centro-Oeste;0;-10.312;-55.4061;0121;66;America/Porto_Velho
5108857;Nova Marilândia;51;MT;Mato Grosso;Centro-Oeste;0;-14.3568;-56.9696;0103;65;America/Porto_Velho
5108907;Nova Maringá;51;MT;Mato Grosso;Centro-Oeste;0;-13.0136;-57.0908;0111;66;America/Porto_Velho
5108956;Nova Monte Verde;51;MT;Mato Grosso;Centro-Oeste;0;-9.99998;-57.5261;0119;66;America/Porto_Velho
5200050;Abadia de Goiás;52;GO;Goiás;Centro-Oeste;0;-16.7573;-49.4412;1050;62;America/Sao_Paulo
5200100;Abadiânia;52;GO;Goiás;Centro-Oeste;0;-16.197;-48.7057;9201;62;America/Sao_Paulo
5200134;Acreúna;52;GO;Goiás;Centro-Oeste;0;-17.396;-50.3749;9645;64;America/Sao_Paulo
5200159;Adelândia;52;GO;Goiás;Centro-Oeste;0;-16.4127;-50.1657;9769;64;America/Sao_Paulo
5200175;Água Fria de Goiás;52;GO;Goiás;Centro-Oeste;0;-14.9778;-47.7823;9771;62;America/Sao_Paulo
5200209;Água Limpa;52;GO;Goiás;Centro-Oeste;0;-18.0771;-48.7603;9203;64;America/Sao_Paulo
5200258;Águas Lindas de Goiás;52;GO;Goiás;Centro-Oeste;0;-15.7617;-48.2816;1052;61;America/Sao_Paulo
5200308;Alexânia;52;GO;Goiás;Centro-Oeste;0;-16.0834;-48.5076;9205;62;America/Sao_Paulo
5200506;Aloândia;52;GO;Goiás;Centro-Oeste;0;-17.7292;-49.4769;9209;64;America/Sao_Paulo
5200555;Alto Horizonte;52;GO;Goiás;Centro-Oeste;0;-14.1978;-49.3378;0085;62;America/Sao_Paulo
5200605;Alto Paraíso de Goiás;52;GO;Goiás;Centro-Oeste;0;-14.1305;-47.51;9211;62;America/Sao_Paulo
5200803;Alvorada do Norte;52;GO;Goiás;Centro-Oeste;0;-14.4797;-46.491;9215;62;America/Sao_Paulo
5200829;Amaralina;52;GO;Goiás;Centro-Oeste;0;-13.9236;-49.2962;1054;62;America/Sao_Paulo
5200852;Americano do Brasil;52;GO;Goiás;Centro-Oeste;0;-16.2514;-49.9831;9661;64;America/Sao_Paulo
5200902;Amorinópolis;52;GO;Goiás;Centro-Oeste;0;-16.6151;-51.0919;9217;64;America/Sao_Paulo
5201108;Anápolis;52;GO;Goiás;Centro-Oeste;0;-16.3281;-48.953;9221;62;America/Sao_Paulo
5201207;Anhanguera;52;GO;Goiás;Centro-Oeste;0;-18.3339;-48.2204;9223;64;America/Sao_Paulo
5201306;Anicuns;52;GO;Goiás;Centro-Oeste;0;-16.4642;-49.9617;9225;64;America/Sao_Paulo
5201405;Aparecida de Goiânia;52;GO;Goiás;Centro-Oeste;0;-16.8198;-49.2469;9227;62;America/Sao_Paulo
5201454;Aparecida do Rio Doce;52;GO;Goiás;Centro-Oeste;0;-18.2941;-51.1516;0071;64;America/Sao_Paulo
5201504;Aporé;52;GO;Goiás;Centro-Oeste;0;-18.9607;-51.9232;9229;64;America/Sao_Paulo
5201603;Araçu;52;GO;Goiás;Centro-Oeste;0;-16.3563;-49.6804;9231;62;America/Sao_Paulo
5201702;Aragarças;52;GO;Goiás;Centro-Oeste;0;-15.8955;-52.2372;9233;64;America/Sao_Paulo
5201801;Aragoiânia;52;GO;Goiás;Centro-Oeste;0;-16.9087;-49.4476;9235;62;America/Sao_Paulo
5202155;Araguapaz;52;GO;Goiás;Centro-Oeste;0;-15.0909;-50.6315;9669;62;America/Sao_Paulo
5202353;Arenópolis;52;GO;Goiás;Centro-Oeste;0;-16.3837;-51.5563;9671;64;America/Sao_Paulo
5202502;Aruanã;52;GO;Goiás;Centro-Oeste;0;-14.9166;-51.075;9249;62;America/Sao_Paulo
5202601;Aurilândia;52;GO;Goiás;Centro-Oeste;0;-16.6773;-50.4641;9251;64;America/Sao_Paulo
5202809;Avelinópolis;52;GO;Goiás;Centro-Oeste;0;-16.4672;-49.7579;9255;64;America/Sao_Paulo
5203104;Baliza;52;GO;Goiás;Centro-Oeste;0;-16.1966;-52.5393;9261;64;America/Sao_Paulo
5203203;Barro Alto;52;GO;Goiás;Centro-Oeste;0;-14.9658;-48.9086;9263;62;America/Sao_Paulo
5203302;Bela Vista de Goiás;52;GO;Goiás;Centro-Oeste;0;-16.9693;-48.9513;9265;62;America/Sao_Paulo
5203401;Bom Jardim de Goiás;52;GO;Goiás;Centro-Oeste;0;-16.2063;-52.1728;9267;64;America/Sao_Paulo
5203500;Bom Jesus de Goiás;52;GO;Goiás;Centro-Oeste;0;-18.2173;-49.74;9269;64;America/Sao_Paulo
5203559;Bonfinópolis;52;GO;Goiás;Centro-Oeste;0;-16.6173;-48.9616;9775;62;America/Sao_Paulo
5203575;Bonópolis;52;GO;Goiás;Centro-Oeste;0;-13.6329;-49.8106;1056;62;America/Sao_Paulo
5203609;Brazabrantes;52;GO;Goiás;Centro-Oeste;0;-16.4281;-49.3863;9271;62;America/Sao_Paulo
5203807;Britânia;52;GO;Goiás;Centro-Oeste;0;-15.2428;-51.1602;9275;62;America/Sao_Paulo
5203906;Buriti Alegre;52;GO;Goiás;Centro-Oeste;0;-18.1378;-49.0404;9277;64;America/Sao_Paulo
5203939;Buriti de Goiás;52;GO;Goiás;Centro-Oeste;0;-16.1792;-50.4302;0063;64;America/Sao_Paulo
5203962;Buritinópolis;52;GO;Goiás;Centro-Oeste;0;-14.4772;-46.4076;0061;62;America/Sao_Paulo
5204003;Cabeceiras;52;GO;Goiás;Centro-Oeste;0;-15.7995;-46.9265;9279;61;America/Sao_Paulo
5204102;Cachoeira Alta;52;GO;Goiás;Centro-Oeste;0;-18.7618;-50.9432;9281;64;America/Sao_Paulo
5204201;Cachoeira de Goiás;52;GO;Goiás;Centro-Oeste;0;-16.6635;-50.646;9283;64;America/Sao_Paulo
5204250;Cachoeira Dourada;52;GO;Goiás;Centro-Oeste;0;-18.4859;-49.4766;9673;64;America/Sao_Paulo
5204300;Caçu;52;GO;Goiás;Centro-Oeste;0;-18.5594;-51.1328;9285;64;America/Sao_Paulo
5204409;Caiapônia;52;GO;Goiás;Centro-Oeste;0;-16.9539;-51.8091;9287;64;America/Sao_Paulo
5204508;Caldas Novas;52;GO;Goiás;Centro-Oeste;0;-17.7441;-48.6246;9289;64;America/Sao_Paulo
5204557;Caldazinha;52;GO;Goiás;Centro-Oeste;0;-16.7117;-49.0013;0031;62;America/Sao_Paulo
5204607;Campestre de Goiás;52;GO;Goiás;Centro-Oeste;0;-16.7624;-49.695;9291;62;America/Sao_Paulo
5204656;Campinaçu;52;GO;Goiás;Centro-Oeste;0;-13.787;-48.5704;9687;62;America/Sao_Paulo
5204706;Campinorte;52;GO;Goiás;Centro-Oeste;0;-14.3137;-49.1511;9293;62;America/Sao_Paulo
5204805;Campo Alegre de Goiás;52;GO;Goiás;Centro-Oeste;0;-17.6363;-47.7768;9295;64;America/Sao_Paulo
5204854;Campo Limpo de Goiás;52;GO;Goiás;Centro-Oeste;0;-16.2971;-49.0895;1070;62;America/Sao_Paulo
5204904;Campos Belos;52;GO;Goiás;Centro-Oeste;0;-13.035;-46.7681;9297;62;America/Sao_Paulo
5204953;Campos Verdes;52;GO;Goiás;Centro-Oeste;0;-14.2442;-49.6528;9781;62;America/Sao_Paulo
5205000;Carmo do Rio Verde;52;GO;Goiás;Centro-Oeste;0;-15.3549;-49.708;9299;62;America/Sao_Paulo
5205059;Castelândia;52;GO;Goiás;Centro-Oeste;0;-18.0921;-50.203;0081;64;America/Sao_Paulo
5205109;Catalão;52;GO;Goiás;Centro-Oeste;0;-18.1656;-47.944;9301;64;America/Sao_Paulo
5205208;Caturaí;52;GO;Goiás;Centro-Oeste;0;-16.4447;-49.4936;9303;62;America/Sao_Paulo
5205307;Cavalcante;52;GO;Goiás;Centro-Oeste;0;-13.7976;-47.4566;9305;62;America/Sao_Paulo
5205406;Ceres;52;GO;Goiás;Centro-Oeste;0;-15.3061;-49.6;9307;62;America/Sao_Paulo
5205455;Cezarina;52;GO;Goiás;Centro-Oeste;0;-16.9718;-49.7758;9785;64;America/Sao_Paulo
5205471;Chapadão do Céu;52;GO;Goiás;Centro-Oeste;0;-18.4073;-52.549;0073;64;America/Sao_Paulo
5205497;Cidade Ocidental;52;GO;Goiás;Centro-Oeste;0;-16.0765;-47.9252;0077;61;America/Sao_Paulo
5205513;Cocalzinho de Goiás;52;GO;Goiás;Centro-Oeste;0;-15.7914;-48.7747;0055;62;America/Sao_Paulo
5205521;Colinas do Sul;52;GO;Goiás;Centro-Oeste;0;-14.1528;-48.076;9791;62;America/Sao_Paulo
5205703;Córrego do Ouro;52;GO;Goiás;Centro-Oeste;0;-16.2918;-50.5503;9315;64;America/Sao_Paulo
5205802;Corumbá de Goiás;52;GO;Goiás;Centro-Oeste;0;-15.9245;-48.8117;9317;62;America/Sao_Paulo
5205901;Corumbaíba;52;GO;Goiás;Centro-Oeste;0;-18.1415;-48.5626;9319;64;America/Sao_Paulo
5206206;Cristalina;52;GO;Goiás;Centro-Oeste;0;-16.7676;-47.6131;9325;61;America/Sao_Paulo
5206305;Cristianópolis;52;GO;Goiás;Centro-Oeste;0;-17.1987;-48.7034;9327;64;America/Sao_Paulo
5206404;Crixás;52;GO;Goiás;Centro-Oeste;0;-14.5412;-49.974;9329;62;America/Sao_Paulo
5206503;Cromínia;52;GO;Goiás;Centro-Oeste;0;-17.2883;-49.3798;9331;64;America/Sao_Paulo
5206602;Cumari;52;GO;Goiás;Centro-Oeste;0;-18.2644;-48.1511;9333;64;America/Sao_Paulo
5206701;Damianópolis;52;GO;Goiás;Centro-Oeste;0;-14.5604;-46.178;9335;62;America/Sao_Paulo
5206800;Damolândia;52;GO;Goiás;Centro-Oeste;0;-16.2544;-49.3631;9337;62;America/Sao_Paulo
5206909;Davinópolis;52;GO;Goiás;Centro-Oeste;0;-18.1501;-47.5568;9339;64;America/Sao_Paulo
5207105;Diorama;52;GO;Goiás;Centro-Oeste;0;-16.2329;-51.2543;9343;64;America/Sao_Paulo
5207253;Doverlândia;52;GO;Goiás;Centro-Oeste;0;-16.7188;-52.3189;9675;64;America/Sao_Paulo
5207352;Edealina;52;GO;Goiás;Centro-Oeste;0;-17.4239;-49.6644;9795;64;America/Sao_Paulo
5207402;Edéia;52;GO;Goiás;Centro-Oeste;0;-17.3406;-49.9295;9349;64;America/Sao_Paulo
5207501;Estrela do Norte;52;GO;Goiás;Centro-Oeste;0;-13.8665;-49.0716;9351;62;America/Sao_Paulo
5207535;Faina;52;GO;Goiás;Centro-Oeste;0;-15.4473;-50.3622;9797;62;America/Sao_Paulo
5207600;Fazenda Nova;52;GO;Goiás;Centro-Oeste;0;-16.1834;-50.7781;9353;62;America/Sao_Paulo
5207808;Firminópolis;52;GO;Goiás;Centro-Oeste;0;-16.5778;-50.304;9357;64;America/Sao_Paulo
5207907;Flores de Goiás;52;GO;Goiás;Centro-Oeste;0;-14.4451;-47.0417;9359;62;America/Sao_Paulo
5208004;Formosa;52;GO;Goiás;Centro-Oeste;0;-15.54;-47.337;9361;61;America/Sao_Paulo
5208103;Formoso;52;GO;Goiás;Centro-Oeste;0;-13.6499;-48.8775;9363;62;America/Sao_Paulo
5208152;Gameleira de Goiás;52;GO;Goiás;Centro-Oeste;0;-16.4854;-48.6454;1072;62;America/Sao_Paulo
5208301;Divinópolis de Goiás;52;GO;Goiás;Centro-Oeste;0;-13.2853;-46.3999;9309;62;America/Sao_Paulo
5208400;Goianápolis;52;GO;Goiás;Centro-Oeste;0;-16.5098;-49.0234;9367;62;America/Sao_Paulo
5208509;Goiandira;52;GO;Goiás;Centro-Oeste;0;-18.1352;-48.0875;9369;64;America/Sao_Paulo
5208608;Goianésia;52;GO;Goiás;Centro-Oeste;0;-15.3118;-49.1162;9371;62;America/Sao_Paulo
5208707;Goiânia;52;GO;Goiás;Centro-Oeste;1;-16.6864;-49.2643;9373;62;America/Sao_Paulo
5208806;Goianira;52;GO;Goiás;Centro-Oeste;0;-16.4947;-49.427;9375;62;America/Sao_Paulo
5208905;Goiás;52;GO;Goiás;Centro-Oeste;0;-15.9333;-50.14;9377;62;America/Sao_Paulo
5209101;Goiatuba;52;GO;Goiás;Centro-Oeste;0;-18.0105;-49.3658;9379;64;America/Sao_Paulo
5209150;Gouvelândia;52;GO;Goiás;Centro-Oeste;0;-18.6238;-50.0805;9799;64;America/Sao_Paulo
5209200;Guapó;52;GO;Goiás;Centro-Oeste;0;-16.8297;-49.5345;9381;62;America/Sao_Paulo
5209291;Guaraíta;52;GO;Goiás;Centro-Oeste;0;-15.6121;-50.0265;0065;62;America/Sao_Paulo
5209408;Guarani de Goiás;52;GO;Goiás;Centro-Oeste;0;-13.9421;-46.4868;9383;62;America/Sao_Paulo
5209457;Guarinos;52;GO;Goiás;Centro-Oeste;0;-14.7292;-49.7006;9993;62;America/Sao_Paulo
5209606;Heitoraí;52;GO;Goiás;Centro-Oeste;0;-15.719;-49.8268;9387;62;America/Sao_Paulo
5209705;Hidrolândia;52;GO;Goiás;Centro-Oeste;0;-16.9626;-49.2265;9389;62;America/Sao_Paulo
5209804;Hidrolina;52;GO;Goiás;Centro-Oeste;0;-14.7261;-49.4634;9391;62;America/Sao_Paulo
5209903;Iaciara;52;GO;Goiás;Centro-Oeste;0;-14.1011;-46.6335;9393;62;America/Sao_Paulo
5209937;Inaciolândia;52;GO;Goiás;Centro-Oeste;0;-18.4869;-49.9888;0069;64;America/Sao_Paulo
5209952;Indiara;52;GO;Goiás;Centro-Oeste;0;-17.1387;-49.9862;9681;64;America/Sao_Paulo
5210000;Inhumas;52;GO;Goiás;Centro-Oeste;0;-16.3611;-49.5001;9395;62;America/Sao_Paulo
5210109;Ipameri;52;GO;Goiás;Centro-Oeste;0;-17.7215;-48.1581;9397;64;America/Sao_Paulo
5210158;Ipiranga de Goiás;52;GO;Goiás;Centro-Oeste;0;-15.1689;-49.6695;1074;62;America/Sao_Paulo
5210208;Iporá;52;GO;Goiás;Centro-Oeste;0;-16.4398;-51.118;9399;64;America/Sao_Paulo
5210307;Israelândia;52;GO;Goiás;Centro-Oeste;0;-16.3144;-50.9087;9401;64;America/Sao_Paulo
5210406;Itaberaí;52;GO;Goiás;Centro-Oeste;0;-16.0206;-49.806;9403;62;America/Sao_Paulo
5210562;Itaguari;52;GO;Goiás;Centro-Oeste;0;-15.918;-49.6071;9919;62;America/Sao_Paulo
5210604;Itaguaru;52;GO;Goiás;Centro-Oeste;0;-15.7565;-49.6354;9407;62;America/Sao_Paulo
5210802;Itajá;52;GO;Goiás;Centro-Oeste;0;-19.0673;-51.5495;9411;64;America/Sao_Paulo
5210901;Itapaci;52;GO;Goiás;Centro-Oeste;0;-14.9522;-49.5511;9413;62;America/Sao_Paulo
5211008;Itapirapuã;52;GO;Goiás;Centro-Oeste;0;-15.8205;-50.6094;9415;62;America/Sao_Paulo
5211206;Itapuranga;52;GO;Goiás;Centro-Oeste;0;-15.5606;-49.949;9419;62;America/Sao_Paulo
5211305;Itarumã;52;GO;Goiás;Centro-Oeste;0;-18.7646;-51.3485;9421;64;America/Sao_Paulo
5211404;Itauçu;52;GO;Goiás;Centro-Oeste;0;-16.2029;-49.6109;9423;62;America/Sao_Paulo
5211503;Itumbiara;52;GO;Goiás;Centro-Oeste;0;-18.4093;-49.2158;9425;64;America/Sao_Paulo
5211602;Ivolândia;52;GO;Goiás;Centro-Oeste;0;-16.5995;-50.7921;9427;64;America/Sao_Paulo
5211701;Jandaia;52;GO;Goiás;Centro-Oeste;0;-17.0481;-50.1453;9429;64;America/Sao_Paulo
5211800;Jaraguá;52;GO;Goiás;Centro-Oeste;0;-15.7529;-49.3344;9431;62;America/Sao_Paulo
5211909;Jataí;52;GO;Goiás;Centro-Oeste;0;-17.8784;-51.7204;9433;64;America/Sao_Paulo
5212006;Jaupaci;52;GO;Goiás;Centro-Oeste;0;-16.1773;-50.9508;9435;64;America/Sao_Paulo
5212055;Jesúpolis;52;GO;Goiás;Centro-Oeste;0;-15.9484;-49.3739;0049;62;America/Sao_Paulo
5212105;Joviânia;52;GO;Goiás;Centro-Oeste;0;-17.802;-49.6197;9437;64;America/Sao_Paulo
5212204;Jussara;52;GO;Goiás;Centro-Oeste;0;-15.8659;-50.8668;9439;62;America/Sao_Paulo
5212253;Lagoa Santa;52;GO;Goiás;Centro-Oeste;0;-19.1832;-51.3998;1076;64;America/Sao_Paulo
5212303;Leopoldo de Bulhões;52;GO;Goiás;Centro-Oeste;0;-16.619;-48.7428;9443;62;America/Sao_Paulo
5212501;Luziânia;52;GO;Goiás;Centro-Oeste;0;-16.253;-47.95;9445;61;America/Sao_Paulo
5212600;Mairipotaba;52;GO;Goiás;Centro-Oeste;0;-17.2975;-49.4898;9447;64;America/Sao_Paulo
5212709;Mambaí;52;GO;Goiás;Centro-Oeste;0;-14.4823;-46.1165;9449;62;America/Sao_Paulo
5212808;Mara Rosa;52;GO;Goiás;Centro-Oeste;0;-14.0148;-49.1777;9451;62;America/Sao_Paulo
5212907;Marzagão;52;GO;Goiás;Centro-Oeste;0;-17.983;-48.6415;9453;64;America/Sao_Paulo
5212956;Matrinchã;52;GO;Goiás;Centro-Oeste;0;-15.4342;-50.7456;9927;62;America/Sao_Paulo
5213004;Maurilândia;52;GO;Goiás;Centro-Oeste;0;-17.9719;-50.3388;9457;64;America/Sao_Paulo
5213053;Mimoso de Goiás;52;GO;Goiás;Centro-Oeste;0;-15.0515;-48.1611;9931;62;America/Sao_Paulo
5213087;Minaçu;52;GO;Goiás;Centro-Oeste;0;-13.5304;-48.2206;9647;62;America/Sao_Paulo
5213103;Mineiros;52;GO;Goiás;Centro-Oeste;0;-17.5654;-52.5537;9459;64;America/Sao_Paulo
5213400;Moiporá;52;GO;Goiás;Centro-Oeste;0;-16.5434;-50.739;9465;64;America/Sao_Paulo
5213509;Monte Alegre de Goiás;52;GO;Goiás;Centro-Oeste;0;-13.2552;-46.8928;9467;62;America/Sao_Paulo
5213707;Montes Claros de Goiás;52;GO;Goiás;Centro-Oeste;0;-16.0059;-51.3979;9471;62;America/Sao_Paulo
5213756;Montividiu;52;GO;Goiás;Centro-Oeste;0;-17.4439;-51.1728;9933;64;America/Sao_Paulo
5213772;Montividiu do Norte;52;GO;Goiás;Centro-Oeste;0;-13.3485;-48.6853;0079;62;America/Sao_Paulo
5213806;Morrinhos;52;GO;Goiás;Centro-Oeste;0;-17.7334;-49.1059;9473;64;America/Sao_Paulo
5213855;Morro Agudo de Goiás;52;GO;Goiás;Centro-Oeste;0;-15.3184;-50.0553;9935;62;America/Sao_Paulo
5213905;Mossâmedes;52;GO;Goiás;Centro-Oeste;0;-16.124;-50.2136;9475;64;America/Sao_Paulo
5214002;Mozarlândia;52;GO;Goiás;Centro-Oeste;0;-14.7457;-50.5713;9477;62;America/Sao_Paulo
5214051;Mundo Novo;52;GO;Goiás;Centro-Oeste;0;-13.7729;-50.2814;9651;62;America/Sao_Paulo
5214101;Mutunópolis;52;GO;Goiás;Centro-Oeste;0;-13.7303;-49.2745;9479;62;America/Sao_Paulo
5214408;Nazário;52;GO;Goiás;Centro-Oeste;0;-16.5808;-49.8817;9485;64;America/Sao_Paulo
5214507;Nerópolis;52;GO;Goiás;Centro-Oeste;0;-16.4047;-49.2227;9487;62;America/Sao_Paulo
5214606;Niquelândia;52;GO;Goiás;Centro-Oeste;0;-14.4662;-48.4599;9489;62;America/Sao_Paulo
5214705;Nova América;52;GO;Goiás;Centro-Oeste;0;-15.0206;-49.8953;9491;62;America/Sao_Paulo
5214804;Nova Aurora;52;GO;Goiás;Centro-Oeste;0;-18.0597;-48.2552;9493;64;America/Sao_Paulo
5214838;Nova Crixás;52;GO;Goiás;Centro-Oeste;0;-14.0957;-50.33;9653;62;America/Sao_Paulo
5214861;Nova Glória;52;GO;Goiás;Centro-Oeste;0;-15.145;-49.5737;9655;62;America/Sao_Paulo
5214879;Nova Iguaçu de Goiás;52;GO;Goiás;Centro-Oeste;0;-14.2868;-49.3872;0087;62;America/Sao_Paulo
5214903;Nova Roma;52;GO;Goiás;Centro-Oeste;0;-13.7388;-46.8734;9495;62;America/Sao_Paulo
5215009;Nova Veneza;52;GO;Goiás;Centro-Oeste;0;-16.3695;-49.3168;9497;62;America/Sao_Paulo
5215207;Novo Brasil;52;GO;Goiás;Centro-Oeste;0;-16.0313;-50.7113;9501;62;America/Sao_Paulo
5215231;Novo Gama;52;GO;Goiás;Centro-Oeste;0;-16.0592;-48.0417;1058;61;America/Sao_Paulo
5215256;Novo Planalto;52;GO;Goiás;Centro-Oeste;0;-13.2424;-49.506;9735;62;America/Sao_Paulo
5215306;Orizona;52;GO;Goiás;Centro-Oeste;0;-17.0334;-48.2964;9503;64;America/Sao_Paulo
5215405;Ouro Verde de Goiás;52;GO;Goiás;Centro-Oeste;0;-16.2181;-49.1942;9505;62;America/Sao_Paulo
5215504;Ouvidor;52;GO;Goiás;Centro-Oeste;0;-18.2277;-47.8355;9507;64;America/Sao_Paulo
5215603;Padre Bernardo;52;GO;Goiás;Centro-Oeste;0;-15.1605;-48.2833;9509;61;America/Sao_Paulo
5215652;Palestina de Goiás;52;GO;Goiás;Centro-Oeste;0;-16.7392;-51.5309;9737;64;America/Sao_Paulo
5215702;Palmeiras de Goiás;52;GO;Goiás;Centro-Oeste;0;-16.8044;-49.924;9511;64;America/Sao_Paulo
5215801;Palmelo;52;GO;Goiás;Centro-Oeste;0;-17.3258;-48.426;9513;64;America/Sao_Paulo
5215900;Palminópolis;52;GO;Goiás;Centro-Oeste;0;-16.7924;-50.1652;9515;64;America/Sao_Paulo
5216007;Panamá;52;GO;Goiás;Centro-Oeste;0;-18.1783;-49.355;9517;64;America/Sao_Paulo
5216304;Paranaiguara;52;GO;Goiás;Centro-Oeste;0;-18.9141;-50.6539;9455;64;America/Sao_Paulo
5216403;Paraúna;52;GO;Goiás;Centro-Oeste;0;-16.9463;-50.4484;9523;64;America/Sao_Paulo
5216452;Perolândia;52;GO;Goiás;Centro-Oeste;0;-17.5258;-52.065;0075;64;America/Sao_Paulo
5216809;Petrolina de Goiás;52;GO;Goiás;Centro-Oeste;0;-16.0968;-49.3364;9531;62;America/Sao_Paulo
5216908;Pilar de Goiás;52;GO;Goiás;Centro-Oeste;0;-14.7608;-49.5784;9535;62;America/Sao_Paulo
5217104;Piracanjuba;52;GO;Goiás;Centro-Oeste;0;-17.302;-49.017;9539;64;America/Sao_Paulo
5217203;Piranhas;52;GO;Goiás;Centro-Oeste;0;-16.4258;-51.8235;9541;64;America/Sao_Paulo
5217302;Pirenópolis;52;GO;Goiás;Centro-Oeste;0;-15.8507;-48.9584;9543;62;America/Sao_Paulo
5217401;Pires do Rio;52;GO;Goiás;Centro-Oeste;0;-17.3019;-48.2768;9545;64;America/Sao_Paulo
5217609;Planaltina;52;GO;Goiás;Centro-Oeste;0;-15.452;-47.6089;9595;61;America/Sao_Paulo
5217708;Pontalina;52;GO;Goiás;Centro-Oeste;0;-17.5225;-49.4489;9549;64;America/Sao_Paulo
5218003;Porangatu;52;GO;Goiás;Centro-Oeste;0;-13.4391;-49.1503;9555;62;America/Sao_Paulo
5218052;Porteirão;52;GO;Goiás;Centro-Oeste;0;-17.8143;-50.1653;1060;64;America/Sao_Paulo
5218102;Portelândia;52;GO;Goiás;Centro-Oeste;0;-17.3554;-52.6799;9557;64;America/Sao_Paulo
5218300;Posse;52;GO;Goiás;Centro-Oeste;0;-14.0859;-46.3704;9561;62;America/Sao_Paulo
5218391;Professor Jamil;52;GO;Goiás;Centro-Oeste;0;-17.2497;-49.244;0051;64;America/Sao_Paulo
5218508;Quirinópolis;52;GO;Goiás;Centro-Oeste;0;-18.4472;-50.4547;9563;64;America/Sao_Paulo
5218607;Rialma;52;GO;Goiás;Centro-Oeste;0;-15.3145;-49.5814;9565;62;America/Sao_Paulo
5218706;Rianápolis;52;GO;Goiás;Centro-Oeste;0;-15.4456;-49.5114;9567;62;America/Sao_Paulo
5218789;Rio Quente;52;GO;Goiás;Centro-Oeste;0;-17.774;-48.7725;9995;64;America/Sao_Paulo
5218805;Rio Verde;52;GO;Goiás;Centro-Oeste;0;-17.7923;-50.9192;9571;64;America/Sao_Paulo
5218904;Rubiataba;52;GO;Goiás;Centro-Oeste;0;-15.1617;-49.8048;9573;62;America/Sao_Paulo
5219001;Sanclerlândia;52;GO;Goiás;Centro-Oeste;0;-16.197;-50.3124;9575;64;America/Sao_Paulo
5219100;Santa Bárbara de Goiás;52;GO;Goiás;Centro-Oeste;0;-16.5714;-49.6954;9577;62;America/Sao_Paulo
5219209;Santa Cruz de Goiás;52;GO;Goiás;Centro-Oeste;0;-17.3155;-48.4809;9579;64;America/Sao_Paulo
5219258;Santa Fé de Goiás;52;GO;Goiás;Centro-Oeste;0;-15.7664;-51.1037;9743;62;America/Sao_Paulo
5219308;Santa Helena de Goiás;52;GO;Goiás;Centro-Oeste;0;-17.8115;-50.5977;9581;64;America/Sao_Paulo
5219357;Santa Isabel;52;GO;Goiás;Centro-Oeste;0;-15.2958;-49.4259;9689;62;America/Sao_Paulo
5219407;Santa Rita do Araguaia;52;GO;Goiás;Centro-Oeste;0;-17.3269;-53.2012;9583;64;America/Sao_Paulo
5219456;Santa Rita do Novo Destino;52;GO;Goiás;Centro-Oeste;0;-15.1351;-49.1203;1062;62;America/Sao_Paulo
5219506;Santa Rosa de Goiás;52;GO;Goiás;Centro-Oeste;0;-16.084;-49.4953;9585;62;America/Sao_Paulo
5219605;Santa Tereza de Goiás;52;GO;Goiás;Centro-Oeste;0;-13.7138;-49.0144;9587;62;America/Sao_Paulo
5219704;Santa Terezinha de Goiás;52;GO;Goiás;Centro-Oeste;0;-14.4326;-49.7091;9589;62;America/Sao_Paulo
5219712;Santo Antônio da Barra;52;GO;Goiás;Centro-Oeste;0;-17.5585;-50.6345;0083;64;America/Sao_Paulo
5219738;Santo Antônio de Goiás;52;GO;Goiás;Centro-Oeste;0;-16.4815;-49.3096;0053;62;America/Sao_Paulo
5219753;Santo Antônio do Descoberto;52;GO;Goiás;Centro-Oeste;0;-15.9412;-48.2578;9677;61;America/Sao_Paulo
5219803;São Domingos;52;GO;Goiás;Centro-Oeste;0;-13.621;-46.7415;9591;62;America/Sao_Paulo
5219902;São Francisco de Goiás;52;GO;Goiás;Centro-Oeste;0;-15.9256;-49.2605;9593;62;America/Sao_Paulo
5220009;São João d'Aliança;52;GO;Goiás;Centro-Oeste;0;-14.7048;-47.5228;9597;62;America/Sao_Paulo
5220058;São João da Paraúna;52;GO;Goiás;Centro-Oeste;0;-16.8126;-50.4092;9747;64;America/Sao_Paulo
5220108;São Luís de Montes Belos;52;GO;Goiás;Centro-Oeste;0;-16.5211;-50.3726;9599;64;America/Sao_Paulo
5220157;São Luiz do Norte;52;GO;Goiás;Centro-Oeste;0;-14.8608;-49.3285;9749;62;America/Sao_Paulo
5220207;São Miguel do Araguaia;52;GO;Goiás;Centro-Oeste;0;-13.2731;-50.1634;9601;62;America/Sao_Paulo
5220264;São Miguel do Passa Quatro;52;GO;Goiás;Centro-Oeste;0;-17.0582;-48.662;9751;62;America/Sao_Paulo
5220280;São Patrício;52;GO;Goiás;Centro-Oeste;0;-15.35;-49.818;1064;62;America/Sao_Paulo
5220405;São Simão;52;GO;Goiás;Centro-Oeste;0;-18.996;-50.547;9605;64;America/Sao_Paulo
5220454;Senador Canedo;52;GO;Goiás;Centro-Oeste;0;-16.7084;-49.0914;9753;62;America/Sao_Paulo
5220504;Serranópolis;52;GO;Goiás;Centro-Oeste;0;-18.3067;-51.9586;9607;64;America/Sao_Paulo
5220603;Silvânia;52;GO;Goiás;Centro-Oeste;0;-16.66;-48.6083;9609;62;America/Sao_Paulo
5220686;Simolândia;52;GO;Goiás;Centro-Oeste;0;-14.4644;-46.4847;9755;62;America/Sao_Paulo
5220702;Sítio d'Abadia;52;GO;Goiás;Centro-Oeste;0;-14.7992;-46.2506;9611;62;America/Sao_Paulo
5221007;Taquaral de Goiás;52;GO;Goiás;Centro-Oeste;0;-16.0521;-49.6039;9617;62;America/Sao_Paulo
5221080;Teresina de Goiás;52;GO;Goiás;Centro-Oeste;0;-13.7801;-47.2659;9759;62;America/Sao_Paulo
5221197;Terezópolis de Goiás;52;GO;Goiás;Centro-Oeste;0;-16.3945;-49.0797;0057;62;America/Sao_Paulo
5221304;Três Ranchos;52;GO;Goiás;Centro-Oeste;0;-18.3539;-47.776;9623;64;America/Sao_Paulo
5221403;Trindade;52;GO;Goiás;Centro-Oeste;0;-16.6517;-49.4927;9625;62;America/Sao_Paulo
5221452;Trombas;52;GO;Goiás;Centro-Oeste;0;-13.5079;-48.7417;9761;62;America/Sao_Paulo
5221502;Turvânia;52;GO;Goiás;Centro-Oeste;0;-16.6125;-50.1369;9631;64;America/Sao_Paulo
5221551;Turvelândia;52;GO;Goiás;Centro-Oeste;0;-17.8502;-50.3024;9765;64;America/Sao_Paulo
5221577;Uirapuru;52;GO;Goiás;Centro-Oeste;0;-14.2835;-49.9201;0059;62;America/Sao_Paulo
5221601;Uruaçu;52;GO;Goiás;Centro-Oeste;0;-14.5238;-49.1396;9633;62;America/Sao_Paulo
5221700;Uruana;52;GO;Goiás;Centro-Oeste;0;-15.4993;-49.6861;9635;62;America/Sao_Paulo
5221809;Urutaí;52;GO;Goiás;Centro-Oeste;0;-17.4651;-48.2015;9637;64;America/Sao_Paulo
5221858;Valparaíso de Goiás;52;GO;Goiás;Centro-Oeste;0;-16.0651;-47.9757;1066;61;America/Sao_Paulo
5221908;Varjão;52;GO;Goiás;Centro-Oeste;0;-17.0471;-49.6312;9639;62;America/Sao_Paulo
5222005;Vianópolis;52;GO;Goiás;Centro-Oeste;0;-16.7405;-48.5159;9641;62;America/Sao_Paulo
5222054;Vicentinópolis;52;GO;Goiás;Centro-Oeste;0;-17.7322;-49.8047;9657;64;America/Sao_Paulo
5222203;Vila Boa;52;GO;Goiás;Centro-Oeste;0;-15.0387;-47.052;0067;61;America/Sao_Paulo
5222302;Vila Propício;52;GO;Goiás;Centro-Oeste;0;-15.4542;-48.8819;1068;62;America/Sao_Paulo
5300108;Brasília;53;DF;Distrito Federal;Centro-Oeste;1;-15.7795;-47.9297;9701;61;America/Sao_Paulo
